customer_id,region_name,registered_on,first_order_date,last_order_date,cohort_month,order_count,lifetime_value,avg_order_value,avg_days_between_orders,customer_segment
1,Midlands,2024-01-07,2024-06-26,2024-06-26,2024-06-01,1,5.75,5.75,,One-off
2,London,2023-11-02,2024-11-27,2024-11-27,2024-11-01,1,20.17,20.17,,One-off
3,Midlands,2024-02-12,2024-10-23,2025-03-02,2024-10-01,4,83.97,20.99,43.3,Occasional (2-4)
4,Yorkshire,2024-03-27,2025-07-04,2025-07-04,2025-07-01,1,26.70,26.70,,One-off
5,North West,2024-05-21,2024-08-30,2025-12-28,2024-08-01,3,66.26,22.09,242.5,Occasional (2-4)
6,North West,2023-09-17,2025-12-05,2025-12-05,2025-12-01,1,50.65,50.65,,One-off
7,South East,2025-01-07,2025-04-19,2025-12-12,2025-04-01,5,106.76,21.35,59.3,Loyal (5-12)
8,Scotland,2023-07-08,2024-06-16,2025-11-25,2024-06-01,2,37.65,18.83,258.0,Occasional (2-4)
9,London,2025-09-06,2025-12-08,2025-12-08,2025-12-01,1,16.50,16.50,,One-off
10,London,2025-07-12,2025-12-28,2025-12-31,2025-12-01,2,56.50,28.25,3.0,Occasional (2-4)
11,London,2025-03-07,2025-11-01,2025-11-01,2025-11-01,1,9.65,9.65,,One-off
12,Scotland,2024-06-19,2024-10-21,2025-08-22,2024-10-01,3,46.42,15.47,152.5,Occasional (2-4)
13,North West,2024-02-14,2024-05-02,2024-05-02,2024-05-01,1,21.00,21.00,,One-off
14,Midlands,2025-01-22,2025-04-27,2025-12-17,2025-04-01,4,94.49,23.62,78.0,Occasional (2-4)
15,North West,2023-07-31,2024-04-13,2025-01-26,2024-04-01,3,47.34,15.78,144.0,Occasional (2-4)
16,Midlands,2025-07-06,2025-12-21,2025-12-21,2025-12-01,1,15.33,15.33,,One-off
17,North West,2023-09-29,2024-01-05,2025-09-02,2024-01-01,7,127.67,18.24,101.0,Loyal (5-12)
18,Yorkshire,2024-03-25,2024-04-04,2025-12-22,2024-04-01,8,177.39,22.17,76.9,Loyal (5-12)
19,South East,2024-12-31,2025-01-06,2025-11-08,2025-01-01,12,281.91,23.49,27.8,Loyal (5-12)
20,London,2025-09-06,2025-10-13,2025-10-13,2025-10-01,1,6.55,6.55,,One-off
21,Midlands,2023-11-02,2024-01-12,2025-10-29,2024-01-01,8,157.18,19.65,93.7,Loyal (5-12)
22,London,2025-09-21,2025-10-30,2025-10-30,2025-10-01,1,28.57,28.57,,One-off
23,Yorkshire,2024-02-21,2025-11-09,2025-11-09,2025-11-01,1,6.70,6.70,,One-off
24,North West,2024-11-14,2024-12-30,2024-12-30,2024-12-01,1,14.33,14.33,,One-off
25,London,2024-05-16,2024-06-20,2025-12-31,2024-06-01,6,73.29,12.22,111.8,Loyal (5-12)
26,Scotland,2024-09-06,2024-10-09,2025-09-23,2024-10-01,2,47.92,23.96,67.0,Occasional (2-4)
27,South East,2023-07-28,2024-12-13,2024-12-13,2024-12-01,1,6.96,6.96,,One-off
28,Scotland,2025-08-24,2025-12-05,2025-12-05,2025-12-01,1,28.18,28.18,,One-off
29,North West,2023-11-12,2025-09-29,2025-09-29,2025-09-01,1,35.70,35.70,,One-off
30,Scotland,2024-06-13,2025-03-15,2025-03-15,2025-03-01,1,15.45,15.45,,One-off
31,Midlands,2023-07-10,2024-11-10,2025-12-22,2024-11-01,11,200.66,18.24,40.7,Loyal (5-12)
32,North West,2023-12-17,2024-02-12,2025-11-23,2024-02-01,10,218.39,21.84,72.2,Loyal (5-12)
33,London,2024-10-17,2024-10-31,2025-12-26,2024-10-01,14,270.89,19.35,32.4,Super-fan (13+)
34,Midlands,2024-07-19,2024-10-12,2025-10-22,2024-10-01,3,60.19,20.06,187.5,Occasional (2-4)
35,London,2024-03-02,2024-03-11,2025-12-04,2024-03-01,4,57.88,14.47,160.3,Occasional (2-4)
36,South East,2024-06-21,2024-10-08,2024-10-08,2024-10-01,1,19.24,19.24,,One-off
37,Yorkshire,2023-11-09,2024-04-20,2024-04-20,2024-04-01,1,15.85,15.85,,One-off
38,North West,2024-07-13,2024-08-02,2025-11-25,2024-08-01,2,18.38,9.19,423.0,Occasional (2-4)
39,Yorkshire,2025-03-02,2025-09-06,2025-11-18,2025-09-01,3,48.75,16.25,36.5,Occasional (2-4)
40,Scotland,2024-12-01,2025-08-14,2025-08-14,2025-08-01,1,29.65,29.65,,One-off
41,Yorkshire,2025-03-30,2025-08-25,2025-08-25,2025-08-01,1,6.75,6.75,,One-off
42,Yorkshire,2024-11-30,2025-02-25,2025-04-18,2025-02-01,2,54.45,27.23,52.0,Occasional (2-4)
43,North West,2025-07-16,2025-08-29,2025-12-13,2025-08-01,3,55.01,18.34,53.0,Occasional (2-4)
44,Midlands,2024-07-18,2024-10-09,2024-10-09,2024-10-01,1,15.20,15.20,,One-off
45,North West,2024-04-07,2024-09-27,2024-09-27,2024-09-01,1,4.90,4.90,,One-off
46,Midlands,2023-12-15,2024-10-21,2025-05-10,2024-10-01,2,33.16,16.58,201.0,Occasional (2-4)
47,Yorkshire,2025-04-07,2025-11-23,2025-11-23,2025-11-01,1,22.50,22.50,,One-off
48,North West,2024-09-04,2024-11-11,2025-10-30,2024-11-01,8,157.34,19.67,50.4,Loyal (5-12)
49,Scotland,2024-01-08,2024-07-24,2025-01-04,2024-07-01,2,40.73,20.37,164.0,Occasional (2-4)
50,London,2025-09-23,2025-12-17,2025-12-17,2025-12-01,1,23.35,23.35,,One-off
51,North West,2024-10-03,2025-05-06,2025-09-22,2025-05-01,2,22.10,11.05,139.0,Occasional (2-4)
52,Scotland,2025-09-15,2025-09-29,2025-09-29,2025-09-01,1,20.25,20.25,,One-off
53,Yorkshire,2023-09-01,2024-01-10,2024-01-10,2024-01-01,1,25.38,25.38,,One-off
54,Midlands,2023-09-10,2025-02-23,2025-02-23,2025-02-01,1,8.35,8.35,,One-off
55,South East,2024-08-20,2025-02-06,2025-08-07,2025-02-01,3,29.32,9.77,91.0,Occasional (2-4)
56,Scotland,2025-01-05,2025-09-06,2025-11-06,2025-09-01,2,33.75,16.88,61.0,Occasional (2-4)
57,Midlands,2025-01-10,2025-12-17,2025-12-17,2025-12-01,1,9.15,9.15,,One-off
58,Midlands,2024-12-24,2024-12-31,2024-12-31,2024-12-01,1,6.43,6.43,,One-off
59,Midlands,2024-06-25,2024-07-31,2025-09-22,2024-07-01,3,61.81,20.60,209.0,Occasional (2-4)
60,Yorkshire,2025-05-07,2025-07-01,2025-07-01,2025-07-01,1,38.00,38.00,,One-off
61,North West,2024-10-28,2025-05-12,2025-05-12,2025-05-01,1,9.45,9.45,,One-off
62,North West,2023-10-29,2024-01-16,2025-12-22,2024-01-01,11,235.99,21.45,70.6,Loyal (5-12)
63,North West,2025-07-04,2025-12-21,2025-12-21,2025-12-01,1,20.05,20.05,,One-off
64,Scotland,2024-04-10,2024-07-22,2025-01-11,2024-07-01,4,71.55,17.89,57.7,Occasional (2-4)
65,Yorkshire,2024-07-07,2024-08-24,2024-08-24,2024-08-01,1,14.31,14.31,,One-off
66,Yorkshire,2024-10-04,2024-12-01,2025-05-28,2024-12-01,2,56.91,28.46,178.0,Occasional (2-4)
67,North West,2025-02-20,2025-04-28,2025-09-22,2025-04-01,2,41.85,20.93,147.0,Occasional (2-4)
68,Yorkshire,2025-08-18,2025-10-04,2025-10-04,2025-10-01,1,24.70,24.70,,One-off
69,South East,2025-08-06,2025-11-30,2025-11-30,2025-11-01,1,32.55,32.55,,One-off
70,South East,2024-07-26,2024-09-13,2025-04-08,2024-09-01,2,27.95,13.98,207.0,Occasional (2-4)
71,Scotland,2023-07-15,2024-01-03,2024-01-03,2024-01-01,1,13.80,13.80,,One-off
72,South East,2024-07-12,2024-10-17,2025-10-10,2024-10-01,6,137.72,22.95,71.6,Loyal (5-12)
73,South East,2025-07-06,2025-08-11,2025-10-25,2025-08-01,7,142.08,20.30,12.5,Loyal (5-12)
74,North West,2025-06-26,2025-10-24,2025-10-24,2025-10-01,1,49.09,49.09,,One-off
75,London,2025-04-12,2025-06-22,2025-11-01,2025-06-01,4,81.32,20.33,44.0,Occasional (2-4)
76,North West,2024-10-04,2025-02-11,2025-02-11,2025-02-01,1,20.09,20.09,,One-off
77,Midlands,2023-06-27,2025-07-25,2025-07-25,2025-07-01,1,16.98,16.98,,One-off
78,London,2024-05-19,2024-06-16,2025-07-23,2024-06-01,5,88.84,17.77,100.5,Loyal (5-12)
79,London,2023-11-07,2024-08-06,2025-12-07,2024-08-01,2,37.55,18.78,488.0,Occasional (2-4)
80,North West,2023-09-10,2024-02-13,2025-12-24,2024-02-01,8,162.22,20.28,97.1,Loyal (5-12)
81,London,2025-03-03,2025-07-28,2025-12-26,2025-07-01,5,145.61,29.12,37.8,Loyal (5-12)
82,London,2024-08-12,2024-08-13,2025-10-03,2024-08-01,5,82.09,16.42,104.0,Loyal (5-12)
83,Yorkshire,2024-02-06,2025-09-14,2025-09-14,2025-09-01,1,12.80,12.80,,One-off
84,Scotland,2024-01-24,2024-12-18,2024-12-18,2024-12-01,1,13.88,13.88,,One-off
85,North West,2025-06-29,2025-08-06,2025-08-06,2025-08-01,1,4.94,4.94,,One-off
86,London,2025-07-23,2025-09-19,2025-12-20,2025-09-01,4,84.30,21.08,30.7,Occasional (2-4)
87,Scotland,2023-06-12,2024-07-15,2024-07-15,2024-07-01,1,9.90,9.90,,One-off
88,Scotland,2024-08-30,2024-11-02,2024-11-02,2024-11-01,1,16.82,16.82,,One-off
89,South East,2023-06-11,2024-07-30,2024-11-27,2024-07-01,2,39.01,19.51,120.0,Occasional (2-4)
90,London,2024-08-15,2025-02-22,2025-02-22,2025-02-01,1,35.25,35.25,,One-off
91,South East,2023-07-02,2024-03-07,2024-03-07,2024-03-01,1,7.81,7.81,,One-off
92,London,2024-04-16,2024-12-20,2025-12-07,2024-12-01,2,21.23,10.62,352.0,Occasional (2-4)
93,South East,2023-06-29,2024-10-09,2024-10-09,2024-10-01,1,9.37,9.37,,One-off
94,North West,2024-12-11,2025-06-11,2025-11-17,2025-06-01,2,39.15,19.58,159.0,Occasional (2-4)
95,London,2023-09-29,2024-06-16,2025-12-22,2024-06-01,11,207.44,18.86,55.4,Loyal (5-12)
96,Yorkshire,2023-09-20,2024-10-21,2025-12-10,2024-10-01,2,49.27,24.64,415.0,Occasional (2-4)
97,London,2023-11-01,2024-10-19,2024-10-19,2024-10-01,1,17.87,17.87,,One-off
98,London,2024-05-29,2024-06-07,2025-10-19,2024-06-01,7,125.84,17.98,83.2,Loyal (5-12)
99,North West,2023-12-12,2025-03-23,2025-03-23,2025-03-01,1,22.56,22.56,,One-off
100,South East,2023-07-21,2025-08-20,2025-08-20,2025-08-01,1,14.08,14.08,,One-off
101,Scotland,2023-11-02,2025-02-10,2025-02-10,2025-02-01,1,19.70,19.70,,One-off
102,Yorkshire,2025-07-24,2025-12-16,2025-12-16,2025-12-01,1,20.26,20.26,,One-off
103,South East,2023-10-01,2024-01-13,2025-12-31,2024-01-01,2,30.58,15.29,718.0,Occasional (2-4)
104,North West,2024-09-21,2025-01-17,2025-12-02,2025-01-01,5,78.53,15.71,79.8,Loyal (5-12)
105,London,2025-06-28,2025-12-01,2025-12-01,2025-12-01,1,21.41,21.41,,One-off
106,Midlands,2023-10-29,2024-04-15,2025-12-10,2024-04-01,22,432.76,19.67,28.8,Super-fan (13+)
107,Yorkshire,2024-07-10,2024-10-25,2025-06-04,2024-10-01,2,26.45,13.23,222.0,Occasional (2-4)
108,Yorkshire,2023-06-25,2024-12-07,2025-07-30,2024-12-01,2,59.74,29.87,235.0,Occasional (2-4)
109,North West,2025-04-11,2025-10-08,2025-12-27,2025-10-01,4,68.25,17.06,26.7,Occasional (2-4)
110,Scotland,2025-01-05,2025-02-16,2025-12-01,2025-02-01,8,176.52,22.07,41.1,Loyal (5-12)
111,North West,2024-09-22,2024-10-03,2025-12-13,2024-10-01,4,82.78,20.70,145.3,Occasional (2-4)
112,London,2024-06-19,2024-11-07,2024-11-07,2024-11-01,1,10.81,10.81,,One-off
113,London,2024-12-01,2024-12-06,2025-12-11,2024-12-01,5,83.39,16.68,80.3,Loyal (5-12)
114,London,2023-10-24,2024-04-19,2025-06-07,2024-04-01,3,53.21,17.74,207.0,Occasional (2-4)
115,London,2025-05-19,2025-06-08,2025-06-08,2025-06-01,1,12.10,12.10,,One-off
116,London,2025-05-25,2025-11-11,2025-11-11,2025-11-01,1,9.95,9.95,,One-off
117,Scotland,2025-01-26,2025-04-06,2025-07-30,2025-04-01,2,43.97,21.99,115.0,Occasional (2-4)
118,Midlands,2025-04-30,2025-06-24,2025-06-24,2025-06-01,1,12.45,12.45,,One-off
119,London,2024-01-06,2025-11-11,2025-12-19,2025-11-01,2,57.56,28.78,38.0,Occasional (2-4)
120,Midlands,2023-11-27,2024-03-19,2024-03-19,2024-03-01,1,14.67,14.67,,One-off
121,Midlands,2024-04-10,2024-04-20,2025-12-02,2024-04-01,8,122.22,15.28,84.4,Loyal (5-12)
122,North West,2025-03-01,2025-05-10,2025-12-31,2025-05-01,4,70.66,17.67,78.3,Occasional (2-4)
123,London,2024-08-17,2024-12-05,2024-12-05,2024-12-01,1,18.48,18.48,,One-off
124,North West,2023-09-06,2024-01-02,2025-12-10,2024-01-01,28,447.64,15.99,23.9,Super-fan (13+)
125,Midlands,2024-03-29,2024-04-24,2025-12-28,2024-04-01,8,136.29,17.04,82.1,Loyal (5-12)
126,Midlands,2023-08-09,2025-01-29,2025-01-29,2025-01-01,1,21.00,21.00,,One-off
127,South East,2025-08-28,2025-10-05,2025-10-05,2025-10-01,1,34.30,34.30,,One-off
128,South East,2023-09-23,2024-01-30,2025-09-17,2024-01-01,4,72.34,18.09,198.7,Occasional (2-4)
129,South East,2024-10-31,2025-12-18,2025-12-18,2025-12-01,1,8.98,8.98,,One-off
130,Midlands,2024-11-04,2025-11-28,2025-12-05,2025-11-01,2,52.65,26.33,7.0,Occasional (2-4)
131,North West,2025-02-02,2025-11-05,2025-11-05,2025-11-01,1,27.50,27.50,,One-off
132,South East,2024-11-18,2025-03-15,2025-12-02,2025-03-01,4,82.55,20.64,87.3,Occasional (2-4)
133,Yorkshire,2023-10-17,2024-07-02,2025-04-19,2024-07-01,2,33.46,16.73,291.0,Occasional (2-4)
134,North West,2024-06-15,2024-08-03,2025-12-28,2024-08-01,8,242.35,30.29,60.7,Loyal (5-12)
135,South East,2024-12-07,2025-05-14,2025-05-14,2025-05-01,1,45.50,45.50,,One-off
136,London,2023-09-29,2024-10-30,2024-10-30,2024-10-01,1,22.77,22.77,,One-off
137,Scotland,2024-11-25,2025-08-11,2025-11-11,2025-08-01,2,64.47,32.24,92.0,Occasional (2-4)
138,South East,2024-10-08,2024-10-16,2025-08-30,2024-10-01,3,47.45,15.82,123.0,Occasional (2-4)
139,Midlands,2023-08-10,2025-10-19,2025-10-19,2025-10-01,1,16.59,16.59,,One-off
140,Scotland,2024-09-17,2024-11-24,2024-11-24,2024-11-01,1,14.56,14.56,,One-off
141,Midlands,2025-06-05,2025-09-24,2025-09-24,2025-09-01,1,6.35,6.35,,One-off
142,North West,2025-08-22,2025-08-22,2025-08-22,2025-08-01,1,46.25,46.25,,One-off
144,North West,2024-03-24,2024-04-11,2025-04-21,2024-04-01,4,72.87,18.22,125.0,Occasional (2-4)
145,North West,2024-09-26,2025-02-03,2025-04-07,2025-02-01,3,55.27,18.42,31.5,Occasional (2-4)
146,Yorkshire,2025-07-07,2025-12-24,2025-12-24,2025-12-01,1,10.46,10.46,,One-off
147,London,2024-06-05,2024-11-07,2025-12-29,2024-11-01,6,75.97,12.66,83.4,Loyal (5-12)
148,South East,2024-06-12,2024-12-29,2024-12-29,2024-12-01,1,9.76,9.76,,One-off
149,Yorkshire,2025-09-25,2025-12-30,2025-12-30,2025-12-01,1,23.15,23.15,,One-off
150,South East,2025-06-23,2025-09-12,2025-10-22,2025-09-01,3,28.46,9.49,20.0,Occasional (2-4)
151,North West,2023-11-23,2024-12-29,2025-06-04,2024-12-01,2,37.33,18.67,157.0,Occasional (2-4)
152,Yorkshire,2025-05-24,2025-10-22,2025-10-22,2025-10-01,1,24.90,24.90,,One-off
153,Scotland,2024-02-22,2024-11-05,2025-03-31,2024-11-01,4,66.19,16.55,48.7,Occasional (2-4)
154,South East,2025-04-22,2025-10-23,2025-10-23,2025-10-01,1,15.33,15.33,,One-off
155,London,2024-05-17,2025-07-20,2025-07-20,2025-07-01,1,20.40,20.40,,One-off
156,London,2024-02-11,2024-05-16,2025-07-29,2024-05-01,10,239.03,23.90,48.8,Loyal (5-12)
157,South East,2023-08-05,2024-05-03,2025-02-10,2024-05-01,2,39.23,19.62,283.0,Occasional (2-4)
158,London,2023-11-10,2024-12-05,2024-12-05,2024-12-01,1,33.17,33.17,,One-off
159,South East,2024-01-16,2024-12-03,2025-12-20,2024-12-01,4,74.36,18.59,127.3,Occasional (2-4)
161,North West,2024-06-07,2024-06-16,2025-11-10,2024-06-01,6,133.07,22.18,92.4,Loyal (5-12)
162,Yorkshire,2024-06-30,2024-08-17,2025-01-19,2024-08-01,3,73.83,24.61,77.5,Occasional (2-4)
163,Midlands,2024-06-03,2024-11-07,2025-08-17,2024-11-01,6,133.58,22.26,56.6,Loyal (5-12)
164,London,2025-09-15,2025-09-22,2025-09-22,2025-09-01,1,56.80,56.80,,One-off
165,Scotland,2023-08-19,2025-11-26,2025-11-26,2025-11-01,1,30.65,30.65,,One-off
166,Midlands,2024-09-06,2024-10-20,2025-12-20,2024-10-01,3,34.90,11.63,213.0,Occasional (2-4)
167,London,2024-03-06,2024-08-04,2025-01-30,2024-08-01,2,13.21,6.61,179.0,Occasional (2-4)
168,Midlands,2024-08-22,2024-09-10,2024-09-10,2024-09-01,1,21.76,21.76,,One-off
169,South East,2023-06-12,2024-05-11,2024-05-11,2024-05-01,1,11.20,11.20,,One-off
170,South East,2024-06-09,2025-02-08,2025-02-08,2025-02-01,1,13.15,13.15,,One-off
171,Scotland,2023-06-03,2025-10-13,2025-10-13,2025-10-01,1,29.55,29.55,,One-off
172,South East,2024-11-07,2025-10-30,2025-10-30,2025-10-01,1,10.79,10.79,,One-off
173,Midlands,2024-02-01,2025-06-12,2025-06-12,2025-06-01,1,17.70,17.70,,One-off
174,Midlands,2024-08-09,2024-09-13,2024-09-13,2024-09-01,1,6.18,6.18,,One-off
175,South East,2025-05-08,2025-05-19,2025-05-19,2025-05-01,1,25.15,25.15,,One-off
176,South East,2023-08-15,2024-05-15,2025-10-27,2024-05-01,4,56.33,14.08,176.7,Occasional (2-4)
177,South East,2024-04-24,2025-01-15,2025-09-23,2025-01-01,2,45.90,22.95,146.5,Occasional (2-4)
178,North West,2025-01-01,2025-05-21,2025-05-21,2025-05-01,1,9.20,9.20,,One-off
179,Yorkshire,2024-05-04,2024-05-14,2025-08-28,2024-05-01,6,151.57,25.26,70.8,Loyal (5-12)
180,Scotland,2023-12-10,2024-04-04,2025-12-27,2024-04-01,10,197.27,19.73,70.2,Loyal (5-12)
181,North West,2024-09-28,2024-10-25,2024-10-25,2024-10-01,1,9.85,9.85,,One-off
182,North West,2025-07-03,2025-12-13,2025-12-13,2025-12-01,1,26.15,26.15,,One-off
183,South East,2024-07-12,2025-02-03,2025-02-03,2025-02-01,1,29.22,29.22,,One-off
184,Midlands,2024-12-18,2025-07-06,2025-11-22,2025-07-01,2,56.56,28.28,139.0,Occasional (2-4)
185,South East,2025-07-19,2025-11-28,2025-11-28,2025-11-01,1,14.55,14.55,,One-off
186,Scotland,2025-01-19,2025-04-26,2025-09-21,2025-04-01,2,36.04,18.02,148.0,Occasional (2-4)
187,Midlands,2024-07-10,2024-08-25,2025-12-28,2024-08-01,18,395.17,21.95,28.1,Super-fan (13+)
188,Yorkshire,2025-09-18,2025-09-23,2025-09-23,2025-09-01,1,9.55,9.55,,One-off
189,South East,2024-02-01,2024-11-22,2024-11-22,2024-11-01,1,8.00,8.00,,One-off
190,Scotland,2024-12-13,2025-01-08,2025-10-04,2025-01-01,2,42.65,21.33,269.0,Occasional (2-4)
191,London,2025-01-29,2025-02-18,2025-11-23,2025-02-01,7,86.80,12.40,46.3,Loyal (5-12)
192,Yorkshire,2024-12-05,2025-12-19,2025-12-19,2025-12-01,1,6.76,6.76,,One-off
193,North West,2023-06-05,2025-12-27,2025-12-27,2025-12-01,1,33.20,33.20,,One-off
194,North West,2023-10-31,2025-08-31,2025-08-31,2025-08-01,1,26.05,26.05,,One-off
195,Scotland,2024-08-05,2025-01-10,2025-11-24,2025-01-01,5,75.45,15.09,79.5,Loyal (5-12)
196,London,2023-06-19,2025-04-02,2025-04-02,2025-04-01,1,32.20,32.20,,One-off
197,London,2023-12-20,2024-08-10,2024-08-10,2024-08-01,1,6.80,6.80,,One-off
198,North West,2025-09-17,2025-11-08,2025-11-08,2025-11-01,1,30.95,30.95,,One-off
199,London,2024-12-13,2025-03-20,2025-07-24,2025-03-01,3,47.92,15.97,63.0,Occasional (2-4)
200,London,2024-12-14,2025-02-09,2025-11-15,2025-02-01,6,94.68,15.78,55.8,Loyal (5-12)
201,Yorkshire,2023-08-19,2024-07-31,2025-12-13,2024-07-01,4,79.56,19.89,166.7,Occasional (2-4)
202,London,2024-11-02,2025-08-13,2025-08-13,2025-08-01,1,25.40,25.40,,One-off
203,North West,2023-11-20,2024-02-19,2025-08-06,2024-02-01,4,46.77,11.69,178.0,Occasional (2-4)
204,South East,2025-09-23,2025-09-25,2025-12-18,2025-09-01,4,99.97,24.99,28.0,Occasional (2-4)
205,Midlands,2024-04-24,2024-06-01,2025-12-10,2024-06-01,8,176.82,22.10,79.6,Loyal (5-12)
206,Midlands,2024-11-09,2024-11-29,2025-11-06,2024-11-01,5,109.80,21.96,85.5,Loyal (5-12)
207,North West,2025-05-11,2025-12-20,2025-12-20,2025-12-01,1,22.71,22.71,,One-off
208,Yorkshire,2025-03-07,2025-11-16,2025-11-16,2025-11-01,1,14.95,14.95,,One-off
209,London,2023-11-29,2024-02-19,2025-12-22,2024-02-01,12,202.71,16.89,61.1,Loyal (5-12)
210,Scotland,2023-06-05,2024-08-07,2025-11-30,2024-08-01,4,65.76,16.44,160.0,Occasional (2-4)
211,North West,2025-06-24,2025-11-27,2025-11-27,2025-11-01,1,10.20,10.20,,One-off
212,Scotland,2023-12-08,2024-02-03,2025-11-04,2024-02-01,4,83.15,20.79,213.3,Occasional (2-4)
213,London,2024-09-17,2024-10-23,2025-06-25,2024-10-01,6,134.36,22.39,49.0,Loyal (5-12)
214,London,2024-07-02,2024-12-04,2024-12-04,2024-12-01,1,17.29,17.29,,One-off
215,London,2025-09-30,2025-12-22,2025-12-22,2025-12-01,1,9.15,9.15,,One-off
216,South East,2025-01-25,2025-02-15,2025-02-15,2025-02-01,1,15.40,15.40,,One-off
217,North West,2024-04-26,2024-08-02,2025-04-17,2024-08-01,2,24.28,12.14,258.0,Occasional (2-4)
218,London,2024-05-10,2024-10-23,2025-03-06,2024-10-01,2,52.06,26.03,134.0,Occasional (2-4)
219,Midlands,2024-09-14,2025-12-24,2025-12-24,2025-12-01,1,52.45,52.45,,One-off
220,Scotland,2024-01-11,2025-03-11,2025-03-11,2025-03-01,1,19.55,19.55,,One-off
221,London,2024-01-24,2025-02-23,2025-12-28,2025-02-01,2,28.80,14.40,308.0,Occasional (2-4)
222,London,2024-07-19,2025-05-06,2025-05-06,2025-05-01,1,17.45,17.45,,One-off
223,Scotland,2023-08-05,2024-09-24,2024-09-24,2024-09-01,1,25.85,25.85,,One-off
224,South East,2025-05-13,2025-06-08,2025-11-20,2025-06-01,7,116.23,16.60,24.3,Loyal (5-12)
225,South East,2025-07-22,2025-08-07,2025-08-07,2025-08-01,1,14.50,14.50,,One-off
226,South East,2024-03-08,2024-08-14,2025-08-12,2024-08-01,4,78.67,19.67,121.0,Occasional (2-4)
227,Midlands,2023-11-13,2024-06-03,2024-12-18,2024-06-01,3,25.62,8.54,99.0,Occasional (2-4)
228,London,2025-02-01,2025-03-19,2025-03-19,2025-03-01,1,26.33,26.33,,One-off
229,North West,2023-07-10,2025-01-03,2025-01-03,2025-01-01,1,18.25,18.25,,One-off
230,South East,2024-08-03,2024-08-08,2025-04-07,2024-08-01,2,27.43,13.72,242.0,Occasional (2-4)
231,South East,2024-10-10,2024-12-29,2025-12-24,2024-12-01,10,187.49,18.75,40.0,Loyal (5-12)
232,London,2024-09-25,2025-12-29,2025-12-29,2025-12-01,1,7.90,7.90,,One-off
233,London,2024-05-19,2025-06-08,2025-06-08,2025-06-01,1,15.05,15.05,,One-off
234,Midlands,2023-10-22,2024-11-14,2025-10-23,2024-11-01,3,27.86,9.29,171.5,Occasional (2-4)
235,South East,2023-07-14,2024-06-19,2025-12-20,2024-06-01,2,52.54,26.27,549.0,Occasional (2-4)
236,South East,2024-04-03,2024-05-31,2025-12-22,2024-05-01,10,207.64,20.76,54.0,Loyal (5-12)
237,South East,2024-10-02,2025-12-28,2025-12-28,2025-12-01,1,15.65,15.65,,One-off
238,Scotland,2023-06-14,2025-03-05,2025-03-05,2025-03-01,1,9.05,9.05,,One-off
239,South East,2023-11-10,2024-10-27,2024-10-27,2024-10-01,1,25.37,25.37,,One-off
240,Yorkshire,2023-10-31,2025-02-03,2025-02-03,2025-02-01,1,15.20,15.20,,One-off
241,London,2023-07-03,2024-02-27,2025-12-10,2024-02-01,8,144.69,18.09,93.1,Loyal (5-12)
242,Scotland,2024-08-01,2025-11-01,2025-11-01,2025-11-01,1,36.90,36.90,,One-off
243,London,2025-08-23,2025-11-10,2025-11-10,2025-11-01,1,41.45,41.45,,One-off
244,Midlands,2024-02-05,2025-01-18,2025-01-18,2025-01-01,1,7.55,7.55,,One-off
245,Yorkshire,2024-11-19,2025-10-20,2025-10-20,2025-10-01,1,21.45,21.45,198.0,One-off
246,North West,2025-03-01,2025-11-16,2025-11-16,2025-11-01,1,8.70,8.70,,One-off
247,South East,2025-02-08,2025-04-25,2025-11-27,2025-04-01,3,37.85,12.62,54.5,Occasional (2-4)
248,London,2025-06-21,2025-09-14,2025-09-14,2025-09-01,1,11.85,11.85,,One-off
249,London,2025-09-03,2025-11-24,2025-11-24,2025-11-01,1,18.90,18.90,,One-off
250,South East,2024-05-10,2024-05-16,2025-10-14,2024-05-01,8,141.56,17.70,73.7,Loyal (5-12)
251,Midlands,2024-09-29,2025-05-07,2025-05-07,2025-05-01,1,9.35,9.35,,One-off
252,North West,2025-07-02,2025-09-13,2025-09-13,2025-09-01,1,35.02,35.02,,One-off
253,Yorkshire,2024-02-05,2024-02-08,2024-02-08,2024-02-01,1,30.37,30.37,,One-off
254,South East,2025-02-12,2025-04-08,2025-04-08,2025-04-01,1,31.54,31.54,,One-off
255,Midlands,2024-03-04,2024-09-08,2025-12-02,2024-09-01,7,135.57,19.37,75.0,Loyal (5-12)
256,Scotland,2025-01-12,2025-04-28,2025-11-10,2025-04-01,2,28.20,14.10,196.0,Occasional (2-4)
257,Midlands,2023-08-29,2024-10-09,2024-10-09,2024-10-01,1,18.65,18.65,,One-off
258,South East,2025-01-08,2025-05-24,2025-11-08,2025-05-01,4,79.75,19.94,56.0,Occasional (2-4)
259,Scotland,2023-09-24,2024-06-14,2024-06-14,2024-06-01,1,45.33,45.33,,One-off
260,South East,2023-06-20,2024-04-21,2025-12-06,2024-04-01,15,229.57,15.30,42.4,Super-fan (13+)
261,South East,2025-06-16,2025-09-03,2025-10-10,2025-09-01,3,63.22,21.07,18.5,Occasional (2-4)
262,Midlands,2023-09-20,2024-06-19,2025-11-09,2024-06-01,3,67.50,22.50,209.0,Occasional (2-4)
263,North West,2024-06-05,2024-07-08,2025-12-17,2024-07-01,5,81.11,16.22,131.8,Loyal (5-12)
264,Midlands,2025-08-30,2025-11-13,2025-11-13,2025-11-01,1,9.15,9.15,,One-off
265,South East,2025-08-03,2025-10-21,2025-10-21,2025-10-01,1,6.11,6.11,,One-off
266,Yorkshire,2025-08-25,2025-12-02,2025-12-02,2025-12-01,1,20.33,20.33,,One-off
267,Midlands,2024-10-21,2025-03-01,2025-07-14,2025-03-01,2,48.55,24.28,135.0,Occasional (2-4)
268,Yorkshire,2025-01-16,2025-04-13,2025-04-13,2025-04-01,1,16.70,16.70,,One-off
269,London,2023-07-24,2024-01-02,2025-12-21,2024-01-01,6,148.34,24.72,143.8,Loyal (5-12)
270,Midlands,2025-05-06,2025-05-14,2025-05-14,2025-05-01,1,9.65,9.65,,One-off
271,South East,2023-07-06,2024-09-24,2024-09-24,2024-09-01,1,6.43,6.43,,One-off
272,South East,2024-11-01,2024-12-30,2025-06-15,2024-12-01,4,61.82,15.46,55.7,Occasional (2-4)
273,North West,2023-11-11,2025-10-14,2025-10-14,2025-10-01,1,12.45,12.45,,One-off
274,Midlands,2025-06-13,2025-06-25,2025-11-10,2025-06-01,2,49.35,24.68,138.0,Occasional (2-4)
275,London,2025-04-12,2025-11-12,2025-11-12,2025-11-01,1,25.00,25.00,,One-off
276,Scotland,2024-10-10,2024-10-20,2024-10-20,2024-10-01,1,11.49,11.49,,One-off
277,North West,2024-07-28,2024-11-30,2025-12-11,2024-11-01,2,95.53,47.77,376.0,Occasional (2-4)
278,Scotland,2025-02-06,2025-11-16,2025-11-16,2025-11-01,1,63.30,63.30,,One-off
279,Scotland,2024-01-01,2024-01-03,2025-12-25,2024-01-01,18,342.40,19.02,42.5,Super-fan (13+)
280,Midlands,2024-06-07,2025-04-06,2025-09-29,2025-04-01,3,71.91,23.97,88.0,Occasional (2-4)
281,Yorkshire,2024-07-04,2025-02-15,2025-02-15,2025-02-01,1,6.55,6.55,,One-off
282,North West,2025-08-25,2025-11-11,2025-11-11,2025-11-01,1,7.05,7.05,,One-off
283,South East,2025-06-22,2025-08-11,2025-12-10,2025-08-01,3,42.26,14.09,60.5,Occasional (2-4)
284,Midlands,2023-06-26,2024-06-24,2024-06-24,2024-06-01,1,6.71,6.71,,One-off
285,Midlands,2024-05-08,2025-11-15,2025-11-15,2025-11-01,1,31.25,31.25,,One-off
286,Midlands,2024-04-25,2025-05-02,2025-05-02,2025-05-01,1,19.95,19.95,,One-off
287,London,2024-07-26,2025-04-21,2025-04-21,2025-04-01,1,6.55,6.55,,One-off
288,London,2024-02-11,2024-12-27,2025-07-06,2024-12-01,3,72.45,24.15,95.5,Occasional (2-4)
289,South East,2024-11-27,2024-12-09,2025-10-15,2024-12-01,4,76.06,19.02,103.3,Occasional (2-4)
290,Scotland,2023-09-15,2024-03-13,2024-11-26,2024-03-01,2,29.86,14.93,258.0,Occasional (2-4)
291,London,2025-03-26,2025-12-08,2025-12-08,2025-12-01,1,22.30,22.30,,One-off
292,Yorkshire,2025-06-17,2025-11-16,2025-11-16,2025-11-01,1,62.85,62.85,,One-off
293,Yorkshire,2023-12-31,2024-08-17,2025-03-22,2024-08-01,3,76.50,25.50,108.5,Occasional (2-4)
294,North West,2024-12-28,2025-10-19,2025-10-19,2025-10-01,1,12.63,12.63,,One-off
295,South East,2023-09-10,2024-01-06,2025-12-04,2024-01-01,12,219.97,18.33,63.5,Loyal (5-12)
296,Midlands,2024-12-21,2025-06-04,2025-10-09,2025-06-01,2,45.15,22.58,127.0,Occasional (2-4)
297,Midlands,2024-12-25,2025-01-10,2025-06-22,2025-01-01,5,94.27,18.85,35.5,Loyal (5-12)
298,North West,2023-10-14,2024-01-06,2025-06-01,2024-01-01,4,61.51,15.38,170.7,Occasional (2-4)
299,London,2025-03-23,2025-05-10,2025-05-10,2025-05-01,1,15.45,15.45,,One-off
300,Yorkshire,2024-04-13,2024-05-26,2024-11-13,2024-05-01,2,39.96,19.98,171.0,Occasional (2-4)
301,South East,2024-10-15,2025-04-28,2025-04-28,2025-04-01,1,16.95,16.95,,One-off
302,London,2024-01-30,2025-04-10,2025-04-10,2025-04-01,1,6.67,6.67,,One-off
303,London,2025-07-30,2025-11-23,2025-11-23,2025-11-01,1,37.55,37.55,62.0,One-off
304,Scotland,2025-02-15,2025-07-20,2025-07-20,2025-07-01,1,9.80,9.80,,One-off
305,North West,2023-08-04,2024-05-09,2024-05-09,2024-05-01,1,41.09,41.09,,One-off
306,Scotland,2024-10-29,2024-11-20,2025-07-07,2024-11-01,6,117.33,19.56,45.8,Loyal (5-12)
307,Midlands,2025-02-20,2025-06-07,2025-06-07,2025-06-01,1,27.20,27.20,,One-off
308,South East,2024-04-02,2024-12-20,2024-12-20,2024-12-01,1,17.04,17.04,,One-off
309,South East,2024-06-07,2024-09-13,2024-09-13,2024-09-01,1,12.88,12.88,,One-off
310,London,2024-07-25,2024-08-05,2025-11-08,2024-08-01,2,31.45,15.73,460.0,Occasional (2-4)
311,North West,2024-03-14,2024-03-29,2025-01-17,2024-03-01,4,42.45,10.61,98.0,Occasional (2-4)
312,North West,2023-07-16,2025-06-27,2025-06-27,2025-06-01,1,6.55,6.55,,One-off
313,South East,2023-11-15,2024-09-30,2025-10-02,2024-09-01,2,42.72,21.36,367.0,Occasional (2-4)
314,South East,2024-05-06,2025-12-16,2025-12-16,2025-12-01,1,18.65,18.65,,One-off
315,London,2024-05-30,2024-10-16,2024-10-16,2024-10-01,1,20.68,20.68,,One-off
316,Yorkshire,2024-11-06,2024-11-24,2025-11-21,2024-11-01,3,48.55,16.18,181.0,Occasional (2-4)
317,South East,2024-07-13,2025-11-15,2025-11-15,2025-11-01,1,30.45,30.45,,One-off
318,London,2025-05-21,2025-07-07,2025-12-04,2025-07-01,2,17.95,8.98,150.0,Occasional (2-4)
319,Midlands,2024-01-19,2024-02-19,2025-05-16,2024-02-01,3,48.85,16.28,226.0,Occasional (2-4)
320,South East,2025-06-04,2025-09-28,2025-09-28,2025-09-01,1,14.45,14.45,,One-off
321,London,2025-06-16,2025-12-07,2025-12-24,2025-12-01,2,28.55,14.28,17.0,Occasional (2-4)
322,South East,2024-09-14,2025-03-09,2025-06-26,2025-03-01,2,74.81,37.41,55.0,Occasional (2-4)
323,London,2024-10-24,2024-12-15,2025-07-11,2024-12-01,2,21.74,10.87,208.0,Occasional (2-4)
324,South East,2025-08-31,2025-12-20,2025-12-20,2025-12-01,1,54.23,54.23,,One-off
325,Yorkshire,2025-08-28,2025-09-19,2025-09-19,2025-09-01,1,19.15,19.15,,One-off
326,North West,2024-09-21,2024-12-16,2024-12-16,2024-12-01,1,36.53,36.53,,One-off
327,London,2023-10-21,2024-01-16,2025-12-21,2024-01-01,11,173.72,15.79,70.5,Loyal (5-12)
328,Midlands,2025-08-08,2025-11-22,2025-12-30,2025-11-01,2,29.65,14.83,38.0,Occasional (2-4)
329,London,2024-11-10,2024-12-04,2024-12-04,2024-12-01,1,16.68,16.68,,One-off
330,Yorkshire,2024-11-22,2025-11-09,2025-11-09,2025-11-01,1,4.95,4.95,30.0,One-off
331,South East,2024-03-03,2024-06-05,2025-04-03,2024-06-01,4,43.85,10.96,100.7,Occasional (2-4)
332,North West,2024-03-30,2024-04-12,2025-10-07,2024-04-01,4,104.37,26.09,181.0,Occasional (2-4)
333,Scotland,2024-01-02,2024-03-30,2025-10-24,2024-03-01,15,314.02,20.93,40.1,Super-fan (13+)
334,South East,2023-08-17,2024-06-01,2025-12-15,2024-06-01,16,281.01,17.56,37.5,Super-fan (13+)
335,London,2023-07-26,2024-02-26,2025-12-17,2024-02-01,4,68.13,17.03,220.0,Occasional (2-4)
336,Midlands,2024-08-18,2024-09-14,2025-05-30,2024-09-01,3,58.71,19.57,129.0,Occasional (2-4)
337,Scotland,2025-06-21,2025-06-22,2025-06-22,2025-06-01,1,11.75,11.75,,One-off
338,London,2023-08-16,2024-07-14,2024-07-14,2024-07-01,1,8.00,8.00,,One-off
339,Midlands,2025-05-06,2025-12-04,2025-12-04,2025-12-01,1,16.93,16.93,,One-off
340,South East,2024-02-11,2024-07-07,2025-12-15,2024-07-01,5,71.92,14.38,131.5,Loyal (5-12)
341,London,2023-10-02,2024-04-27,2025-11-19,2024-04-01,4,122.55,30.64,190.3,Occasional (2-4)
342,North West,2024-07-08,2024-07-08,2025-12-25,2024-07-01,17,405.19,23.83,33.4,Super-fan (13+)
343,London,2024-11-14,2024-12-04,2025-07-20,2024-12-01,2,47.35,23.68,228.0,Occasional (2-4)
344,Yorkshire,2025-06-02,2025-10-14,2025-10-14,2025-10-01,1,13.25,13.25,,One-off
345,Midlands,2023-08-03,2024-11-26,2025-12-18,2024-11-01,4,85.29,21.32,129.0,Occasional (2-4)
346,Yorkshire,2023-06-30,2024-08-05,2025-12-29,2024-08-01,4,58.12,14.53,170.3,Occasional (2-4)
347,London,2023-12-18,2025-10-15,2025-10-15,2025-10-01,1,29.85,29.85,,One-off
348,Midlands,2024-01-31,2024-09-12,2025-12-14,2024-09-01,6,159.80,26.63,91.6,Loyal (5-12)
349,South East,2023-11-21,2024-02-19,2025-07-03,2024-02-01,9,130.41,14.49,61.5,Loyal (5-12)
350,South East,2023-08-17,2024-03-03,2025-10-04,2024-03-01,7,161.48,23.07,96.7,Loyal (5-12)
351,Scotland,2024-03-15,2025-12-10,2025-12-10,2025-12-01,1,18.54,18.54,,One-off
352,Yorkshire,2024-10-02,2025-01-10,2025-12-30,2025-01-01,3,57.65,19.22,145.0,Occasional (2-4)
353,Scotland,2024-10-12,2025-02-19,2025-09-27,2025-02-01,4,75.30,18.83,73.3,Occasional (2-4)
354,Midlands,2023-09-19,2024-02-03,2025-12-30,2024-02-01,26,518.15,19.93,27.8,Super-fan (13+)
355,London,2023-07-02,2024-02-13,2024-12-05,2024-02-01,2,13.21,6.61,296.0,Occasional (2-4)
356,London,2024-07-14,2024-08-02,2025-11-21,2024-08-01,6,123.06,20.51,79.8,Loyal (5-12)
357,London,2024-11-02,2024-12-09,2025-11-22,2024-12-01,2,60.63,30.32,348.0,Occasional (2-4)
358,South East,2025-04-16,2025-08-05,2025-08-05,2025-08-01,1,17.45,17.45,,One-off
359,London,2023-09-15,2024-08-11,2024-11-27,2024-08-01,2,14.66,7.33,108.0,Occasional (2-4)
360,London,2023-12-11,2024-06-22,2024-06-22,2024-06-01,1,8.91,8.91,,One-off
361,London,2024-07-19,2025-12-12,2025-12-12,2025-12-01,1,21.41,21.41,,One-off
362,North West,2024-11-10,2025-06-28,2025-07-22,2025-06-01,3,61.95,20.65,12.0,Occasional (2-4)
363,London,2024-07-25,2025-03-31,2025-03-31,2025-03-01,1,21.97,21.97,,One-off
364,North West,2024-06-29,2024-12-30,2024-12-30,2024-12-01,1,28.81,28.81,,One-off
365,London,2024-05-05,2024-06-01,2025-12-15,2024-06-01,9,281.47,31.27,70.3,Loyal (5-12)
366,South East,2025-09-21,2025-11-06,2025-11-06,2025-11-01,1,22.65,22.65,,One-off
367,South East,2024-07-05,2025-03-16,2025-03-16,2025-03-01,1,7.80,7.80,,One-off
368,Yorkshire,2024-06-09,2024-10-27,2024-10-27,2024-10-01,1,14.00,14.00,,One-off
369,Midlands,2025-09-21,2025-10-09,2025-10-09,2025-10-01,1,25.85,25.85,,One-off
370,Yorkshire,2023-09-30,2025-11-09,2025-11-09,2025-11-01,1,27.90,27.90,,One-off
371,North West,2025-04-08,2025-06-20,2025-12-18,2025-06-01,4,63.21,15.80,60.3,Occasional (2-4)
372,Yorkshire,2024-01-17,2025-08-15,2025-08-15,2025-08-01,1,8.45,8.45,,One-off
373,London,2024-01-27,2025-02-18,2025-09-01,2025-02-01,3,57.55,19.18,97.5,Occasional (2-4)
374,Midlands,2025-07-29,2025-12-05,2025-12-05,2025-12-01,1,27.98,27.98,,One-off
375,London,2023-08-09,2024-03-23,2024-03-23,2024-03-01,1,11.65,11.65,,One-off
376,South East,2023-10-30,2024-02-08,2025-12-21,2024-02-01,6,75.26,12.54,136.4,Loyal (5-12)
377,North West,2025-04-15,2025-05-19,2025-09-06,2025-05-01,4,119.63,29.91,36.7,Occasional (2-4)
378,London,2024-01-23,2024-04-04,2025-10-03,2024-04-01,4,72.13,18.03,182.3,Occasional (2-4)
379,North West,2024-11-30,2025-01-17,2025-12-11,2025-01-01,2,18.00,9.00,328.0,Occasional (2-4)
380,South East,2024-01-09,2024-06-27,2025-08-13,2024-06-01,4,69.43,17.36,137.3,Occasional (2-4)
381,North West,2025-07-16,2025-08-31,2025-08-31,2025-08-01,1,14.41,14.41,,One-off
382,North West,2023-08-13,2024-03-20,2025-12-23,2024-03-01,10,250.25,25.03,71.4,Loyal (5-12)
383,Yorkshire,2024-05-28,2024-09-19,2024-09-19,2024-09-01,1,14.51,14.51,,One-off
384,London,2024-03-18,2024-07-15,2025-12-30,2024-07-01,4,122.20,30.55,177.7,Occasional (2-4)
385,South East,2024-07-02,2024-12-28,2025-02-25,2024-12-01,2,46.51,23.26,59.0,Occasional (2-4)
386,South East,2023-08-08,2024-11-28,2025-04-14,2024-11-01,2,44.70,22.35,137.0,Occasional (2-4)
387,Yorkshire,2025-02-01,2025-03-14,2025-03-14,2025-03-01,1,15.05,15.05,,One-off
388,London,2025-06-11,2025-07-12,2025-07-12,2025-07-01,1,11.40,11.40,,One-off
389,North West,2025-02-22,2025-12-22,2025-12-22,2025-12-01,1,23.30,23.30,,One-off
390,Scotland,2023-09-18,2024-03-03,2025-12-15,2024-03-01,6,108.70,18.12,130.4,Loyal (5-12)
391,Scotland,2023-08-19,2024-07-16,2025-11-18,2024-07-01,3,76.19,25.40,245.0,Occasional (2-4)
392,North West,2024-02-19,2024-03-20,2025-10-23,2024-03-01,4,61.95,15.49,194.0,Occasional (2-4)
393,Midlands,2025-04-11,2025-10-29,2025-10-29,2025-10-01,1,31.55,31.55,,One-off
394,London,2025-03-30,2025-06-02,2025-06-02,2025-06-01,1,9.15,9.15,,One-off
395,Midlands,2024-10-06,2024-10-23,2024-10-23,2024-10-01,1,26.19,26.19,,One-off
396,London,2023-11-10,2025-11-09,2025-11-09,2025-11-01,1,14.30,14.30,,One-off
397,South East,2023-08-04,2024-03-16,2025-12-27,2024-03-01,12,209.66,17.47,59.2,Loyal (5-12)
398,London,2023-07-21,2024-02-14,2025-01-14,2024-02-01,7,149.23,21.32,55.8,Loyal (5-12)
399,London,2023-07-19,2025-04-09,2025-08-20,2025-04-01,2,55.25,27.63,133.0,Occasional (2-4)
400,Midlands,2024-06-22,2025-01-22,2025-01-22,2025-01-01,1,20.30,20.30,,One-off
401,North West,2025-03-07,2025-12-13,2025-12-13,2025-12-01,1,17.15,17.15,,One-off
402,Yorkshire,2023-08-11,2024-03-06,2024-10-26,2024-03-01,2,44.75,22.38,234.0,Occasional (2-4)
403,Midlands,2023-09-15,2024-03-26,2025-12-19,2024-03-01,17,327.28,19.25,39.6,Super-fan (13+)
404,London,2025-06-22,2025-08-23,2025-08-23,2025-08-01,1,20.24,20.24,,One-off
405,Yorkshire,2024-12-28,2025-09-02,2025-09-02,2025-09-01,1,25.65,25.65,,One-off
406,South East,2024-04-13,2024-05-11,2025-04-10,2024-05-01,3,61.64,20.55,167.0,Occasional (2-4)
407,North West,2025-01-13,2025-03-13,2025-03-13,2025-03-01,1,6.15,6.15,,One-off
408,Scotland,2024-10-20,2025-04-27,2025-08-02,2025-04-01,3,57.07,19.02,48.5,Occasional (2-4)
409,Yorkshire,2024-01-07,2024-06-22,2024-06-22,2024-06-01,1,26.72,26.72,,One-off
410,South East,2023-06-02,2025-02-22,2025-02-22,2025-02-01,1,10.45,10.45,,One-off
411,London,2024-11-11,2025-05-16,2025-05-16,2025-05-01,1,37.25,37.25,,One-off
412,South East,2025-08-17,2025-12-08,2025-12-08,2025-12-01,1,26.50,26.50,,One-off
413,Midlands,2023-06-05,2024-02-29,2025-12-22,2024-02-01,10,189.48,18.95,73.6,Loyal (5-12)
414,Midlands,2024-03-19,2024-06-01,2025-12-22,2024-06-01,5,118.28,23.66,142.3,Loyal (5-12)
415,South East,2024-04-03,2024-06-07,2025-10-28,2024-06-01,3,74.67,24.89,254.0,Occasional (2-4)
416,South East,2025-02-15,2025-08-31,2025-08-31,2025-08-01,1,16.65,16.65,,One-off
417,Yorkshire,2024-05-11,2024-07-17,2025-12-23,2024-07-01,6,103.98,17.33,87.2,Loyal (5-12)
418,London,2025-04-20,2025-07-15,2025-07-15,2025-07-01,1,15.83,15.83,,One-off
419,London,2023-08-02,2024-12-06,2024-12-06,2024-12-01,1,27.41,27.41,,One-off
420,South East,2024-04-08,2025-01-13,2025-10-29,2025-01-01,5,90.64,18.13,72.3,Loyal (5-12)
421,Midlands,2024-07-10,2025-12-20,2025-12-20,2025-12-01,1,25.40,25.40,,One-off
422,South East,2023-08-04,2024-01-15,2025-12-22,2024-01-01,6,129.83,21.64,141.4,Loyal (5-12)
423,South East,2025-05-21,2025-11-18,2025-11-18,2025-11-01,1,56.00,56.00,,One-off
424,South East,2023-06-04,2024-03-17,2025-12-23,2024-03-01,9,217.50,24.17,80.8,Loyal (5-12)
425,London,2024-12-21,2025-05-09,2025-11-10,2025-05-01,2,42.70,21.35,185.0,Occasional (2-4)
426,London,2024-10-11,2025-06-11,2025-09-04,2025-06-01,2,107.60,53.80,85.0,Occasional (2-4)
427,London,2023-12-30,2024-10-29,2025-12-04,2024-10-01,3,65.95,21.98,200.5,Occasional (2-4)
428,North West,2024-07-29,2025-12-29,2025-12-29,2025-12-01,1,52.05,52.05,,One-off
429,Scotland,2024-09-08,2025-10-28,2025-10-28,2025-10-01,1,29.00,29.00,,One-off
430,London,2024-08-03,2025-01-22,2025-10-01,2025-01-01,3,61.45,20.48,126.0,Occasional (2-4)
431,North West,2025-08-31,2025-09-23,2025-09-23,2025-09-01,1,30.05,30.05,,One-off
432,South East,2024-05-15,2025-06-20,2025-06-20,2025-06-01,1,14.25,14.25,,One-off
434,South East,2025-02-08,2025-02-08,2025-12-26,2025-02-01,2,49.50,24.75,321.0,Occasional (2-4)
435,Midlands,2023-09-14,2024-09-04,2025-08-20,2024-09-01,4,96.24,24.06,116.7,Occasional (2-4)
436,South East,2024-09-08,2025-08-29,2025-10-15,2025-08-01,2,47.30,23.65,47.0,Occasional (2-4)
437,Midlands,2023-08-22,2024-06-12,2024-06-12,2024-06-01,1,13.19,13.19,,One-off
438,South East,2025-08-12,2025-09-25,2025-09-25,2025-09-01,1,26.70,26.70,,One-off
439,London,2025-04-14,2025-09-15,2025-09-15,2025-09-01,1,16.70,16.70,,One-off
440,London,2023-11-24,2025-10-22,2025-10-22,2025-10-01,1,14.15,14.15,,One-off
441,South East,2023-07-23,2024-10-11,2025-12-16,2024-10-01,8,133.05,16.63,49.7,Loyal (5-12)
442,South East,2024-03-21,2024-08-05,2025-03-01,2024-08-01,2,53.61,26.81,208.0,Occasional (2-4)
443,South East,2025-06-09,2025-09-08,2025-09-08,2025-09-01,1,16.95,16.95,,One-off
444,South East,2025-04-07,2025-08-31,2025-08-31,2025-08-01,1,19.15,19.15,,One-off
445,London,2023-09-20,2025-03-18,2025-03-18,2025-03-01,1,7.14,7.14,,One-off
446,London,2023-08-16,2025-06-05,2025-06-05,2025-06-01,1,16.45,16.45,,One-off
447,London,2025-08-20,2025-11-22,2025-11-22,2025-11-01,1,14.35,14.35,,One-off
448,South East,2025-01-16,2025-03-17,2025-03-17,2025-03-01,1,26.82,26.82,,One-off
449,North West,2025-02-03,2025-07-21,2025-07-21,2025-07-01,1,9.49,9.49,,One-off
450,North West,2025-02-13,2025-11-27,2025-11-27,2025-11-01,1,14.40,14.40,,One-off
451,London,2025-05-29,2025-06-22,2025-07-22,2025-06-01,3,78.66,26.22,15.0,Occasional (2-4)
452,Scotland,2025-04-14,2025-10-21,2025-12-31,2025-10-01,2,34.75,17.38,71.0,Occasional (2-4)
453,North West,2024-09-10,2025-12-12,2025-12-12,2025-12-01,1,14.35,14.35,,One-off
454,Midlands,2024-08-11,2024-10-15,2025-08-19,2024-10-01,3,84.52,28.17,154.0,Occasional (2-4)
455,London,2023-11-21,2024-09-02,2025-11-23,2024-09-01,18,371.76,20.65,26.3,Super-fan (13+)
456,London,2025-02-13,2025-12-25,2025-12-25,2025-12-01,1,45.75,45.75,,One-off
457,Midlands,2025-08-18,2025-12-26,2025-12-26,2025-12-01,1,36.45,36.45,,One-off
458,South East,2024-07-04,2024-10-22,2025-12-18,2024-10-01,5,96.84,19.37,105.5,Loyal (5-12)
459,Midlands,2024-06-23,2025-06-25,2025-11-27,2025-06-01,2,26.49,13.25,155.0,Occasional (2-4)
460,Midlands,2024-10-12,2024-11-30,2024-11-30,2024-11-01,1,13.37,13.37,,One-off
461,Midlands,2025-04-08,2025-06-30,2025-09-06,2025-06-01,2,71.43,35.72,68.0,Occasional (2-4)
462,South East,2024-03-06,2024-06-07,2024-06-07,2024-06-01,1,8.56,8.56,,One-off
463,Midlands,2025-06-11,2025-09-22,2025-09-22,2025-09-01,1,34.75,34.75,,One-off
464,Midlands,2025-01-20,2025-03-16,2025-10-23,2025-03-01,3,48.86,16.29,110.5,Occasional (2-4)
465,Midlands,2024-07-04,2024-11-06,2024-11-06,2024-11-01,1,12.08,12.08,,One-off
466,Midlands,2024-03-02,2024-09-14,2025-09-01,2024-09-01,4,54.92,13.73,117.3,Occasional (2-4)
467,Yorkshire,2024-03-27,2024-12-05,2024-12-05,2024-12-01,1,4.90,4.90,,One-off
468,Midlands,2025-04-24,2025-12-15,2025-12-15,2025-12-01,1,6.90,6.90,,One-off
469,Midlands,2025-05-08,2025-09-11,2025-09-11,2025-09-01,1,5.15,5.15,,One-off
470,North West,2025-06-27,2025-09-16,2025-12-26,2025-09-01,3,53.63,17.88,50.5,Occasional (2-4)
471,Midlands,2024-05-14,2024-10-18,2024-10-18,2024-10-01,1,15.16,15.16,,One-off
472,South East,2024-07-01,2025-08-29,2025-08-29,2025-08-01,1,48.73,48.73,,One-off
473,North West,2023-06-13,2025-04-15,2025-12-13,2025-04-01,4,161.70,40.43,80.7,Occasional (2-4)
474,Yorkshire,2024-03-28,2024-12-04,2025-11-26,2024-12-01,3,76.24,25.41,178.5,Occasional (2-4)
475,London,2025-05-24,2025-10-03,2025-11-26,2025-10-01,2,30.05,15.03,54.0,Occasional (2-4)
476,Midlands,2023-11-14,2024-06-24,2024-06-24,2024-06-01,1,20.10,20.10,,One-off
477,Scotland,2024-09-30,2025-01-01,2025-09-13,2025-01-01,3,62.67,20.89,127.5,Occasional (2-4)
478,Midlands,2024-02-17,2024-03-26,2024-03-26,2024-03-01,1,35.01,35.01,,One-off
479,South East,2024-07-03,2025-09-23,2025-12-11,2025-09-01,3,68.64,22.88,39.5,Occasional (2-4)
480,North West,2023-11-18,2024-02-04,2025-12-31,2024-02-01,8,168.14,21.02,99.4,Loyal (5-12)
481,South East,2024-11-05,2025-12-02,2025-12-02,2025-12-01,1,21.43,21.43,,One-off
482,London,2023-08-26,2024-03-09,2024-03-09,2024-03-01,1,9.27,9.27,,One-off
483,London,2025-06-03,2025-10-28,2025-10-28,2025-10-01,1,11.06,11.06,,One-off
484,South East,2025-07-04,2025-07-30,2025-07-30,2025-07-01,1,22.20,22.20,,One-off
485,London,2025-06-09,2025-10-12,2025-10-12,2025-10-01,1,19.55,19.55,,One-off
486,Yorkshire,2024-12-29,2025-01-06,2025-12-21,2025-01-01,12,196.07,16.34,31.7,Loyal (5-12)
487,London,2025-02-15,2025-09-10,2025-09-10,2025-09-01,1,25.81,25.81,,One-off
488,Yorkshire,2025-07-06,2025-09-01,2025-09-01,2025-09-01,1,16.90,16.90,,One-off
489,Yorkshire,2024-08-24,2025-02-04,2025-12-12,2025-02-01,5,70.46,14.09,77.8,Loyal (5-12)
490,North West,2023-08-07,2024-02-29,2025-12-26,2024-02-01,3,54.80,18.27,333.0,Occasional (2-4)
491,London,2025-03-19,2025-08-09,2025-08-09,2025-08-01,1,19.90,19.90,,One-off
492,Scotland,2024-04-03,2025-04-21,2025-09-07,2025-04-01,2,39.65,19.83,13.0,Occasional (2-4)
493,South East,2024-11-01,2025-05-09,2025-05-09,2025-05-01,1,14.95,14.95,,One-off
494,Yorkshire,2024-01-31,2024-04-14,2025-09-06,2024-04-01,11,194.10,17.65,51.0,Loyal (5-12)
495,London,2025-06-06,2025-09-22,2025-09-22,2025-09-01,1,28.30,28.30,,One-off
496,Midlands,2024-10-12,2025-04-23,2025-04-23,2025-04-01,1,14.95,14.95,,One-off
497,North West,2023-08-21,2024-05-14,2025-12-27,2024-05-01,17,321.27,18.90,35.4,Super-fan (13+)
498,North West,2023-06-11,2025-07-01,2025-09-14,2025-07-01,4,80.57,20.14,25.0,Occasional (2-4)
499,South East,2024-12-21,2025-04-23,2025-06-06,2025-04-01,2,28.25,14.13,44.0,Occasional (2-4)
500,London,2023-09-25,2025-07-12,2025-08-24,2025-07-01,2,47.89,23.95,43.0,Occasional (2-4)
501,South East,2024-09-28,2024-11-20,2025-12-27,2024-11-01,8,159.48,19.94,57.4,Loyal (5-12)
502,Midlands,2025-01-24,2025-01-29,2025-10-17,2025-01-01,6,130.03,21.67,52.2,Loyal (5-12)
503,Scotland,2025-03-21,2025-05-19,2025-10-31,2025-05-01,2,36.10,18.05,165.0,Occasional (2-4)
504,South East,2023-07-04,2024-02-19,2024-02-19,2024-02-01,1,13.94,13.94,,One-off
505,South East,2024-07-16,2024-12-26,2024-12-26,2024-12-01,1,25.06,25.06,,One-off
506,Midlands,2024-01-11,2024-02-02,2025-12-21,2024-02-01,10,163.47,16.35,76.4,Loyal (5-12)
507,North West,2024-07-29,2025-11-29,2025-11-29,2025-11-01,1,15.20,15.20,,One-off
508,South East,2024-09-18,2024-09-29,2025-10-17,2024-09-01,3,61.47,20.49,140.5,Occasional (2-4)
509,South East,2023-12-06,2025-12-29,2025-12-29,2025-12-01,1,44.60,44.60,,One-off
510,Scotland,2024-05-11,2024-08-24,2025-12-11,2024-08-01,11,210.02,19.09,47.4,Loyal (5-12)
511,South East,2023-12-13,2024-09-09,2024-11-09,2024-09-01,3,64.13,21.38,30.5,Occasional (2-4)
512,London,2023-10-17,2024-10-31,2025-11-14,2024-10-01,10,264.64,26.46,42.1,Loyal (5-12)
513,North West,2024-05-19,2024-11-18,2024-11-18,2024-11-01,1,13.85,13.85,64.0,One-off
514,Yorkshire,2024-06-01,2024-10-09,2024-11-14,2024-10-01,2,75.66,37.83,36.0,Occasional (2-4)
515,Yorkshire,2025-08-09,2025-10-27,2025-10-27,2025-10-01,1,27.93,27.93,,One-off
516,London,2025-07-20,2025-10-26,2025-12-26,2025-10-01,2,13.98,6.99,61.0,Occasional (2-4)
517,North West,2023-08-13,2024-02-22,2025-07-20,2024-02-01,2,34.40,17.20,514.0,Occasional (2-4)
519,South East,2025-06-02,2025-12-05,2025-12-05,2025-12-01,1,7.33,7.33,,One-off
520,South East,2024-08-23,2024-10-22,2025-12-18,2024-10-01,18,351.04,19.50,24.8,Super-fan (13+)
521,London,2023-08-02,2025-07-12,2025-07-12,2025-07-01,1,39.38,39.38,,One-off
522,Midlands,2025-03-26,2025-10-13,2025-10-13,2025-10-01,1,17.80,17.80,,One-off
523,Scotland,2023-10-16,2025-01-31,2025-01-31,2025-01-01,1,15.80,15.80,,One-off
524,Yorkshire,2025-05-04,2025-11-30,2025-11-30,2025-11-01,1,21.15,21.15,,One-off
525,Yorkshire,2025-04-12,2025-09-01,2025-09-01,2025-09-01,1,45.06,45.06,,One-off
526,Scotland,2025-09-28,2025-09-28,2025-09-28,2025-09-01,1,17.95,17.95,,One-off
527,Scotland,2025-01-01,2025-02-18,2025-10-28,2025-02-01,5,80.33,16.07,63.0,Loyal (5-12)
528,South East,2024-10-18,2024-11-19,2024-11-19,2024-11-01,1,20.56,20.56,,One-off
529,Midlands,2024-05-24,2024-12-05,2025-12-26,2024-12-01,8,204.54,25.57,55.1,Loyal (5-12)
530,London,2025-08-17,2025-08-24,2025-12-24,2025-08-01,2,45.46,22.73,122.0,Occasional (2-4)
531,Midlands,2025-09-09,2025-12-29,2025-12-29,2025-12-01,1,27.15,27.15,,One-off
532,South East,2025-02-06,2025-12-21,2025-12-21,2025-12-01,1,24.05,24.05,,One-off
533,Scotland,2024-11-25,2025-01-09,2025-08-31,2025-01-01,5,111.95,22.39,58.5,Loyal (5-12)
534,Scotland,2024-05-01,2024-10-28,2024-10-28,2024-10-01,1,33.54,33.54,,One-off
535,London,2023-11-07,2024-03-14,2024-04-08,2024-03-01,2,34.82,17.41,25.0,Occasional (2-4)
536,South East,2023-07-12,2024-03-17,2025-04-29,2024-03-01,4,91.20,22.80,136.0,Occasional (2-4)
537,Yorkshire,2023-07-27,2024-02-08,2025-12-24,2024-02-01,11,222.02,20.18,68.5,Loyal (5-12)
538,Scotland,2024-05-17,2024-09-12,2024-09-12,2024-09-01,1,6.43,6.43,,One-off
539,Yorkshire,2024-01-19,2025-08-14,2025-12-08,2025-08-01,2,27.40,13.70,116.0,Occasional (2-4)
540,Yorkshire,2025-07-26,2025-12-26,2025-12-30,2025-12-01,2,20.40,10.20,4.0,Occasional (2-4)
541,South East,2024-09-21,2025-11-16,2025-12-08,2025-11-01,2,62.15,31.08,22.0,Occasional (2-4)
542,South East,2024-04-30,2025-04-07,2025-06-24,2025-04-01,2,38.10,19.05,74.0,Occasional (2-4)
543,South East,2023-11-27,2025-12-05,2025-12-05,2025-12-01,1,28.26,28.26,,One-off
544,North West,2024-10-16,2025-03-08,2025-03-08,2025-03-01,1,20.05,20.05,,One-off
545,Scotland,2023-10-01,2024-04-07,2025-12-10,2024-04-01,2,41.11,20.56,612.0,Occasional (2-4)
546,South East,2023-11-08,2024-08-31,2024-08-31,2024-08-01,1,23.94,23.94,,One-off
547,South East,2024-05-29,2024-07-23,2025-12-10,2024-07-01,8,173.93,21.74,72.1,Loyal (5-12)
548,London,2024-04-20,2025-03-02,2025-03-02,2025-03-01,1,10.25,10.25,,One-off
549,Midlands,2024-10-11,2025-03-19,2025-12-23,2025-03-01,2,32.90,16.45,279.0,Occasional (2-4)
550,Midlands,2023-08-31,2024-08-14,2025-12-27,2024-08-01,11,333.66,30.33,50.0,Loyal (5-12)
551,South East,2023-10-14,2025-03-10,2025-10-01,2025-03-01,2,47.80,23.90,205.0,Occasional (2-4)
552,Scotland,2023-08-01,2025-08-08,2025-08-08,2025-08-01,1,21.16,21.16,,One-off
553,South East,2024-01-04,2024-02-17,2025-04-11,2024-02-01,8,96.97,12.12,59.9,Loyal (5-12)
554,London,2025-09-01,2025-10-05,2025-10-05,2025-10-01,1,6.15,6.15,,One-off
555,Midlands,2025-04-13,2025-12-28,2025-12-28,2025-12-01,1,6.55,6.55,,One-off
556,North West,2023-11-29,2024-12-08,2025-12-16,2024-12-01,3,65.50,21.83,186.5,Occasional (2-4)
557,North West,2023-07-04,2024-09-16,2025-12-28,2024-09-01,6,78.31,13.05,93.6,Loyal (5-12)
558,London,2025-05-22,2025-11-06,2025-11-06,2025-11-01,1,8.20,8.20,,One-off
559,London,2023-10-13,2024-01-02,2025-10-26,2024-01-01,24,449.38,18.72,28.8,Super-fan (13+)
560,Scotland,2024-08-16,2024-10-08,2025-09-18,2024-10-01,6,164.82,27.47,69.0,Loyal (5-12)
561,Midlands,2025-01-29,2025-08-01,2025-08-01,2025-08-01,1,48.25,48.25,,One-off
562,South East,2025-02-25,2025-10-28,2025-10-28,2025-10-01,1,6.11,6.11,,One-off
563,Midlands,2025-06-11,2025-07-22,2025-07-22,2025-07-01,1,21.30,21.30,,One-off
564,North West,2024-01-17,2024-03-10,2025-12-31,2024-03-01,11,187.81,17.07,66.1,Loyal (5-12)
565,Midlands,2024-03-08,2025-10-04,2025-10-04,2025-10-01,1,40.65,40.65,,One-off
566,London,2025-06-03,2025-08-11,2025-08-11,2025-08-01,1,9.89,9.89,,One-off
567,North West,2024-06-23,2024-08-04,2025-08-18,2024-08-01,8,129.13,16.14,35.1,Loyal (5-12)
568,Yorkshire,2024-03-22,2025-04-09,2025-04-09,2025-04-01,1,15.87,15.87,,One-off
569,North West,2025-08-12,2025-08-26,2025-08-26,2025-08-01,1,21.12,21.12,,One-off
570,Midlands,2023-09-25,2024-12-03,2025-10-29,2024-12-01,2,63.23,31.62,330.0,Occasional (2-4)
571,North West,2024-09-25,2025-03-21,2025-11-06,2025-03-01,3,67.09,22.36,115.0,Occasional (2-4)
572,Yorkshire,2024-04-06,2024-10-14,2025-04-25,2024-10-01,2,44.04,22.02,193.0,Occasional (2-4)
573,London,2023-12-12,2024-02-04,2025-09-08,2024-02-01,7,149.23,21.32,97.0,Loyal (5-12)
574,Midlands,2024-07-23,2024-11-24,2024-11-24,2024-11-01,1,6.43,6.43,,One-off
575,London,2023-09-12,2024-02-15,2025-11-15,2024-02-01,7,122.94,17.56,106.5,Loyal (5-12)
576,Midlands,2023-11-02,2024-09-08,2025-12-01,2024-09-01,6,117.44,19.57,100.0,Loyal (5-12)
577,London,2024-09-29,2024-11-24,2025-12-28,2024-11-01,6,116.23,19.37,79.8,Loyal (5-12)
578,North West,2023-12-04,2024-04-11,2024-04-17,2024-04-01,2,57.62,28.81,6.0,Occasional (2-4)
579,London,2024-06-09,2024-07-03,2025-12-22,2024-07-01,8,138.49,17.31,76.7,Loyal (5-12)
580,Yorkshire,2025-01-10,2025-08-29,2025-08-29,2025-08-01,1,16.20,16.20,,One-off
581,South East,2024-09-27,2024-10-29,2024-10-29,2024-10-01,1,33.23,33.23,,One-off
582,London,2024-12-10,2025-12-12,2025-12-12,2025-12-01,1,34.44,34.44,,One-off
583,London,2023-12-08,2024-01-24,2025-11-14,2024-01-01,12,203.01,16.92,60.0,Loyal (5-12)
584,North West,2024-01-20,2025-09-10,2025-09-10,2025-09-01,1,25.34,25.34,,One-off
585,Scotland,2023-11-27,2024-01-07,2025-11-09,2024-01-01,25,546.90,21.88,27.5,Super-fan (13+)
586,Yorkshire,2024-09-18,2025-10-26,2025-12-05,2025-10-01,2,93.17,46.59,40.0,Occasional (2-4)
587,London,2024-12-08,2024-12-20,2025-12-11,2024-12-01,2,43.10,21.55,356.0,Occasional (2-4)
588,Scotland,2024-02-28,2024-03-01,2025-12-04,2024-03-01,17,263.47,15.50,38.1,Super-fan (13+)
589,North West,2024-12-28,2025-04-15,2025-04-15,2025-04-01,1,26.65,26.65,,One-off
590,Midlands,2025-07-04,2025-12-02,2025-12-02,2025-12-01,1,33.95,33.95,,One-off
591,Midlands,2025-08-11,2025-11-22,2025-11-22,2025-11-01,1,21.20,21.20,,One-off
592,Yorkshire,2023-09-02,2024-10-17,2025-08-29,2024-10-01,2,21.09,10.55,316.0,Occasional (2-4)
593,London,2023-08-11,2024-01-13,2025-08-31,2024-01-01,12,249.48,20.79,48.1,Loyal (5-12)
594,South East,2024-10-05,2025-07-26,2025-07-26,2025-07-01,1,15.16,15.16,,One-off
595,Yorkshire,2024-11-13,2024-12-11,2025-10-29,2024-12-01,6,126.10,21.02,64.4,Loyal (5-12)
596,London,2024-03-29,2024-05-15,2025-11-21,2024-05-01,4,64.30,16.08,91.3,Occasional (2-4)
597,London,2023-10-08,2024-05-26,2025-09-13,2024-05-01,2,69.54,34.77,475.0,Occasional (2-4)
598,South East,2023-09-12,2024-06-03,2024-06-03,2024-06-01,1,32.23,32.23,,One-off
599,South East,2024-03-14,2024-04-06,2025-12-21,2024-04-01,25,481.58,19.26,26.0,Super-fan (13+)
600,Scotland,2024-03-08,2024-12-21,2024-12-21,2024-12-01,1,25.76,25.76,,One-off
601,Scotland,2023-09-22,2024-02-09,2025-09-16,2024-02-01,4,56.01,14.00,195.0,Occasional (2-4)
602,Midlands,2024-08-29,2024-09-02,2025-11-04,2024-09-01,7,107.69,15.38,71.3,Loyal (5-12)
603,London,2025-01-13,2025-04-14,2025-11-24,2025-04-01,5,98.55,19.71,56.0,Loyal (5-12)
604,Yorkshire,2024-08-23,2024-11-14,2025-11-09,2024-11-01,4,87.24,21.81,120.0,Occasional (2-4)
605,South East,2025-08-24,2025-10-15,2025-12-21,2025-10-01,2,43.93,21.97,67.0,Occasional (2-4)
606,London,2023-12-24,2024-08-30,2025-01-12,2024-08-01,2,39.89,19.95,135.0,Occasional (2-4)
607,Midlands,2024-12-11,2025-05-28,2025-05-28,2025-05-01,1,16.25,16.25,,One-off
608,Yorkshire,2025-01-15,2025-02-28,2025-11-01,2025-02-01,7,146.35,20.91,41.0,Loyal (5-12)
609,North West,2025-04-18,2025-05-21,2025-05-21,2025-05-01,1,17.65,17.65,,One-off
610,North West,2024-10-21,2024-11-22,2025-04-08,2024-11-01,2,17.11,8.56,137.0,Occasional (2-4)
611,London,2025-07-16,2025-07-18,2025-11-26,2025-07-01,6,108.26,18.04,26.2,Loyal (5-12)
612,Midlands,2024-11-05,2025-05-10,2025-05-10,2025-05-01,1,8.35,8.35,,One-off
613,Yorkshire,2025-01-11,2025-10-20,2025-10-20,2025-10-01,1,26.10,26.10,,One-off
614,London,2024-09-30,2024-10-04,2025-12-30,2024-10-01,19,392.87,20.68,25.1,Super-fan (13+)
615,North West,2024-03-04,2025-12-10,2025-12-24,2025-12-01,2,41.53,20.77,14.0,Occasional (2-4)
616,Yorkshire,2023-12-17,2024-11-05,2024-11-05,2024-11-01,1,12.24,12.24,,One-off
617,Yorkshire,2023-09-20,2024-02-06,2025-12-18,2024-02-01,12,178.03,14.84,61.9,Loyal (5-12)
618,South East,2025-05-07,2025-05-28,2025-05-28,2025-05-01,1,10.45,10.45,,One-off
619,South East,2023-10-12,2024-06-01,2025-08-11,2024-06-01,3,71.46,23.82,218.0,Occasional (2-4)
620,London,2024-02-13,2024-03-22,2025-12-31,2024-03-01,9,211.09,23.45,81.1,Loyal (5-12)
621,Midlands,2024-03-29,2024-04-17,2025-12-24,2024-04-01,8,201.76,25.22,88.0,Loyal (5-12)
622,London,2024-06-26,2024-07-13,2025-12-10,2024-07-01,2,26.27,13.14,515.0,Occasional (2-4)
623,Scotland,2025-03-24,2025-10-02,2025-10-02,2025-10-01,1,10.45,10.45,,One-off
624,Yorkshire,2024-01-20,2024-04-01,2025-12-13,2024-04-01,10,131.89,13.19,69.0,Loyal (5-12)
625,South East,2023-08-23,2024-07-23,2024-07-23,2024-07-01,1,35.45,35.45,,One-off
626,Midlands,2024-01-24,2024-04-27,2024-12-24,2024-04-01,3,70.84,23.61,120.5,Occasional (2-4)
627,London,2023-10-11,2024-02-13,2025-12-01,2024-02-01,8,205.17,25.65,93.9,Loyal (5-12)
628,Scotland,2023-12-21,2025-07-17,2025-11-03,2025-07-01,2,21.65,10.83,109.0,Occasional (2-4)
629,Midlands,2024-08-17,2024-11-25,2025-12-10,2024-11-01,2,49.71,24.86,380.0,Occasional (2-4)
630,Scotland,2023-07-21,2024-11-13,2025-12-27,2024-11-01,4,98.32,24.58,136.3,Occasional (2-4)
631,London,2024-10-16,2024-12-06,2024-12-06,2024-12-01,1,10.41,10.41,,One-off
632,North West,2023-12-28,2024-08-17,2024-08-17,2024-08-01,1,6.65,6.65,,One-off
633,Midlands,2024-12-14,2025-04-12,2025-04-12,2025-04-01,1,5.15,5.15,,One-off
634,Midlands,2025-05-21,2025-11-05,2025-11-05,2025-11-01,1,11.80,11.80,,One-off
635,London,2024-06-15,2025-01-07,2025-12-16,2025-01-01,2,47.38,23.69,343.0,Occasional (2-4)
636,London,2025-08-06,2025-12-21,2025-12-21,2025-12-01,1,10.10,10.10,,One-off
637,Yorkshire,2023-11-25,2024-03-30,2025-11-01,2024-03-01,3,48.12,16.04,290.5,Occasional (2-4)
638,Yorkshire,2023-12-24,2025-10-08,2025-10-08,2025-10-01,1,33.55,33.55,,One-off
639,London,2023-11-28,2025-04-05,2025-11-16,2025-04-01,3,60.45,20.15,112.5,Occasional (2-4)
640,Yorkshire,2025-07-29,2025-09-08,2025-09-08,2025-09-01,1,16.85,16.85,,One-off
641,London,2024-10-03,2025-04-07,2025-11-25,2025-04-01,2,42.15,21.08,232.0,Occasional (2-4)
642,Midlands,2023-09-25,2024-02-13,2025-12-06,2024-02-01,3,96.31,32.10,331.0,Occasional (2-4)
643,Midlands,2025-02-22,2025-08-28,2025-08-28,2025-08-01,1,25.60,25.60,,One-off
644,London,2023-09-10,2024-01-07,2025-12-06,2024-01-01,25,458.43,18.34,29.0,Super-fan (13+)
645,Yorkshire,2024-08-13,2024-10-25,2024-10-25,2024-10-01,1,12.00,12.00,,One-off
646,Midlands,2024-10-15,2025-10-03,2025-12-22,2025-10-01,2,39.48,19.74,80.0,Occasional (2-4)
647,London,2024-11-24,2024-11-30,2024-11-30,2024-11-01,1,22.71,22.71,,One-off
648,Yorkshire,2024-03-02,2024-03-08,2025-12-15,2024-03-01,5,124.29,24.86,142.8,Loyal (5-12)
649,South East,2024-11-15,2025-10-08,2025-12-11,2025-10-01,2,26.61,13.31,64.0,Occasional (2-4)
650,North West,2024-09-12,2025-02-26,2025-11-15,2025-02-01,3,52.22,17.41,131.0,Occasional (2-4)
651,Scotland,2025-03-06,2025-12-20,2025-12-20,2025-12-01,1,6.80,6.80,,One-off
652,London,2023-12-14,2025-07-09,2025-07-09,2025-07-01,1,6.80,6.80,,One-off
653,South East,2023-10-12,2025-08-06,2025-08-06,2025-08-01,1,38.55,38.55,,One-off
654,North West,2023-06-04,2024-01-14,2025-12-11,2024-01-01,12,237.95,19.83,59.0,Loyal (5-12)
655,North West,2025-06-13,2025-07-03,2025-12-12,2025-07-01,3,53.08,17.69,81.0,Occasional (2-4)
656,North West,2024-09-03,2024-10-13,2025-12-17,2024-10-01,4,79.67,19.92,143.3,Occasional (2-4)
657,North West,2024-04-08,2025-07-07,2025-09-20,2025-07-01,2,46.29,23.15,75.0,Occasional (2-4)
658,Yorkshire,2024-12-04,2025-03-31,2025-05-12,2025-03-01,2,37.50,18.75,42.0,Occasional (2-4)
659,Scotland,2023-11-27,2024-10-15,2024-10-15,2024-10-01,1,15.77,15.77,,One-off
660,London,2023-10-16,2024-08-11,2025-10-04,2024-08-01,5,99.63,19.93,104.8,Loyal (5-12)
661,London,2024-07-18,2024-12-30,2024-12-30,2024-12-01,1,28.67,28.67,,One-off
662,North West,2025-02-28,2025-04-21,2025-04-21,2025-04-01,1,20.05,20.05,,One-off
663,London,2024-01-21,2024-07-18,2025-04-27,2024-07-01,4,159.68,39.92,94.3,Occasional (2-4)
664,London,2024-12-22,2025-02-19,2025-02-19,2025-02-01,1,11.15,11.15,,One-off
665,London,2024-01-24,2025-01-06,2025-04-28,2025-01-01,2,51.70,25.85,112.0,Occasional (2-4)
666,London,2025-03-01,2025-09-03,2025-10-09,2025-09-01,2,43.46,21.73,36.0,Occasional (2-4)
667,North West,2024-02-22,2025-12-05,2025-12-05,2025-12-01,1,15.85,15.85,,One-off
668,Yorkshire,2024-04-10,2024-08-16,2025-09-17,2024-08-01,3,41.90,13.97,198.5,Occasional (2-4)
669,Scotland,2024-02-24,2024-04-04,2025-06-15,2024-04-01,11,168.41,15.31,43.7,Loyal (5-12)
670,South East,2023-07-19,2024-07-17,2024-07-17,2024-07-01,1,12.08,12.08,,One-off
671,Scotland,2023-11-28,2024-04-25,2025-09-14,2024-04-01,6,92.64,15.44,101.4,Loyal (5-12)
672,London,2025-02-19,2025-02-26,2025-11-25,2025-02-01,4,81.75,20.44,90.7,Occasional (2-4)
673,Yorkshire,2024-11-02,2025-01-31,2025-02-18,2025-01-01,2,60.05,30.03,18.0,Occasional (2-4)
674,South East,2024-08-19,2024-11-03,2024-11-03,2024-11-01,1,10.66,10.66,,One-off
675,South East,2024-01-02,2025-03-08,2025-12-14,2025-03-01,2,68.16,34.08,281.0,Occasional (2-4)
676,London,2025-04-22,2025-11-25,2025-11-25,2025-11-01,1,21.75,21.75,,One-off
677,South East,2023-10-30,2025-04-28,2025-12-12,2025-04-01,4,75.30,18.83,76.0,Occasional (2-4)
678,North West,2023-06-25,2025-11-24,2025-11-24,2025-11-01,1,19.75,19.75,,One-off
679,North West,2024-09-17,2024-10-21,2024-10-21,2024-10-01,1,10.14,10.14,,One-off
680,Midlands,2025-02-22,2025-12-28,2025-12-28,2025-12-01,1,35.55,35.55,,One-off
681,North West,2025-05-05,2025-12-24,2025-12-24,2025-12-01,1,7.51,7.51,,One-off
682,North West,2025-09-19,2025-10-23,2025-11-18,2025-10-01,4,89.25,22.31,8.7,Occasional (2-4)
683,Scotland,2023-07-11,2024-02-01,2024-12-25,2024-02-01,4,57.56,14.39,109.3,Occasional (2-4)
684,Scotland,2023-09-08,2024-12-23,2025-04-08,2024-12-01,4,120.35,30.09,35.3,Occasional (2-4)
685,London,2023-08-08,2024-02-16,2024-02-16,2024-02-01,1,21.03,21.03,,One-off
686,London,2024-02-23,2025-08-14,2025-11-27,2025-08-01,3,67.20,22.40,52.5,Occasional (2-4)
687,London,2024-06-08,2024-06-21,2025-12-03,2024-06-01,8,178.90,22.36,75.7,Loyal (5-12)
688,South East,2025-07-11,2025-07-27,2025-11-07,2025-07-01,2,41.93,20.97,103.0,Occasional (2-4)
689,Yorkshire,2024-03-15,2024-07-17,2025-11-28,2024-07-01,6,96.96,16.16,99.8,Loyal (5-12)
690,North West,2025-03-08,2025-08-22,2025-12-23,2025-08-01,3,58.17,19.39,61.5,Occasional (2-4)
691,Scotland,2024-06-02,2024-11-17,2024-11-17,2024-11-01,1,16.15,16.15,,One-off
692,Yorkshire,2024-08-04,2024-08-12,2025-11-21,2024-08-01,3,41.80,13.93,207.0,Occasional (2-4)
693,Midlands,2024-04-06,2024-04-09,2025-12-09,2024-04-01,8,138.52,17.32,87.0,Loyal (5-12)
694,North West,2023-07-12,2025-12-30,2025-12-30,2025-12-01,1,29.35,29.35,,One-off
695,Scotland,2025-02-09,2025-09-21,2025-11-26,2025-09-01,2,17.21,8.61,66.0,Occasional (2-4)
696,South East,2024-06-01,2025-12-23,2025-12-23,2025-12-01,1,26.90,26.90,409.0,One-off
697,London,2025-08-08,2025-10-04,2025-12-04,2025-10-01,2,58.58,29.29,61.0,Occasional (2-4)
698,South East,2024-01-18,2025-10-01,2025-10-01,2025-10-01,1,8.90,8.90,,One-off
699,Yorkshire,2024-01-09,2024-10-15,2025-08-03,2024-10-01,3,26.73,8.91,146.0,Occasional (2-4)
700,South East,2024-07-10,2025-01-02,2025-03-17,2025-01-01,3,88.20,29.40,37.0,Occasional (2-4)
701,Yorkshire,2024-10-04,2025-03-13,2025-12-13,2025-03-01,2,37.84,18.92,275.0,Occasional (2-4)
702,Midlands,2024-12-21,2025-12-23,2025-12-23,2025-12-01,1,25.29,25.29,,One-off
703,North West,2024-11-18,2025-09-09,2025-12-17,2025-09-01,2,49.91,24.96,99.0,Occasional (2-4)
704,Midlands,2023-07-04,2024-02-06,2025-12-27,2024-02-01,8,169.38,21.17,98.6,Loyal (5-12)
705,Scotland,2025-05-03,2025-08-23,2025-08-23,2025-08-01,1,26.37,26.37,,One-off
706,London,2024-10-28,2025-11-26,2025-11-26,2025-11-01,1,34.75,34.75,,One-off
707,London,2025-09-18,2025-12-20,2025-12-20,2025-12-01,1,14.84,14.84,,One-off
708,Yorkshire,2023-06-02,2024-06-16,2025-03-17,2024-06-01,2,36.39,18.20,274.0,Occasional (2-4)
709,North West,2023-08-22,2024-03-02,2025-11-11,2024-03-01,11,201.94,18.36,61.9,Loyal (5-12)
710,Scotland,2024-08-17,2024-09-15,2025-09-05,2024-09-01,3,71.90,23.97,177.5,Occasional (2-4)
711,London,2024-08-07,2025-10-27,2025-10-27,2025-10-01,1,12.13,12.13,,One-off
712,South East,2023-11-28,2024-01-23,2025-12-10,2024-01-01,7,159.78,22.83,114.5,Loyal (5-12)
713,London,2024-09-18,2025-03-25,2025-09-24,2025-03-01,2,52.57,26.29,183.0,Occasional (2-4)
714,London,2025-01-24,2025-08-20,2025-12-24,2025-08-01,2,45.66,22.83,126.0,Occasional (2-4)
715,North West,2023-11-26,2024-03-20,2025-08-12,2024-03-01,6,143.24,23.87,102.0,Loyal (5-12)
716,North West,2025-01-14,2025-01-24,2025-12-20,2025-01-01,6,88.20,14.70,66.0,Loyal (5-12)
717,Midlands,2025-09-01,2025-11-17,2025-11-17,2025-11-01,1,32.80,32.80,,One-off
718,Yorkshire,2025-04-22,2025-05-26,2025-12-16,2025-05-01,4,69.95,17.49,68.0,Occasional (2-4)
719,London,2025-05-01,2025-09-30,2025-09-30,2025-09-01,1,19.25,19.25,,One-off
720,Scotland,2023-10-27,2024-05-22,2025-08-01,2024-05-01,4,78.78,19.70,145.3,Occasional (2-4)
721,South East,2023-08-03,2024-01-23,2025-12-24,2024-01-01,27,499.25,18.49,27.0,Super-fan (13+)
722,Yorkshire,2025-05-08,2025-11-02,2025-11-02,2025-11-01,1,7.90,7.90,,One-off
723,South East,2023-12-02,2024-05-10,2024-05-10,2024-05-01,1,6.43,6.43,,One-off
724,North West,2024-11-06,2024-12-29,2025-11-17,2024-12-01,6,112.91,18.82,64.6,Loyal (5-12)
725,Midlands,2025-05-28,2025-06-02,2025-06-02,2025-06-01,1,21.85,21.85,,One-off
726,North West,2025-02-11,2025-10-19,2025-10-19,2025-10-01,1,22.16,22.16,,One-off
727,Scotland,2024-02-15,2025-09-12,2025-09-12,2025-09-01,1,23.19,23.19,,One-off
728,South East,2024-03-20,2025-11-01,2025-11-01,2025-11-01,1,26.85,26.85,,One-off
729,South East,2023-07-08,2024-12-02,2024-12-02,2024-12-01,1,16.95,16.95,,One-off
731,South East,2024-08-19,2024-09-01,2025-11-15,2024-09-01,3,76.78,25.59,220.0,Occasional (2-4)
732,Scotland,2025-04-27,2025-06-21,2025-06-21,2025-06-01,1,40.53,40.53,,One-off
733,Yorkshire,2025-03-22,2025-09-10,2025-09-10,2025-09-01,1,32.90,32.90,,One-off
734,North West,2023-07-01,2025-10-03,2025-11-05,2025-10-01,2,20.50,10.25,33.0,Occasional (2-4)
735,North West,2023-06-22,2024-03-28,2025-10-07,2024-03-01,7,124.73,17.82,56.8,Loyal (5-12)
737,Midlands,2025-05-10,2025-12-14,2025-12-14,2025-12-01,1,51.25,51.25,,One-off
738,North West,2025-07-11,2025-10-19,2025-10-19,2025-10-01,1,12.45,12.45,,One-off
739,London,2025-08-29,2025-08-30,2025-08-30,2025-08-01,1,10.55,10.55,,One-off
740,London,2023-09-09,2025-08-05,2025-08-05,2025-08-01,1,7.75,7.75,,One-off
741,London,2025-03-29,2025-07-24,2025-07-24,2025-07-01,1,28.82,28.82,,One-off
742,North West,2025-09-28,2025-11-20,2025-11-20,2025-11-01,1,23.65,23.65,,One-off
743,South East,2024-07-30,2025-06-04,2025-06-04,2025-06-01,1,11.40,11.40,,One-off
744,South East,2025-07-08,2025-10-01,2025-10-01,2025-10-01,1,23.10,23.10,,One-off
745,Midlands,2023-07-24,2024-12-07,2024-12-07,2024-12-01,1,29.26,29.26,,One-off
746,Midlands,2023-06-16,2024-11-28,2024-11-28,2024-11-01,1,9.29,9.29,,One-off
747,North West,2025-09-08,2025-11-18,2025-11-18,2025-11-01,1,12.45,12.45,,One-off
748,South East,2024-02-09,2025-12-18,2025-12-18,2025-12-01,1,23.46,23.46,,One-off
749,London,2024-07-26,2025-07-12,2025-07-12,2025-07-01,1,12.24,12.24,,One-off
750,Yorkshire,2024-12-23,2025-08-26,2025-08-26,2025-08-01,1,12.15,12.15,,One-off
751,South East,2023-11-12,2024-02-10,2025-12-28,2024-02-01,12,233.44,19.45,62.5,Loyal (5-12)
752,Yorkshire,2025-03-30,2025-09-21,2025-09-21,2025-09-01,1,17.65,17.65,,One-off
753,South East,2025-08-31,2025-11-05,2025-11-05,2025-11-01,1,27.90,27.90,,One-off
754,Scotland,2025-04-18,2025-11-23,2025-11-23,2025-11-01,1,12.40,12.40,,One-off
755,Midlands,2023-11-03,2025-10-02,2025-10-02,2025-10-01,1,26.35,26.35,,One-off
756,Yorkshire,2024-02-29,2025-03-18,2025-03-18,2025-03-01,1,10.15,10.15,,One-off
757,London,2023-07-28,2024-06-18,2025-03-27,2024-06-01,3,38.31,12.77,141.0,Occasional (2-4)
758,North West,2023-09-18,2024-03-12,2025-11-30,2024-03-01,2,50.38,25.19,628.0,Occasional (2-4)
759,Yorkshire,2025-07-12,2025-11-02,2025-11-02,2025-11-01,1,27.35,27.35,,One-off
760,London,2024-11-21,2025-10-21,2025-10-21,2025-10-01,1,7.25,7.25,,One-off
761,Scotland,2024-08-29,2025-02-06,2025-12-06,2025-02-01,3,65.87,21.96,151.5,Occasional (2-4)
762,Scotland,2023-11-14,2024-04-21,2025-08-10,2024-04-01,3,51.33,17.11,238.0,Occasional (2-4)
763,South East,2024-10-31,2025-03-08,2025-03-08,2025-03-01,1,20.45,20.45,,One-off
764,London,2025-05-01,2025-12-08,2025-12-08,2025-12-01,1,26.65,26.65,,One-off
765,North West,2025-01-11,2025-02-08,2025-06-27,2025-02-01,2,19.25,9.63,139.0,Occasional (2-4)
766,Yorkshire,2023-06-07,2025-11-22,2025-11-22,2025-11-01,1,9.40,9.40,,One-off
767,South East,2025-02-17,2025-04-04,2025-11-08,2025-04-01,2,32.48,16.24,218.0,Occasional (2-4)
768,North West,2025-05-14,2025-08-06,2025-10-11,2025-08-01,3,46.90,15.63,33.0,Occasional (2-4)
769,Yorkshire,2023-11-30,2025-01-23,2025-01-23,2025-01-01,1,27.15,27.15,,One-off
770,South East,2024-02-16,2025-04-10,2025-04-10,2025-04-01,1,15.35,15.35,,One-off
771,South East,2025-04-10,2025-10-31,2025-10-31,2025-10-01,1,18.80,18.80,,One-off
772,South East,2025-08-28,2025-12-04,2025-12-04,2025-12-01,1,9.20,9.20,,One-off
773,North West,2024-08-10,2025-10-25,2025-10-25,2025-10-01,1,6.11,6.11,,One-off
774,Midlands,2024-12-09,2025-01-03,2025-10-02,2025-01-01,5,85.55,17.11,68.0,Loyal (5-12)
775,Yorkshire,2024-05-24,2025-12-03,2025-12-03,2025-12-01,1,19.31,19.31,,One-off
776,North West,2023-07-01,2024-02-03,2025-12-20,2024-02-01,10,250.26,25.03,76.2,Loyal (5-12)
777,London,2025-07-25,2025-08-24,2025-08-24,2025-08-01,1,6.20,6.20,,One-off
778,London,2025-08-06,2025-12-27,2025-12-27,2025-12-01,1,17.75,17.75,,One-off
779,London,2025-01-12,2025-03-28,2025-10-09,2025-03-01,5,92.99,18.60,48.8,Loyal (5-12)
780,South East,2025-04-18,2025-10-23,2025-12-29,2025-10-01,2,74.70,37.35,67.0,Occasional (2-4)
781,South East,2024-09-13,2025-03-09,2025-07-18,2025-03-01,3,32.65,10.88,65.5,Occasional (2-4)
782,Yorkshire,2024-03-17,2025-10-09,2025-10-09,2025-10-01,1,16.95,16.95,,One-off
783,Midlands,2025-08-30,2025-11-21,2025-12-09,2025-11-01,2,39.20,19.60,18.0,Occasional (2-4)
784,Scotland,2024-07-20,2024-10-01,2024-10-01,2024-10-01,1,7.19,7.19,,One-off
785,South East,2023-10-20,2025-05-16,2025-09-06,2025-05-01,2,31.40,15.70,113.0,Occasional (2-4)
786,South East,2024-07-07,2025-07-09,2025-07-09,2025-07-01,1,17.83,17.83,,One-off
787,North West,2024-01-27,2024-04-30,2025-11-27,2024-04-01,6,183.52,30.59,115.2,Loyal (5-12)
788,Midlands,2024-03-10,2024-10-23,2025-09-21,2024-10-01,5,83.53,16.71,83.3,Loyal (5-12)
789,Midlands,2025-01-30,2025-04-29,2025-12-26,2025-04-01,4,69.44,17.36,80.3,Occasional (2-4)
790,London,2024-09-09,2024-10-26,2024-10-26,2024-10-01,1,6.90,6.90,,One-off
791,North West,2023-08-21,2025-05-25,2025-12-28,2025-05-01,3,74.00,24.67,108.5,Occasional (2-4)
792,North West,2025-07-21,2025-08-22,2025-08-22,2025-08-01,1,26.90,26.90,,One-off
793,London,2025-05-18,2025-10-19,2025-10-19,2025-10-01,1,18.80,18.80,,One-off
794,London,2025-01-04,2025-04-29,2025-04-29,2025-04-01,1,31.50,31.50,,One-off
795,Midlands,2023-10-10,2025-01-28,2025-12-02,2025-01-01,4,75.11,18.78,102.7,Occasional (2-4)
796,Scotland,2024-03-29,2024-09-10,2025-05-10,2024-09-01,6,71.27,11.88,48.4,Loyal (5-12)
798,South East,2024-06-09,2024-06-26,2025-09-24,2024-06-01,2,26.52,13.26,455.0,Occasional (2-4)
799,London,2024-08-13,2024-08-25,2025-12-14,2024-08-01,14,350.42,25.03,36.6,Super-fan (13+)
800,Yorkshire,2023-06-05,2024-01-12,2025-08-20,2024-01-01,3,56.61,18.87,293.0,Occasional (2-4)
801,Midlands,2024-04-27,2025-02-26,2025-02-26,2025-02-01,1,29.35,29.35,,One-off
802,North West,2025-04-11,2025-10-27,2025-10-27,2025-10-01,1,23.93,23.93,,One-off
803,Midlands,2023-07-10,2025-06-05,2025-06-05,2025-06-01,1,18.90,18.90,,One-off
804,South East,2025-02-06,2025-10-31,2025-10-31,2025-10-01,1,12.27,12.27,,One-off
806,South East,2025-03-31,2025-08-17,2025-08-19,2025-08-01,2,22.43,11.22,2.0,Occasional (2-4)
807,North West,2025-09-12,2025-12-17,2025-12-17,2025-12-01,1,8.75,8.75,,One-off
808,London,2024-11-09,2025-07-29,2025-07-29,2025-07-01,1,4.85,4.85,,One-off
809,Midlands,2025-02-06,2025-11-24,2025-11-24,2025-11-01,1,39.70,39.70,,One-off
810,South East,2024-12-08,2024-12-08,2025-12-24,2024-12-01,12,163.33,13.61,34.6,Loyal (5-12)
811,Scotland,2023-10-01,2024-06-08,2025-12-14,2024-06-01,8,112.17,14.02,79.1,Loyal (5-12)
812,Midlands,2024-03-13,2024-04-23,2024-04-23,2024-04-01,1,28.57,28.57,,One-off
813,North West,2024-02-12,2024-10-11,2025-06-06,2024-10-01,2,51.65,25.83,238.0,Occasional (2-4)
814,South East,2024-08-04,2024-08-16,2025-12-03,2024-08-01,3,75.92,25.31,237.0,Occasional (2-4)
815,North West,2023-11-16,2025-04-17,2025-09-11,2025-04-01,2,38.60,19.30,147.0,Occasional (2-4)
816,London,2024-02-10,2024-11-01,2025-07-19,2024-11-01,2,45.35,22.68,180.0,Occasional (2-4)
817,Scotland,2025-05-31,2025-09-13,2025-10-25,2025-09-01,3,61.85,20.62,21.0,Occasional (2-4)
818,Scotland,2025-04-22,2025-06-23,2025-11-13,2025-06-01,8,203.90,25.49,20.4,Loyal (5-12)
819,South East,2024-10-15,2024-12-10,2025-10-26,2024-12-01,2,18.28,9.14,320.0,Occasional (2-4)
820,Yorkshire,2025-04-21,2025-09-13,2025-12-21,2025-09-01,3,53.82,17.94,49.5,Occasional (2-4)
821,North West,2025-05-05,2025-10-04,2025-10-04,2025-10-01,1,20.05,20.05,,One-off
822,North West,2024-02-03,2024-05-05,2024-05-05,2024-05-01,1,26.67,26.67,,One-off
823,London,2024-12-23,2024-12-29,2025-12-19,2024-12-01,12,286.65,23.89,32.3,Loyal (5-12)
824,South East,2024-10-12,2025-12-19,2025-12-19,2025-12-01,1,25.85,25.85,,One-off
825,South East,2024-03-28,2024-08-13,2025-05-12,2024-08-01,2,34.45,17.23,272.0,Occasional (2-4)
826,Midlands,2023-10-07,2024-01-04,2025-12-27,2024-01-01,8,182.32,22.79,103.3,Loyal (5-12)
827,Yorkshire,2024-07-10,2025-02-02,2025-11-06,2025-02-01,5,118.47,23.69,69.3,Loyal (5-12)
828,Scotland,2023-11-14,2024-11-25,2025-02-19,2024-11-01,2,32.40,16.20,86.0,Occasional (2-4)
829,South East,2024-09-04,2025-02-06,2025-02-16,2025-02-01,2,64.43,32.22,10.0,Occasional (2-4)
830,South East,2024-04-28,2024-09-24,2025-12-03,2024-09-01,3,52.42,17.47,217.5,Occasional (2-4)
831,London,2023-08-03,2024-06-09,2025-11-28,2024-06-01,3,85.41,28.47,179.5,Occasional (2-4)
832,South East,2024-10-18,2025-12-29,2025-12-29,2025-12-01,1,9.15,9.15,,One-off
833,London,2023-11-17,2024-04-30,2025-10-16,2024-04-01,8,175.50,21.94,76.3,Loyal (5-12)
834,London,2024-08-08,2024-09-01,2025-10-27,2024-09-01,5,89.01,17.80,105.3,Loyal (5-12)
835,London,2025-04-10,2025-04-14,2025-12-15,2025-04-01,4,83.24,20.81,81.7,Occasional (2-4)
836,Scotland,2025-08-07,2025-09-15,2025-10-06,2025-09-01,2,32.41,16.21,21.0,Occasional (2-4)
837,South East,2024-06-07,2025-02-19,2025-02-19,2025-02-01,1,10.35,10.35,,One-off
838,London,2025-09-29,2025-10-25,2025-12-13,2025-10-01,2,48.69,24.35,49.0,Occasional (2-4)
839,South East,2025-07-27,2025-12-09,2025-12-09,2025-12-01,1,23.96,23.96,,One-off
840,Scotland,2024-11-27,2025-08-26,2025-08-26,2025-08-01,1,24.15,24.15,,One-off
841,London,2023-10-14,2024-10-05,2025-11-29,2024-10-01,2,26.29,13.15,420.0,Occasional (2-4)
842,London,2024-09-10,2024-09-13,2025-12-17,2024-09-01,6,102.21,17.04,79.2,Loyal (5-12)
843,Midlands,2025-05-14,2025-07-18,2025-11-03,2025-07-01,4,44.34,11.09,36.0,Occasional (2-4)
844,South East,2023-06-05,2025-10-19,2025-12-28,2025-10-01,2,36.46,18.23,70.0,Occasional (2-4)
845,Midlands,2024-08-11,2025-02-25,2025-02-25,2025-02-01,1,20.45,20.45,,One-off
846,Scotland,2024-05-22,2024-09-12,2025-12-28,2024-09-01,2,38.61,19.31,472.0,Occasional (2-4)
847,Yorkshire,2025-05-22,2025-12-03,2025-12-03,2025-12-01,1,20.40,20.40,,One-off
848,London,2024-12-14,2025-05-19,2025-05-19,2025-05-01,1,18.40,18.40,,One-off
849,South East,2023-10-16,2024-10-06,2025-12-27,2024-10-01,10,208.41,20.84,49.7,Loyal (5-12)
850,London,2024-07-04,2024-10-05,2025-03-20,2024-10-01,3,76.55,25.52,83.0,Occasional (2-4)
851,London,2023-11-25,2024-01-01,2025-12-29,2024-01-01,14,309.86,22.13,45.4,Super-fan (13+)
852,South East,2024-03-13,2024-04-06,2025-10-15,2024-04-01,4,64.84,16.21,185.7,Occasional (2-4)
853,Midlands,2023-07-03,2024-08-13,2025-12-28,2024-08-01,8,129.00,16.13,71.7,Loyal (5-12)
854,South East,2024-08-01,2024-12-21,2024-12-21,2024-12-01,1,16.05,16.05,,One-off
855,Yorkshire,2025-06-11,2025-10-01,2025-10-01,2025-10-01,1,41.15,41.15,,One-off
856,London,2023-07-30,2025-10-12,2025-10-12,2025-10-01,1,27.80,27.80,,One-off
857,Scotland,2025-06-13,2025-12-23,2025-12-23,2025-12-01,1,19.91,19.91,,One-off
858,Scotland,2023-07-23,2024-02-21,2025-12-18,2024-02-01,16,282.03,17.63,44.4,Super-fan (13+)
859,South East,2023-09-28,2024-08-03,2025-12-24,2024-08-01,9,169.38,18.82,63.5,Loyal (5-12)
860,Midlands,2025-01-23,2025-11-29,2025-11-29,2025-11-01,1,26.85,26.85,,One-off
861,Midlands,2023-09-12,2024-03-27,2025-12-25,2024-03-01,3,98.90,32.97,319.0,Occasional (2-4)
862,Midlands,2024-12-10,2024-12-31,2025-12-07,2024-12-01,6,149.16,24.86,68.2,Loyal (5-12)
863,Yorkshire,2024-03-03,2025-04-08,2025-04-08,2025-04-01,1,12.65,12.65,,One-off
864,Yorkshire,2025-09-19,2025-11-14,2025-11-14,2025-11-01,1,7.70,7.70,,One-off
865,Scotland,2024-04-19,2024-04-20,2024-04-20,2024-04-01,1,18.24,18.24,,One-off
866,Midlands,2025-06-23,2025-11-30,2025-11-30,2025-11-01,1,27.60,27.60,,One-off
867,Midlands,2023-10-30,2025-06-17,2025-06-17,2025-06-01,1,8.32,8.32,,One-off
868,South East,2024-12-12,2025-01-04,2025-11-19,2025-01-01,6,108.35,18.06,63.8,Loyal (5-12)
869,North West,2024-07-07,2024-12-20,2025-11-01,2024-12-01,3,50.50,16.83,158.0,Occasional (2-4)
870,Scotland,2024-12-20,2025-01-29,2025-11-26,2025-01-01,5,124.74,24.95,75.3,Loyal (5-12)
871,London,2024-05-10,2024-10-02,2024-10-02,2024-10-01,1,26.55,26.55,,One-off
872,South East,2024-04-14,2025-02-26,2025-12-25,2025-02-01,3,80.50,26.83,151.0,Occasional (2-4)
873,South East,2025-04-14,2025-09-01,2025-09-01,2025-09-01,1,19.19,19.19,,One-off
874,North West,2023-07-02,2025-05-11,2025-08-22,2025-05-01,2,60.46,30.23,103.0,Occasional (2-4)
875,Midlands,2024-05-23,2024-09-11,2025-12-15,2024-09-01,16,304.46,19.03,30.7,Super-fan (13+)
876,Midlands,2025-05-29,2025-10-31,2025-10-31,2025-10-01,1,15.80,15.80,,One-off
877,London,2025-01-29,2025-02-10,2025-06-04,2025-02-01,2,18.66,9.33,114.0,Occasional (2-4)
878,Midlands,2024-11-17,2024-12-09,2025-12-21,2024-12-01,13,243.37,18.72,31.4,Super-fan (13+)
879,Midlands,2024-06-04,2024-12-14,2024-12-14,2024-12-01,1,48.87,48.87,,One-off
880,Yorkshire,2023-11-07,2024-01-27,2024-08-11,2024-01-01,2,28.92,14.46,197.0,Occasional (2-4)
881,North West,2025-05-24,2025-12-31,2025-12-31,2025-12-01,1,22.30,22.30,,One-off
882,South East,2024-03-13,2025-02-03,2025-08-31,2025-02-01,3,37.15,12.38,104.5,Occasional (2-4)
883,North West,2025-03-17,2025-12-09,2025-12-09,2025-12-01,1,14.00,14.00,,One-off
884,Yorkshire,2023-08-02,2024-08-18,2025-07-26,2024-08-01,5,110.23,22.05,85.5,Loyal (5-12)
885,North West,2023-12-11,2025-02-04,2025-02-04,2025-02-01,1,27.00,27.00,,One-off
886,Yorkshire,2024-01-03,2024-06-16,2025-12-04,2024-06-01,12,240.92,20.08,48.7,Loyal (5-12)
887,North West,2024-04-07,2024-05-21,2025-12-28,2024-05-01,9,152.12,16.90,69.9,Loyal (5-12)
888,London,2025-07-22,2025-08-24,2025-12-05,2025-08-01,2,51.94,25.97,103.0,Occasional (2-4)
889,North West,2023-09-25,2024-09-08,2025-10-12,2024-09-01,4,90.28,22.57,133.0,Occasional (2-4)
890,Yorkshire,2025-01-17,2025-03-01,2025-12-30,2025-03-01,2,34.30,17.15,304.0,Occasional (2-4)
891,North West,2024-10-21,2024-12-22,2025-12-03,2024-12-01,6,117.37,19.56,69.2,Loyal (5-12)
892,Scotland,2024-07-08,2024-12-21,2025-12-23,2024-12-01,7,220.18,31.45,61.2,Loyal (5-12)
893,North West,2023-11-08,2024-01-18,2024-01-18,2024-01-01,1,20.33,20.33,,One-off
894,London,2023-07-09,2024-12-03,2025-07-05,2024-12-01,2,18.64,9.32,214.0,Occasional (2-4)
895,Scotland,2023-07-02,2025-04-23,2025-04-23,2025-04-01,1,24.00,24.00,,One-off
896,North West,2025-05-01,2025-07-27,2025-07-27,2025-07-01,1,20.34,20.34,,One-off
897,South East,2024-06-30,2025-03-13,2025-03-13,2025-03-01,1,6.15,6.15,,One-off
898,London,2024-01-27,2024-07-12,2025-03-18,2024-07-01,6,131.20,21.87,50.5,Loyal (5-12)
899,South East,2023-07-11,2024-01-28,2024-11-01,2024-01-01,4,94.69,23.67,92.7,Occasional (2-4)
900,North West,2023-06-11,2024-10-12,2025-12-29,2024-10-01,2,38.59,19.30,443.0,Occasional (2-4)
901,North West,2024-11-27,2024-12-02,2024-12-02,2024-12-01,1,38.25,38.25,,One-off
902,Midlands,2024-05-08,2024-06-28,2025-11-28,2024-06-01,3,62.62,20.87,259.0,Occasional (2-4)
903,London,2025-09-20,2025-12-21,2025-12-21,2025-12-01,1,20.06,20.06,,One-off
904,Midlands,2024-10-04,2025-03-30,2025-03-30,2025-03-01,1,16.99,16.99,,One-off
905,North West,2025-02-24,2025-03-13,2025-03-13,2025-03-01,1,28.05,28.05,,One-off
906,North West,2024-11-19,2025-04-04,2025-04-07,2025-04-01,2,40.01,20.01,3.0,Occasional (2-4)
907,North West,2023-07-21,2025-07-26,2025-07-26,2025-07-01,1,20.38,20.38,,One-off
908,Yorkshire,2025-01-30,2025-06-01,2025-06-01,2025-06-01,1,21.95,21.95,,One-off
909,North West,2024-12-28,2025-01-01,2025-08-11,2025-01-01,2,31.90,15.95,222.0,Occasional (2-4)
910,Midlands,2024-12-30,2025-11-19,2025-11-19,2025-11-01,1,22.90,22.90,,One-off
911,Scotland,2023-10-15,2024-02-07,2025-12-26,2024-02-01,12,266.32,22.19,62.5,Loyal (5-12)
912,South East,2024-07-19,2025-12-13,2025-12-13,2025-12-01,1,35.16,35.16,,One-off
913,London,2024-04-17,2024-06-09,2025-08-10,2024-06-01,6,176.28,29.38,85.4,Loyal (5-12)
914,Scotland,2024-08-05,2025-04-22,2025-10-05,2025-04-01,2,35.55,17.78,166.0,Occasional (2-4)
915,North West,2025-06-09,2025-07-27,2025-11-24,2025-07-01,2,41.50,20.75,120.0,Occasional (2-4)
916,London,2023-12-20,2024-04-07,2025-12-28,2024-04-01,10,193.83,19.38,70.0,Loyal (5-12)
917,North West,2024-08-17,2024-11-18,2024-11-18,2024-11-01,1,7.57,7.57,,One-off
918,North West,2024-08-29,2024-10-25,2024-12-25,2024-10-01,3,41.09,13.70,30.5,Occasional (2-4)
919,Yorkshire,2023-12-28,2024-11-29,2024-11-29,2024-11-01,1,19.94,19.94,,One-off
920,London,2023-07-16,2024-01-16,2024-08-08,2024-01-01,3,53.63,17.88,102.5,Occasional (2-4)
921,Scotland,2024-04-14,2024-10-28,2025-12-28,2024-10-01,5,106.58,21.32,106.5,Loyal (5-12)
922,South East,2024-12-26,2025-08-02,2025-11-29,2025-08-01,3,57.04,19.01,59.5,Occasional (2-4)
923,Scotland,2023-11-21,2024-11-14,2024-11-14,2024-11-01,1,11.99,11.99,,One-off
924,South East,2025-09-07,2025-10-10,2025-10-10,2025-10-01,1,16.70,16.70,,One-off
925,Yorkshire,2024-08-25,2024-09-04,2025-12-09,2024-09-01,18,424.36,23.58,27.1,Super-fan (13+)
926,North West,2025-01-21,2025-04-17,2025-11-09,2025-04-01,3,81.65,27.22,92.7,Occasional (2-4)
927,South East,2024-10-28,2025-02-19,2025-10-12,2025-02-01,5,64.20,12.84,58.8,Loyal (5-12)
928,North West,2023-11-27,2024-08-01,2025-04-15,2024-08-01,3,72.67,24.22,128.5,Occasional (2-4)
929,Yorkshire,2024-01-15,2024-01-16,2025-03-03,2024-01-01,4,62.77,15.69,96.0,Occasional (2-4)
930,North West,2024-04-16,2024-08-26,2025-08-03,2024-08-01,5,120.61,24.12,85.5,Loyal (5-12)
931,London,2025-03-01,2025-07-01,2025-07-01,2025-07-01,1,9.65,9.65,,One-off
932,Midlands,2024-06-29,2024-12-15,2024-12-15,2024-12-01,1,15.02,15.02,,One-off
933,Scotland,2024-01-14,2024-11-07,2025-09-29,2024-11-01,3,35.88,11.96,163.0,Occasional (2-4)
934,Yorkshire,2024-10-03,2025-10-08,2025-10-08,2025-10-01,1,16.65,16.65,,One-off
935,Scotland,2024-11-17,2024-12-14,2025-12-15,2024-12-01,16,378.35,23.65,24.4,Super-fan (13+)
936,London,2025-07-17,2025-11-01,2025-11-01,2025-11-01,1,18.65,18.65,,One-off
937,North West,2023-07-17,2024-09-10,2024-09-10,2024-09-01,1,17.85,17.85,,One-off
938,London,2023-11-09,2024-04-27,2025-12-08,2024-04-01,10,188.12,18.81,46.3,Loyal (5-12)
939,London,2024-06-17,2024-08-23,2025-10-14,2024-08-01,2,48.31,24.16,417.0,Occasional (2-4)
940,Scotland,2023-07-25,2024-07-27,2024-07-27,2024-07-01,1,12.95,12.95,,One-off
941,Yorkshire,2024-06-17,2024-11-29,2025-02-04,2024-11-01,2,77.80,38.90,67.0,Occasional (2-4)
942,Yorkshire,2025-02-15,2025-03-25,2025-09-15,2025-03-01,3,54.69,18.23,87.0,Occasional (2-4)
943,Yorkshire,2024-08-19,2025-04-30,2025-11-20,2025-04-01,5,114.36,22.87,51.0,Loyal (5-12)
944,Scotland,2024-05-21,2025-05-05,2025-05-05,2025-05-01,1,6.55,6.55,,One-off
945,Yorkshire,2023-11-29,2024-07-17,2024-07-17,2024-07-01,1,12.79,12.79,,One-off
946,North West,2023-12-12,2024-12-05,2024-12-05,2024-12-01,1,11.21,11.21,,One-off
947,Yorkshire,2025-01-07,2025-07-20,2025-12-01,2025-07-01,2,39.35,19.68,134.0,Occasional (2-4)
948,South East,2024-11-16,2025-10-05,2025-10-05,2025-10-01,1,18.10,18.10,,One-off
949,South East,2024-01-25,2025-03-31,2025-03-31,2025-03-01,1,6.46,6.46,,One-off
950,London,2023-12-13,2024-10-27,2024-10-27,2024-10-01,1,22.00,22.00,,One-off
951,Scotland,2025-02-13,2025-07-29,2025-07-29,2025-07-01,1,26.37,26.37,,One-off
952,South East,2024-04-19,2025-11-28,2025-11-28,2025-11-01,1,11.75,11.75,,One-off
953,South East,2025-07-26,2025-10-16,2025-10-16,2025-10-01,1,8.63,8.63,,One-off
954,Yorkshire,2024-07-20,2024-08-24,2024-08-24,2024-08-01,1,11.39,11.39,,One-off
955,London,2024-03-24,2024-04-04,2025-10-23,2024-04-01,9,144.11,16.01,70.9,Loyal (5-12)
956,South East,2023-09-14,2024-08-30,2025-02-18,2024-08-01,3,43.39,14.46,86.0,Occasional (2-4)
958,Yorkshire,2024-09-06,2025-08-08,2025-08-08,2025-08-01,1,16.07,16.07,,One-off
959,Midlands,2024-07-24,2025-12-03,2025-12-03,2025-12-01,1,19.90,19.90,,One-off
960,London,2024-04-09,2024-12-05,2025-02-22,2024-12-01,2,78.41,39.21,79.0,Occasional (2-4)
961,South East,2024-05-24,2024-05-25,2025-12-17,2024-05-01,18,285.01,15.83,32.4,Super-fan (13+)
962,Midlands,2025-04-09,2025-12-13,2025-12-13,2025-12-01,1,27.14,27.14,,One-off
963,South East,2025-08-04,2025-10-26,2025-10-26,2025-10-01,1,23.43,23.43,,One-off
964,London,2025-02-07,2025-03-05,2025-03-05,2025-03-01,1,26.20,26.20,,One-off
965,South East,2025-07-02,2025-11-04,2025-11-04,2025-11-01,1,16.05,16.05,,One-off
966,London,2024-06-13,2025-03-16,2025-12-22,2025-03-01,3,75.45,25.15,140.5,Occasional (2-4)
967,Yorkshire,2024-12-05,2025-11-05,2025-11-05,2025-11-01,1,6.55,6.55,,One-off
968,Midlands,2024-05-22,2024-06-26,2025-12-29,2024-06-01,17,376.04,22.12,34.4,Super-fan (13+)
969,South East,2023-08-31,2025-04-11,2025-04-11,2025-04-01,1,22.65,22.65,,One-off
970,Midlands,2023-07-20,2024-02-29,2025-12-04,2024-02-01,9,143.27,15.92,80.5,Loyal (5-12)
971,Scotland,2025-06-11,2025-06-21,2025-06-21,2025-06-01,1,27.00,27.00,,One-off
972,Scotland,2023-07-01,2024-04-03,2024-04-03,2024-04-01,1,16.76,16.76,,One-off
973,North West,2024-03-22,2024-12-21,2024-12-21,2024-12-01,1,28.19,28.19,,One-off
974,Scotland,2025-04-09,2025-10-23,2025-10-23,2025-10-01,1,19.05,19.05,,One-off
975,Midlands,2025-08-31,2025-10-15,2025-10-15,2025-10-01,1,30.13,30.13,,One-off
976,Yorkshire,2023-08-01,2024-12-17,2024-12-17,2024-12-01,1,26.40,26.40,,One-off
977,London,2025-03-05,2025-09-23,2025-10-07,2025-09-01,2,43.95,21.98,14.0,Occasional (2-4)
978,Yorkshire,2024-06-21,2024-08-02,2024-09-20,2024-08-01,2,49.19,24.60,49.0,Occasional (2-4)
979,Midlands,2025-05-22,2025-11-25,2025-11-25,2025-11-01,1,4.90,4.90,,One-off
980,Midlands,2025-02-18,2025-07-20,2025-09-11,2025-07-01,2,45.81,22.91,53.0,Occasional (2-4)
981,London,2024-06-23,2024-07-05,2025-09-06,2024-07-01,2,50.68,25.34,428.0,Occasional (2-4)
982,Yorkshire,2023-08-13,2024-03-27,2024-03-27,2024-03-01,1,11.59,11.59,,One-off
983,Midlands,2023-07-29,2024-06-13,2025-11-28,2024-06-01,11,154.78,14.07,53.3,Loyal (5-12)
984,London,2024-12-07,2024-12-29,2025-12-09,2024-12-01,5,140.95,28.19,86.3,Loyal (5-12)
985,London,2023-08-23,2024-02-02,2025-12-23,2024-02-01,27,455.20,16.86,26.3,Super-fan (13+)
986,London,2025-05-16,2025-10-07,2025-10-07,2025-10-01,1,18.65,18.65,,One-off
987,London,2023-07-21,2024-08-15,2024-08-15,2024-08-01,1,8.93,8.93,,One-off
988,Yorkshire,2025-06-13,2025-09-04,2025-09-04,2025-09-01,1,6.90,6.90,,One-off
989,Scotland,2023-10-15,2025-01-03,2025-07-25,2025-01-01,2,43.25,21.63,203.0,Occasional (2-4)
990,Scotland,2024-05-30,2024-06-10,2025-12-20,2024-06-01,8,193.86,24.23,79.7,Loyal (5-12)
991,South East,2023-12-17,2024-05-27,2025-12-30,2024-05-01,7,141.03,20.15,85.0,Loyal (5-12)
992,London,2025-01-12,2025-02-20,2025-02-20,2025-02-01,1,10.35,10.35,,One-off
993,South East,2024-11-26,2025-12-25,2025-12-25,2025-12-01,1,15.15,15.15,27.0,One-off
994,South East,2024-09-13,2024-12-20,2025-10-31,2024-12-01,3,61.47,20.49,157.5,Occasional (2-4)
995,South East,2024-04-29,2025-02-12,2025-06-04,2025-02-01,2,25.85,12.93,112.0,Occasional (2-4)
996,Yorkshire,2024-02-29,2024-06-05,2025-12-06,2024-06-01,9,169.93,18.88,62.3,Loyal (5-12)
997,Yorkshire,2023-12-11,2024-03-23,2024-03-23,2024-03-01,1,7.60,7.60,,One-off
998,Midlands,2025-07-09,2025-07-23,2025-07-23,2025-07-01,1,23.40,23.40,,One-off
999,Scotland,2024-12-03,2025-06-25,2025-06-25,2025-06-01,1,17.45,17.45,,One-off
1000,London,2024-10-11,2025-07-15,2025-08-17,2025-07-01,2,65.35,32.68,33.0,Occasional (2-4)
1001,South East,2025-05-15,2025-06-19,2025-07-31,2025-06-01,2,42.78,21.39,42.0,Occasional (2-4)
1002,North West,2025-03-22,2025-04-23,2025-12-31,2025-04-01,5,119.33,23.87,63.0,Loyal (5-12)
1003,North West,2023-06-15,2025-08-07,2025-08-07,2025-08-01,1,27.84,27.84,,One-off
1004,North West,2024-02-20,2024-06-23,2025-12-28,2024-06-01,23,419.76,18.25,25.1,Super-fan (13+)
1005,London,2024-01-25,2024-07-12,2025-11-02,2024-07-01,4,40.13,10.03,159.3,Occasional (2-4)
1007,North West,2024-07-28,2024-12-16,2025-12-02,2024-12-01,5,120.49,24.10,81.8,Loyal (5-12)
1008,London,2023-08-08,2024-08-25,2025-12-11,2024-08-01,4,82.50,20.63,157.7,Occasional (2-4)
1009,South East,2025-08-03,2025-08-03,2025-08-03,2025-08-01,1,6.83,6.83,,One-off
1010,London,2025-07-28,2025-10-08,2025-10-08,2025-10-01,1,11.55,11.55,,One-off
1011,Scotland,2024-08-13,2025-03-14,2025-03-14,2025-03-01,1,12.75,12.75,,One-off
1012,Midlands,2025-01-20,2025-10-10,2025-10-10,2025-10-01,1,13.15,13.15,,One-off
1014,Scotland,2025-04-10,2025-12-22,2025-12-22,2025-12-01,1,7.51,7.51,,One-off
1015,London,2024-05-26,2024-06-14,2024-06-14,2024-06-01,1,12.53,12.53,,One-off
1016,London,2025-03-06,2025-07-30,2025-12-26,2025-07-01,2,57.56,28.78,149.0,Occasional (2-4)
1017,London,2024-07-21,2024-09-20,2024-09-20,2024-09-01,1,14.88,14.88,,One-off
1018,South East,2024-11-14,2025-03-23,2025-12-16,2025-03-01,2,24.18,12.09,268.0,Occasional (2-4)
1019,Midlands,2025-01-21,2025-06-17,2025-06-17,2025-06-01,1,17.05,17.05,,One-off
1020,London,2025-03-29,2025-07-01,2025-07-01,2025-07-01,1,14.35,14.35,,One-off
1022,South East,2024-08-28,2024-09-02,2024-09-02,2024-09-01,1,29.24,29.24,,One-off
1023,Scotland,2023-08-14,2024-04-04,2025-11-14,2024-04-01,4,93.89,23.47,196.3,Occasional (2-4)
1024,Yorkshire,2023-11-08,2024-12-22,2024-12-22,2024-12-01,1,13.88,13.88,,One-off
1025,North West,2023-10-24,2024-02-10,2025-12-25,2024-02-01,2,71.32,35.66,178.0,Occasional (2-4)
1026,Midlands,2024-06-11,2025-08-22,2025-08-22,2025-08-01,1,42.51,42.51,,One-off
1027,London,2023-11-13,2025-03-11,2025-12-26,2025-03-01,2,52.30,26.15,290.0,Occasional (2-4)
1028,Midlands,2025-03-25,2025-03-27,2025-03-27,2025-03-01,1,13.95,13.95,,One-off
1029,Yorkshire,2023-07-03,2024-03-12,2025-12-30,2024-03-01,10,164.72,16.47,73.1,Loyal (5-12)
1030,Yorkshire,2025-07-27,2025-10-12,2025-12-09,2025-10-01,2,19.30,9.65,58.0,Occasional (2-4)
1031,London,2025-06-27,2025-10-02,2025-10-02,2025-10-01,1,7.90,7.90,,One-off
1032,London,2024-10-20,2024-12-29,2025-07-19,2024-12-01,2,38.51,19.26,202.0,Occasional (2-4)
1033,London,2024-05-14,2024-11-11,2025-12-29,2024-11-01,3,67.00,22.33,206.5,Occasional (2-4)
1034,South East,2023-12-25,2025-03-16,2025-11-20,2025-03-01,7,165.81,23.69,41.5,Loyal (5-12)
1035,Yorkshire,2024-12-13,2025-08-10,2025-08-10,2025-08-01,1,32.00,32.00,,One-off
1036,Yorkshire,2025-01-22,2025-01-25,2025-12-30,2025-01-01,2,23.70,11.85,339.0,Occasional (2-4)
1037,Yorkshire,2024-06-10,2024-06-26,2025-12-27,2024-06-01,6,148.80,24.80,109.8,Loyal (5-12)
1038,Midlands,2025-01-15,2025-04-15,2025-10-21,2025-04-01,4,47.16,11.79,63.0,Occasional (2-4)
1039,Scotland,2025-03-09,2025-03-14,2025-09-08,2025-03-01,4,65.09,16.27,59.3,Occasional (2-4)
1040,South East,2024-06-26,2024-09-06,2025-12-24,2024-09-01,8,222.18,27.77,53.9,Loyal (5-12)
1041,South East,2024-08-13,2025-06-23,2025-06-23,2025-06-01,1,16.41,16.41,,One-off
1042,North West,2023-11-16,2025-07-28,2025-07-28,2025-07-01,1,6.35,6.35,,One-off
1043,Scotland,2024-10-15,2025-06-13,2025-06-13,2025-06-01,1,17.15,17.15,,One-off
1044,Midlands,2024-12-05,2025-03-08,2025-03-08,2025-03-01,1,30.25,30.25,,One-off
1045,London,2025-03-04,2025-05-01,2025-05-01,2025-05-01,1,12.00,12.00,,One-off
1046,London,2025-06-14,2025-08-10,2025-12-27,2025-08-01,2,57.65,28.83,139.0,Occasional (2-4)
1047,South East,2025-03-15,2025-11-24,2025-11-24,2025-11-01,1,25.80,25.80,,One-off
1048,Midlands,2024-05-02,2024-06-25,2025-12-01,2024-06-01,9,171.13,19.01,65.5,Loyal (5-12)
1049,North West,2025-03-21,2025-08-17,2025-08-17,2025-08-01,1,6.38,6.38,,One-off
1050,Midlands,2025-08-30,2025-12-21,2025-12-21,2025-12-01,1,17.39,17.39,,One-off
1051,Midlands,2024-05-19,2024-08-24,2025-11-25,2024-08-01,7,162.60,23.23,76.3,Loyal (5-12)
1052,Midlands,2024-10-11,2024-10-12,2024-10-12,2024-10-01,1,24.71,24.71,,One-off
1053,Midlands,2024-07-13,2025-03-21,2025-12-16,2025-03-01,3,37.13,12.38,135.0,Occasional (2-4)
1054,Scotland,2024-06-18,2025-05-11,2025-05-26,2025-05-01,2,29.65,14.83,15.0,Occasional (2-4)
1055,London,2024-07-06,2024-09-16,2025-12-20,2024-09-01,7,140.84,20.12,76.7,Loyal (5-12)
1056,Yorkshire,2025-07-12,2025-12-19,2025-12-19,2025-12-01,1,28.95,28.95,,One-off
1057,Midlands,2025-03-24,2025-12-01,2025-12-01,2025-12-01,1,41.35,41.35,,One-off
1058,Yorkshire,2023-06-19,2024-01-09,2025-12-26,2024-01-01,29,615.65,21.23,25.1,Super-fan (13+)
1059,Midlands,2025-05-04,2025-07-11,2025-10-17,2025-07-01,2,31.85,15.93,98.0,Occasional (2-4)
1060,Midlands,2025-06-02,2025-10-19,2025-10-19,2025-10-01,1,22.90,22.90,,One-off
1061,Midlands,2025-06-19,2025-10-23,2025-10-23,2025-10-01,1,28.30,28.30,,One-off
1062,Scotland,2024-08-20,2024-09-08,2025-04-05,2024-09-01,2,45.17,22.59,209.0,Occasional (2-4)
1063,Scotland,2024-02-11,2025-04-14,2025-08-31,2025-04-01,2,28.72,14.36,139.0,Occasional (2-4)
1064,Scotland,2024-05-23,2024-10-05,2025-05-18,2024-10-01,3,50.97,16.99,112.5,Occasional (2-4)
1065,Midlands,2023-07-01,2025-07-07,2025-07-07,2025-07-01,1,20.76,20.76,496.0,One-off
1066,London,2023-07-05,2024-11-30,2025-11-28,2024-11-01,3,30.66,10.22,181.5,Occasional (2-4)
1067,North West,2025-09-20,2025-10-17,2025-10-17,2025-10-01,1,16.45,16.45,,One-off
1068,Scotland,2024-02-14,2024-07-02,2025-12-25,2024-07-01,11,215.67,19.61,54.1,Loyal (5-12)
1069,Scotland,2024-05-09,2024-06-03,2024-06-03,2024-06-01,1,11.19,11.19,,One-off
1070,Midlands,2023-06-17,2025-12-08,2025-12-08,2025-12-01,1,12.91,12.91,,One-off
1071,Scotland,2023-07-31,2025-12-25,2025-12-25,2025-12-01,1,29.60,29.60,,One-off
1072,North West,2025-07-07,2025-12-06,2025-12-06,2025-12-01,1,71.40,71.40,,One-off
1073,Yorkshire,2024-11-07,2025-06-18,2025-06-18,2025-06-01,1,19.32,19.32,,One-off
1074,Midlands,2025-07-04,2025-10-14,2025-10-14,2025-10-01,1,25.85,25.85,,One-off
1075,North West,2023-11-11,2024-01-10,2025-11-02,2024-01-01,7,151.49,21.64,110.3,Loyal (5-12)
1076,Scotland,2024-12-09,2024-12-15,2025-10-29,2024-12-01,15,309.94,20.66,22.7,Super-fan (13+)
1077,London,2024-04-13,2024-05-15,2025-11-08,2024-05-01,9,195.42,21.71,67.8,Loyal (5-12)
1078,Midlands,2024-06-07,2024-07-28,2025-10-11,2024-07-01,7,97.03,13.86,73.3,Loyal (5-12)
1079,Yorkshire,2024-08-21,2024-09-12,2025-07-25,2024-09-01,2,15.31,7.66,316.0,Occasional (2-4)
1080,North West,2025-04-26,2025-06-25,2025-06-25,2025-06-01,1,10.35,10.35,,One-off
1081,Yorkshire,2024-01-12,2024-07-22,2024-07-22,2024-07-01,1,17.32,17.32,,One-off
1082,Midlands,2025-01-30,2025-04-09,2025-04-09,2025-04-01,1,26.20,26.20,,One-off
1083,London,2023-08-05,2024-08-21,2024-08-21,2024-08-01,1,35.40,35.40,,One-off
1084,London,2024-02-27,2024-06-20,2024-06-20,2024-06-01,1,15.32,15.32,,One-off
1085,Scotland,2025-07-31,2025-08-12,2025-12-20,2025-08-01,4,59.91,14.98,43.3,Occasional (2-4)
1086,London,2024-02-28,2024-07-17,2025-12-15,2024-07-01,4,102.10,25.53,172.0,Occasional (2-4)
1087,Scotland,2023-12-08,2025-04-11,2025-04-11,2025-04-01,1,15.35,15.35,,One-off
1088,Yorkshire,2024-02-26,2025-02-14,2025-02-14,2025-02-01,1,6.67,6.67,,One-off
1089,London,2025-07-26,2025-08-29,2025-11-23,2025-08-01,2,30.71,15.36,86.0,Occasional (2-4)
1090,North West,2025-05-25,2025-06-25,2025-06-25,2025-06-01,1,6.55,6.55,,One-off
1091,London,2024-02-17,2025-05-13,2025-12-05,2025-05-01,3,65.78,21.93,103.0,Occasional (2-4)
1092,Yorkshire,2024-04-29,2024-12-29,2024-12-29,2024-12-01,1,33.71,33.71,,One-off
1093,Yorkshire,2024-04-08,2025-06-26,2025-06-26,2025-06-01,1,27.90,27.90,,One-off
1094,Midlands,2024-09-11,2025-08-21,2025-08-21,2025-08-01,1,14.35,14.35,,One-off
1095,Yorkshire,2025-05-31,2025-06-05,2025-12-02,2025-06-01,3,55.85,18.62,90.0,Occasional (2-4)
1096,Midlands,2024-06-04,2025-01-19,2025-01-19,2025-01-01,1,34.60,34.60,,One-off
1098,South East,2023-09-08,2024-02-20,2025-12-29,2024-02-01,11,236.58,21.51,67.8,Loyal (5-12)
1099,London,2024-10-26,2025-08-12,2025-08-12,2025-08-01,1,12.12,12.12,,One-off
1100,North West,2025-09-04,2025-10-27,2025-10-27,2025-10-01,1,26.06,26.06,,One-off
1101,Yorkshire,2024-03-26,2024-08-20,2025-12-17,2024-08-01,7,146.57,20.94,70.3,Loyal (5-12)
1102,South East,2024-09-03,2024-12-24,2025-12-20,2024-12-01,2,42.28,21.14,361.0,Occasional (2-4)
1103,Scotland,2024-03-10,2024-05-19,2025-11-29,2024-05-01,10,193.36,19.34,62.1,Loyal (5-12)
1104,South East,2023-10-04,2024-03-16,2025-07-06,2024-03-01,4,80.97,20.24,159.0,Occasional (2-4)
1105,South East,2024-11-02,2024-12-20,2024-12-20,2024-12-01,1,35.28,35.28,,One-off
1106,Scotland,2024-11-11,2024-12-31,2024-12-31,2024-12-01,1,16.19,16.19,,One-off
1107,South East,2025-08-26,2025-09-29,2025-12-02,2025-09-01,4,60.94,15.24,21.3,Occasional (2-4)
1108,Midlands,2023-06-17,2025-05-12,2025-11-06,2025-05-01,2,20.45,10.23,178.0,Occasional (2-4)
1109,Yorkshire,2024-07-23,2025-04-22,2025-07-05,2025-04-01,2,30.08,15.04,74.0,Occasional (2-4)
1110,South East,2025-05-06,2025-10-13,2025-10-13,2025-10-01,1,23.15,23.15,,One-off
1111,South East,2025-07-16,2025-09-04,2025-11-17,2025-09-01,2,15.70,7.85,74.0,Occasional (2-4)
1112,Scotland,2024-05-14,2025-02-28,2025-02-28,2025-02-01,1,14.15,14.15,100.0,One-off
1113,South East,2025-08-18,2025-12-01,2025-12-01,2025-12-01,1,25.08,25.08,,One-off
1114,Midlands,2023-09-04,2024-05-24,2025-12-18,2024-05-01,3,92.29,30.76,286.5,Occasional (2-4)
1115,North West,2024-05-14,2025-08-15,2025-08-15,2025-08-01,1,17.25,17.25,,One-off
1116,North West,2025-09-15,2025-12-23,2025-12-23,2025-12-01,1,24.68,24.68,,One-off
1117,Midlands,2025-02-14,2025-10-30,2025-10-30,2025-10-01,1,26.15,26.15,,One-off
1118,Scotland,2025-03-13,2025-06-03,2025-12-24,2025-06-01,4,105.60,26.40,68.0,Occasional (2-4)
1119,North West,2024-06-14,2025-04-11,2025-04-11,2025-04-01,1,7.55,7.55,,One-off
1120,North West,2023-06-26,2024-10-17,2025-06-25,2024-10-01,4,72.68,18.17,83.7,Occasional (2-4)
1121,Midlands,2025-03-21,2025-06-05,2025-06-05,2025-06-01,1,33.95,33.95,,One-off
1122,South East,2023-09-01,2025-09-09,2025-09-09,2025-09-01,1,12.32,12.32,,One-off
1123,North West,2024-08-28,2025-04-12,2025-04-12,2025-04-01,1,15.65,15.65,,One-off
1124,North West,2024-04-16,2024-09-29,2025-09-24,2024-09-01,3,52.96,17.65,180.0,Occasional (2-4)
1125,Yorkshire,2023-09-21,2024-10-14,2025-02-11,2024-10-01,2,23.78,11.89,120.0,Occasional (2-4)
1126,London,2025-08-17,2025-09-18,2025-09-18,2025-09-01,1,25.92,25.92,,One-off
1127,Yorkshire,2025-07-13,2025-12-15,2025-12-15,2025-12-01,1,9.45,9.45,,One-off
1128,London,2024-03-16,2024-10-12,2025-10-26,2024-10-01,3,55.31,18.44,189.5,Occasional (2-4)
1129,Midlands,2024-10-14,2025-01-21,2025-03-26,2025-01-01,2,29.95,14.98,64.0,Occasional (2-4)
1130,North West,2023-12-29,2024-03-06,2025-12-13,2024-03-01,10,173.81,17.38,71.9,Loyal (5-12)
1131,London,2024-07-02,2024-09-13,2024-09-13,2024-09-01,1,18.51,18.51,,One-off
1132,South East,2023-11-04,2024-10-23,2024-10-23,2024-10-01,1,6.46,6.46,,One-off
1133,Yorkshire,2023-08-24,2024-03-24,2025-12-11,2024-03-01,10,154.16,15.42,66.9,Loyal (5-12)
1134,North West,2023-09-19,2024-04-05,2025-02-20,2024-04-01,3,40.43,13.48,160.5,Occasional (2-4)
1135,Midlands,2023-11-21,2024-11-16,2025-07-26,2024-11-01,3,51.16,17.05,126.0,Occasional (2-4)
1136,Midlands,2024-04-19,2025-11-09,2025-11-09,2025-11-01,1,11.55,11.55,,One-off
1137,Scotland,2023-11-18,2025-08-15,2025-08-15,2025-08-01,1,5.75,5.75,,One-off
1138,North West,2025-03-28,2025-10-31,2025-10-31,2025-10-01,1,29.25,29.25,107.0,One-off
1139,Midlands,2025-04-13,2025-07-04,2025-07-04,2025-07-01,1,7.47,7.47,,One-off
1140,London,2025-04-25,2025-12-05,2025-12-05,2025-12-01,1,10.96,10.96,,One-off
1141,Yorkshire,2024-01-18,2025-04-04,2025-10-25,2025-04-01,2,57.71,28.86,204.0,Occasional (2-4)
1142,Yorkshire,2023-06-20,2024-12-14,2024-12-14,2024-12-01,1,19.14,19.14,,One-off
1143,London,2024-07-14,2024-08-24,2025-04-30,2024-08-01,2,30.46,15.23,249.0,Occasional (2-4)
1144,South East,2025-01-01,2025-01-12,2025-12-28,2025-01-01,11,177.70,16.15,34.9,Loyal (5-12)
1145,Scotland,2023-09-29,2024-10-05,2025-07-29,2024-10-01,6,138.75,23.13,59.4,Loyal (5-12)
1146,Midlands,2025-03-07,2025-07-15,2025-07-15,2025-07-01,1,26.70,26.70,,One-off
1147,London,2024-09-02,2025-12-31,2025-12-31,2025-12-01,1,6.35,6.35,,One-off
1148,London,2025-04-25,2025-05-27,2025-05-27,2025-05-01,1,24.85,24.85,,One-off
1149,Midlands,2025-03-15,2025-09-25,2025-09-25,2025-09-01,1,25.55,25.55,,One-off
1150,North West,2023-07-23,2025-06-30,2025-06-30,2025-06-01,1,6.52,6.52,,One-off
1151,London,2025-03-06,2025-10-12,2025-10-12,2025-10-01,1,25.95,25.95,,One-off
1152,North West,2024-03-15,2024-05-01,2024-05-01,2024-05-01,1,24.56,24.56,,One-off
1153,Yorkshire,2023-10-13,2024-03-29,2025-12-16,2024-03-01,4,72.24,18.06,209.0,Occasional (2-4)
1154,Midlands,2024-01-26,2024-01-31,2025-12-10,2024-01-01,25,548.79,21.95,28.3,Super-fan (13+)
1155,South East,2025-01-13,2025-07-29,2025-07-29,2025-07-01,1,6.52,6.52,,One-off
1156,London,2023-06-21,2024-06-17,2025-09-03,2024-06-01,2,26.92,13.46,428.0,Occasional (2-4)
1157,South East,2024-06-22,2024-11-07,2024-11-07,2024-11-01,1,26.14,26.14,,One-off
1158,Midlands,2025-01-12,2025-06-02,2025-10-11,2025-06-01,4,115.30,28.83,43.7,Occasional (2-4)
1159,South East,2024-09-01,2024-10-04,2024-12-19,2024-10-01,2,51.40,25.70,76.0,Occasional (2-4)
1160,London,2023-10-25,2024-01-15,2025-10-22,2024-01-01,7,110.67,15.81,82.5,Loyal (5-12)
1161,London,2024-05-25,2025-03-17,2025-10-03,2025-03-01,2,29.50,14.75,200.0,Occasional (2-4)
1162,London,2024-01-31,2024-02-24,2025-01-29,2024-02-01,2,32.34,16.17,340.0,Occasional (2-4)
1163,North West,2024-03-27,2025-08-14,2025-08-14,2025-08-01,1,23.17,23.17,,One-off
1164,London,2025-04-09,2025-05-17,2025-05-17,2025-05-01,1,6.55,6.55,,One-off
1165,South East,2024-08-30,2024-09-29,2025-12-31,2024-09-01,5,132.55,26.51,114.5,Loyal (5-12)
1166,South East,2023-07-26,2025-10-01,2025-10-01,2025-10-01,1,21.40,21.40,,One-off
1167,London,2024-10-27,2024-11-07,2025-12-18,2024-11-01,9,191.25,21.25,48.1,Loyal (5-12)
1168,London,2023-07-20,2024-03-19,2025-10-11,2024-03-01,2,27.92,13.96,571.0,Occasional (2-4)
1169,North West,2025-08-17,2025-10-14,2025-10-14,2025-10-01,1,11.45,11.45,,One-off
1170,South East,2023-10-27,2024-12-29,2025-10-26,2024-12-01,2,37.07,18.54,301.0,Occasional (2-4)
1171,Midlands,2025-07-01,2025-09-06,2025-09-06,2025-09-01,1,5.15,5.15,,One-off
1172,London,2025-09-15,2025-10-28,2025-10-28,2025-10-01,1,6.90,6.90,,One-off
1173,London,2024-05-10,2024-07-29,2025-12-21,2024-07-01,8,146.85,18.36,72.9,Loyal (5-12)
1174,North West,2024-08-09,2025-12-27,2025-12-27,2025-12-01,1,25.20,25.20,,One-off
1175,Yorkshire,2024-06-07,2024-08-01,2025-12-08,2024-08-01,8,134.26,16.78,70.6,Loyal (5-12)
1176,Midlands,2024-05-05,2024-07-20,2025-12-16,2024-07-01,7,196.65,28.09,73.4,Loyal (5-12)
1177,Midlands,2024-04-04,2025-06-29,2025-12-01,2025-06-01,2,28.18,14.09,175.0,Occasional (2-4)
1178,North West,2025-05-29,2025-12-29,2025-12-29,2025-12-01,1,27.00,27.00,,One-off
1179,Midlands,2025-06-30,2025-08-13,2025-08-13,2025-08-01,1,18.05,18.05,,One-off
1180,South East,2023-07-15,2024-08-05,2024-08-22,2024-08-01,2,28.34,14.17,17.0,Occasional (2-4)
1181,London,2025-05-23,2025-11-14,2025-11-14,2025-11-01,1,43.10,43.10,,One-off
1182,Scotland,2024-08-18,2025-02-27,2025-05-08,2025-02-01,2,18.05,9.03,70.0,Occasional (2-4)
1183,London,2024-07-31,2024-09-02,2025-12-27,2024-09-01,3,63.46,21.15,15.0,Occasional (2-4)
1184,South East,2024-10-03,2025-10-14,2025-10-14,2025-10-01,1,31.40,31.40,,One-off
1185,London,2024-01-07,2024-02-13,2025-12-09,2024-02-01,24,502.16,20.92,27.3,Super-fan (13+)
1186,London,2024-02-23,2024-09-28,2025-08-09,2024-09-01,6,113.89,18.98,63.0,Loyal (5-12)
1187,South East,2025-09-28,2025-10-28,2025-10-28,2025-10-01,1,17.95,17.95,,One-off
1188,North West,2025-07-23,2025-08-15,2025-12-19,2025-08-01,2,33.29,16.65,126.0,Occasional (2-4)
1189,South East,2024-03-20,2024-09-19,2024-09-19,2024-09-01,1,6.18,6.18,,One-off
1190,North West,2024-04-04,2024-06-14,2025-08-31,2024-06-01,2,46.40,23.20,443.0,Occasional (2-4)
1191,North West,2024-12-30,2025-01-06,2025-12-25,2025-01-01,15,328.59,21.91,25.2,Super-fan (13+)
1192,North West,2024-12-09,2025-04-10,2025-04-10,2025-04-01,1,26.00,26.00,,One-off
1193,London,2023-08-12,2024-01-05,2025-12-14,2024-01-01,25,455.24,18.21,27.6,Super-fan (13+)
1194,South East,2024-12-06,2024-12-27,2025-08-19,2024-12-01,5,84.43,16.89,52.8,Loyal (5-12)
1195,London,2024-12-14,2025-11-16,2025-11-16,2025-11-01,1,19.40,19.40,,One-off
1196,Yorkshire,2023-06-26,2025-12-18,2025-12-18,2025-12-01,1,13.71,13.71,,One-off
1197,North West,2024-05-22,2025-09-01,2025-09-01,2025-09-01,1,20.81,20.81,,One-off
1198,South East,2025-01-19,2025-02-09,2025-05-12,2025-02-01,4,125.74,31.44,30.7,Occasional (2-4)
1199,Yorkshire,2023-11-10,2024-08-17,2025-11-19,2024-08-01,3,33.47,11.16,228.3,Occasional (2-4)
1200,London,2024-02-22,2024-05-09,2025-11-18,2024-05-01,2,36.87,18.44,558.0,Occasional (2-4)
