order_id,customer_id,order_date,order_month,order_status,region_name,line_count,units,gross_subtotal,discount_total,delivery_charge,order_total,customer_order_seq,days_since_prev_order,new_vs_repeat
1,1,2024-06-26,2024-06-01,delivered,Midlands,1,2,1.80,0.00,3.95,5.75,1,,New
2,2,2024-11-27,2024-11-01,delivered,London,3,5,16.22,0.00,3.95,20.17,1,,New
3,3,2024-10-23,2024-10-01,delivered,Midlands,1,2,9.42,1.88,3.95,11.49,1,,New
4,3,2024-10-27,2024-10-01,delivered,Midlands,4,8,18.63,2.46,3.95,20.12,2,4,Repeat
5,3,2024-11-24,2024-11-01,delivered,Midlands,2,4,19.61,0.00,3.95,23.56,3,28,Repeat
6,3,2025-03-02,2025-03-01,delivered,Midlands,3,4,24.85,0.00,3.95,28.80,4,98,Repeat
7,4,2025-07-04,2025-07-01,delivered,Yorkshire,3,8,22.75,0.00,3.95,26.70,1,,New
8,5,2024-08-30,2024-08-01,delivered,North West,5,8,27.05,0.54,0.00,26.51,1,,New
9,5,2025-02-23,2025-02-01,delivered,North West,4,4,11.65,0.00,3.95,15.60,2,177,Repeat
10,5,2025-12-28,2025-12-01,delivered,North West,3,5,20.20,0.00,3.95,24.15,3,308,Repeat
11,6,2025-12-05,2025-12-01,delivered,North West,3,7,50.65,0.00,0.00,50.65,1,,New
12,7,2025-04-19,2025-04-01,delivered,South East,3,6,44.00,0.00,0.00,44.00,1,,New
13,7,2025-06-23,2025-06-01,delivered,South East,1,2,5.00,0.50,3.95,8.45,2,65,Repeat
14,7,2025-10-17,2025-10-01,delivered,South East,2,2,5.95,0.57,3.95,9.33,3,116,Repeat
15,7,2025-11-15,2025-11-01,delivered,South East,4,7,24.90,0.00,3.95,28.85,4,29,Repeat
16,7,2025-12-12,2025-12-01,delivered,South East,3,4,13.30,1.13,3.95,16.13,5,27,Repeat
17,8,2024-06-16,2024-06-01,delivered,Scotland,2,4,16.01,0.32,3.95,19.65,1,,New
19,8,2025-11-25,2025-11-01,delivered,Scotland,4,6,14.05,0.00,3.95,18.00,3,258,Repeat
20,9,2025-12-08,2025-12-01,delivered,London,3,5,15.90,3.35,3.95,16.50,1,,New
21,10,2025-12-28,2025-12-01,delivered,London,5,12,39.95,0.00,0.00,39.95,1,,New
22,10,2025-12-31,2025-12-01,delivered,London,2,4,12.60,0.00,3.95,16.55,2,3,Repeat
23,11,2025-11-01,2025-11-01,delivered,London,1,2,5.70,0.00,3.95,9.65,1,,New
24,12,2024-10-21,2024-10-01,delivered,Scotland,1,3,14.13,2.83,3.95,15.25,1,,New
25,12,2025-01-28,2025-01-01,delivered,Scotland,2,4,20.30,0.00,3.95,24.25,2,99,Repeat
26,12,2025-08-22,2025-08-01,delivered,Scotland,1,3,3.30,0.33,3.95,6.92,3,206,Repeat
27,13,2024-05-02,2024-05-01,delivered,North West,2,3,17.05,0.00,3.95,21.00,1,,New
28,14,2025-04-27,2025-04-01,delivered,Midlands,3,5,22.60,0.00,3.95,26.55,1,,New
29,14,2025-06-21,2025-06-01,delivered,Midlands,3,5,22.90,0.00,3.95,26.85,2,55,Repeat
30,14,2025-11-01,2025-11-01,delivered,Midlands,2,3,10.00,0.00,3.95,13.95,3,133,Repeat
31,14,2025-12-17,2025-12-01,delivered,Midlands,5,8,28.15,4.96,3.95,27.14,4,46,Repeat
32,15,2024-04-13,2024-04-01,delivered,North West,3,3,12.15,0.00,3.95,16.10,1,,New
33,15,2024-08-30,2024-08-01,delivered,North West,2,2,7.29,0.00,3.95,11.24,2,139,Repeat
34,15,2025-01-26,2025-01-01,delivered,North West,2,6,16.05,0.00,3.95,20.00,3,149,Repeat
35,16,2025-12-21,2025-12-01,delivered,Midlands,2,3,12.85,1.48,3.95,15.33,1,,New
36,17,2024-01-05,2024-01-01,delivered,North West,1,3,10.71,0.00,3.95,14.66,1,,New
37,17,2024-05-05,2024-05-01,delivered,North West,4,9,20.03,0.00,3.95,23.98,2,121,Repeat
38,17,2024-07-23,2024-07-01,delivered,North West,5,8,22.29,1.47,3.95,24.77,3,79,Repeat
39,17,2024-08-11,2024-08-01,delivered,North West,2,3,14.67,0.23,3.95,18.39,4,19,Repeat
40,17,2024-09-23,2024-09-01,delivered,North West,2,3,15.85,0.00,3.95,19.80,5,43,Repeat
41,17,2024-12-16,2024-12-01,delivered,North West,1,1,4.29,1.07,3.95,7.17,6,84,Repeat
42,17,2025-09-02,2025-09-01,delivered,North West,1,1,14.95,0.00,3.95,18.90,7,260,Repeat
43,18,2024-04-04,2024-04-01,delivered,Yorkshire,1,3,9.42,0.00,3.95,13.37,1,,New
44,18,2024-12-03,2024-12-01,delivered,Yorkshire,2,2,7.52,1.66,3.95,9.82,2,243,Repeat
45,18,2024-12-11,2024-12-01,delivered,Yorkshire,6,9,39.34,1.66,0.00,37.69,3,8,Repeat
46,18,2025-05-11,2025-05-01,delivered,Yorkshire,3,4,13.25,0.00,3.95,17.20,4,151,Repeat
47,18,2025-07-20,2025-07-01,delivered,Yorkshire,6,11,47.75,1.26,0.00,46.50,5,70,Repeat
48,18,2025-08-13,2025-08-01,delivered,Yorkshire,3,5,13.30,0.65,3.95,16.60,6,24,Repeat
49,18,2025-09-17,2025-09-01,delivered,Yorkshire,2,3,5.25,0.00,3.95,9.20,7,35,Repeat
51,18,2025-12-22,2025-12-01,delivered,Yorkshire,4,4,24.25,1.19,3.95,27.01,9,7,Repeat
52,19,2025-01-06,2025-01-01,delivered,South East,5,8,31.50,0.00,0.00,31.50,1,,New
53,19,2025-02-24,2025-02-01,delivered,South East,3,3,20.40,0.00,3.95,24.35,2,49,Repeat
54,19,2025-03-11,2025-03-01,delivered,South East,1,1,2.50,0.00,3.95,6.45,3,15,Repeat
55,19,2025-04-26,2025-04-01,delivered,South East,2,4,16.70,0.00,3.95,20.65,4,46,Repeat
56,19,2025-04-29,2025-04-01,delivered,South East,3,6,39.60,0.00,0.00,39.60,5,3,Repeat
57,19,2025-05-04,2025-05-01,delivered,South East,2,2,7.05,0.00,3.95,11.00,6,5,Repeat
58,19,2025-05-18,2025-05-01,delivered,South East,2,5,28.00,0.00,0.00,28.00,7,14,Repeat
59,19,2025-07-29,2025-07-01,delivered,South East,2,4,8.30,0.11,3.95,12.14,8,72,Repeat
60,19,2025-10-05,2025-10-01,delivered,South East,2,3,18.55,0.00,3.95,22.50,9,68,Repeat
61,19,2025-10-20,2025-10-01,delivered,South East,4,4,14.90,0.00,3.95,18.85,10,15,Repeat
62,19,2025-10-26,2025-10-01,delivered,South East,5,11,41.00,2.28,0.00,38.72,11,6,Repeat
63,19,2025-11-08,2025-11-01,delivered,South East,3,7,24.20,0.00,3.95,28.15,12,13,Repeat
64,20,2025-10-13,2025-10-01,delivered,London,1,1,2.60,0.00,3.95,6.55,1,,New
65,21,2024-01-12,2024-01-01,delivered,Midlands,3,6,17.14,0.00,3.95,21.09,1,,New
66,21,2024-11-05,2024-11-01,delivered,Midlands,1,2,4.58,0.00,3.95,8.53,2,298,Repeat
67,21,2024-12-20,2024-12-01,delivered,Midlands,2,3,15.95,3.31,3.95,16.59,3,45,Repeat
68,21,2024-12-20,2024-12-01,delivered,Midlands,1,3,19.86,4.97,3.95,18.85,4,0,Repeat
69,21,2025-05-29,2025-05-01,delivered,Midlands,3,4,22.60,0.00,3.95,26.55,5,160,Repeat
70,21,2025-06-22,2025-06-01,delivered,Midlands,1,1,17.95,0.00,3.95,21.90,6,24,Repeat
71,21,2025-10-19,2025-10-01,delivered,Midlands,3,5,18.30,1.68,3.95,20.57,7,119,Repeat
72,21,2025-10-29,2025-10-01,delivered,Midlands,3,6,20.15,1.00,3.95,23.10,8,10,Repeat
73,22,2025-10-30,2025-10-01,delivered,London,5,7,31.15,2.58,0.00,28.57,1,,New
74,23,2025-11-09,2025-11-01,delivered,Yorkshire,1,1,2.75,0.00,3.95,6.70,1,,New
75,24,2024-12-30,2024-12-01,delivered,North West,3,3,10.38,0.00,3.95,14.33,1,,New
76,25,2024-06-20,2024-06-01,delivered,London,3,3,8.37,0.00,3.95,12.32,1,,New
77,25,2025-01-05,2025-01-01,delivered,London,1,1,10.95,0.00,3.95,14.90,2,199,Repeat
78,25,2025-08-14,2025-08-01,delivered,London,2,2,5.80,0.29,3.95,9.47,3,221,Repeat
79,25,2025-09-26,2025-09-01,delivered,London,1,1,2.60,0.00,3.95,6.55,4,43,Repeat
80,25,2025-11-03,2025-11-01,delivered,London,1,2,6.40,0.00,3.95,10.35,5,38,Repeat
81,25,2025-12-31,2025-12-01,delivered,London,1,3,15.75,0.00,3.95,19.70,6,58,Repeat
82,26,2024-10-09,2024-10-01,delivered,Scotland,3,4,27.47,0.00,0.00,27.47,1,,New
84,26,2025-09-23,2025-09-01,delivered,Scotland,3,4,16.50,0.00,3.95,20.45,3,67,Repeat
85,27,2024-12-13,2024-12-01,delivered,South East,2,2,3.71,0.70,3.95,6.96,1,,New
86,28,2025-12-05,2025-12-01,delivered,Scotland,4,5,29.30,1.13,0.00,28.18,1,,New
87,29,2025-09-29,2025-09-01,delivered,North West,5,11,35.70,0.00,0.00,35.70,1,,New
88,30,2025-03-15,2025-03-01,delivered,Scotland,2,3,11.50,0.00,3.95,15.45,1,,New
89,31,2024-11-10,2024-11-01,delivered,Midlands,2,2,5.53,0.00,3.95,9.48,1,,New
90,31,2024-11-12,2024-11-01,delivered,Midlands,3,5,20.04,0.00,3.95,23.99,2,2,Repeat
91,31,2024-12-22,2024-12-01,delivered,Midlands,1,1,6.62,1.66,3.95,8.92,3,40,Repeat
92,31,2024-12-27,2024-12-01,delivered,Midlands,2,2,10.67,0.00,3.95,14.62,4,5,Repeat
93,31,2025-04-07,2025-04-01,delivered,Midlands,4,6,45.75,2.08,0.00,43.67,5,101,Repeat
94,31,2025-04-19,2025-04-01,delivered,Midlands,1,3,8.55,0.00,3.95,12.50,6,12,Repeat
95,31,2025-08-22,2025-08-01,delivered,Midlands,2,2,5.50,0.00,3.95,9.45,7,125,Repeat
96,31,2025-08-26,2025-08-01,delivered,Midlands,2,2,17.25,0.00,3.95,21.20,8,4,Repeat
97,31,2025-11-26,2025-11-01,delivered,Midlands,2,2,14.90,0.00,3.95,18.85,9,92,Repeat
98,31,2025-11-28,2025-11-01,delivered,Midlands,3,5,22.95,0.00,3.95,26.90,10,2,Repeat
99,31,2025-12-22,2025-12-01,delivered,Midlands,2,3,8.60,1.48,3.95,11.08,11,24,Repeat
100,32,2024-02-12,2024-02-01,delivered,North West,1,1,3.14,0.00,3.95,7.09,1,,New
101,32,2024-02-12,2024-02-01,delivered,North West,2,3,11.61,0.93,3.95,14.63,2,0,Repeat
102,32,2024-10-20,2024-10-01,delivered,North West,1,2,5.24,0.00,3.95,9.19,3,251,Repeat
103,32,2024-12-10,2024-12-01,delivered,North West,2,2,19.24,1.01,3.95,22.18,4,51,Repeat
104,32,2025-06-08,2025-06-01,delivered,North West,2,3,15.60,0.00,3.95,19.55,5,180,Repeat
105,32,2025-06-22,2025-06-01,delivered,North West,3,4,33.60,0.11,0.00,33.49,6,14,Repeat
106,32,2025-07-24,2025-07-01,delivered,North West,6,9,42.70,0.22,0.00,42.48,7,32,Repeat
107,32,2025-08-01,2025-08-01,delivered,North West,2,4,10.50,0.27,3.95,14.18,8,8,Repeat
108,32,2025-08-09,2025-08-01,delivered,North West,4,5,29.80,0.50,0.00,29.30,9,8,Repeat
109,32,2025-11-23,2025-11-01,delivered,North West,3,4,26.30,0.00,0.00,26.30,10,106,Repeat
111,33,2024-10-31,2024-10-01,delivered,London,5,7,24.18,1.88,3.95,26.25,1,,New
112,33,2024-11-06,2024-11-01,delivered,London,1,4,9.92,0.00,3.95,13.87,2,6,Repeat
113,33,2024-11-23,2024-11-01,delivered,London,1,1,1.05,0.00,3.95,5.00,3,17,Repeat
114,33,2024-11-25,2024-11-01,delivered,London,4,9,25.40,0.00,0.00,25.40,4,2,Repeat
115,33,2024-12-31,2024-12-01,delivered,London,1,1,15.19,0.00,3.95,19.14,5,36,Repeat
116,33,2025-03-22,2025-03-01,delivered,London,3,5,29.95,0.98,0.00,28.98,6,81,Repeat
117,33,2025-05-23,2025-05-01,delivered,London,3,4,26.95,0.00,0.00,26.95,7,62,Repeat
118,33,2025-06-04,2025-06-01,delivered,London,2,5,14.75,0.00,3.95,18.70,8,12,Repeat
119,33,2025-09-08,2025-09-01,delivered,London,1,2,9.50,0.00,3.95,13.45,9,96,Repeat
120,33,2025-10-15,2025-10-01,delivered,London,2,5,13.20,1.08,3.95,16.07,10,37,Repeat
121,33,2025-11-30,2025-11-01,delivered,London,4,9,38.55,0.00,0.00,38.55,11,46,Repeat
122,33,2025-12-01,2025-12-01,delivered,London,1,1,2.85,0.00,3.95,6.80,12,1,Repeat
123,33,2025-12-19,2025-12-01,delivered,London,2,2,11.45,1.13,3.95,14.28,13,18,Repeat
124,33,2025-12-26,2025-12-01,delivered,London,2,2,13.50,0.00,3.95,17.45,14,7,Repeat
125,34,2024-10-12,2024-10-01,delivered,Midlands,5,9,18.32,0.00,3.95,22.27,1,,New
126,34,2025-10-12,2025-10-01,delivered,Midlands,2,2,28.45,0.00,0.00,28.45,2,365,Repeat
127,34,2025-10-22,2025-10-01,delivered,Midlands,2,3,6.60,1.08,3.95,9.47,3,10,Repeat
128,35,2024-03-11,2024-03-01,delivered,London,2,4,21.62,0.00,3.95,25.57,1,,New
129,35,2024-12-07,2024-12-01,delivered,London,1,1,2.48,0.00,3.95,6.43,2,271,Repeat
131,35,2025-11-07,2025-11-01,delivered,London,2,2,3.90,0.00,3.95,7.85,4,183,Repeat
132,35,2025-12-04,2025-12-01,delivered,London,2,3,16.45,2.38,3.95,18.03,5,27,Repeat
133,36,2024-10-08,2024-10-01,delivered,South East,3,3,15.29,0.00,3.95,19.24,1,,New
134,37,2024-04-20,2024-04-01,delivered,Yorkshire,1,1,11.90,0.00,3.95,15.85,1,,New
135,38,2024-08-02,2024-08-01,delivered,North West,1,1,2.48,0.00,3.95,6.43,1,,New
137,38,2025-11-25,2025-11-01,delivered,North West,2,2,8.00,0.00,3.95,11.95,3,423,Repeat
138,39,2025-09-06,2025-09-01,delivered,Yorkshire,4,7,20.05,0.00,3.95,24.00,1,,New
139,39,2025-11-10,2025-11-01,delivered,Yorkshire,2,3,5.80,0.00,3.95,9.75,2,65,Repeat
140,39,2025-11-18,2025-11-01,delivered,Yorkshire,2,4,11.05,0.00,3.95,15.00,3,8,Repeat
141,40,2025-08-14,2025-08-01,delivered,Scotland,3,3,29.65,0.00,0.00,29.65,1,,New
142,41,2025-08-25,2025-08-01,delivered,Scotland,1,1,2.80,0.00,3.95,6.75,1,,New
143,42,2025-02-25,2025-02-01,delivered,Yorkshire,3,5,41.40,0.00,0.00,41.40,1,,New
144,42,2025-04-18,2025-04-01,delivered,Yorkshire,3,4,9.10,0.00,3.95,13.05,2,52,Repeat
145,43,2025-08-29,2025-08-01,delivered,North West,1,2,6.40,0.00,3.95,10.35,1,,New
146,43,2025-11-08,2025-11-01,delivered,North West,5,5,28.85,0.00,0.00,28.85,2,71,Repeat
147,43,2025-12-13,2025-12-01,delivered,North West,3,3,12.60,0.74,3.95,15.81,3,35,Repeat
148,44,2024-10-09,2024-10-01,delivered,Midlands,2,3,11.25,0.00,3.95,15.20,1,,New
149,45,2024-09-27,2024-09-01,delivered,North West,1,1,0.95,0.00,3.95,4.90,1,,New
151,46,2024-10-21,2024-10-01,delivered,Midlands,2,2,14.09,0.63,3.95,17.41,1,,New
152,46,2025-05-10,2025-05-01,delivered,Midlands,1,4,11.80,0.00,3.95,15.75,2,201,Repeat
153,47,2025-11-23,2025-11-01,delivered,Yorkshire,2,2,18.55,0.00,3.95,22.50,1,,New
154,48,2024-11-11,2024-11-01,delivered,North West,2,3,16.10,0.00,3.95,20.05,1,,New
155,48,2024-12-18,2024-12-01,delivered,North West,4,7,32.67,8.17,3.95,28.45,2,37,Repeat
156,48,2024-12-24,2024-12-01,delivered,North West,3,4,16.76,3.06,3.95,17.65,3,6,Repeat
157,48,2025-01-16,2025-01-01,delivered,North West,1,1,17.95,0.00,3.95,21.90,4,23,Repeat
158,48,2025-03-27,2025-03-01,delivered,North West,1,2,6.40,0.96,3.95,9.39,5,70,Repeat
159,48,2025-04-17,2025-04-01,delivered,North West,2,3,6.30,0.00,3.95,10.25,6,21,Repeat
160,48,2025-05-25,2025-05-01,delivered,North West,4,6,19.95,0.00,3.95,23.90,7,38,Repeat
161,48,2025-10-30,2025-10-01,delivered,North West,2,5,22.30,0.50,3.95,25.75,8,158,Repeat
162,49,2024-07-24,2024-07-01,delivered,Scotland,2,3,10.58,0.00,3.95,14.53,1,,New
163,49,2025-01-04,2025-01-01,delivered,Scotland,2,6,26.20,0.00,0.00,26.20,2,164,Repeat
164,50,2025-12-17,2025-12-01,delivered,London,3,6,19.40,0.00,3.95,23.35,1,,New
165,51,2025-05-06,2025-05-01,delivered,North West,2,2,4.60,0.00,3.95,8.55,1,,New
166,51,2025-09-22,2025-09-01,delivered,North West,1,4,9.60,0.00,3.95,13.55,2,139,Repeat
167,52,2025-09-29,2025-09-01,delivered,Scotland,2,4,16.30,0.00,3.95,20.25,1,,New
168,53,2024-01-10,2024-01-01,delivered,Yorkshire,3,3,21.43,0.00,3.95,25.38,1,,New
169,54,2025-02-23,2025-02-01,delivered,Midlands,2,2,4.40,0.00,3.95,8.35,1,,New
170,55,2025-02-06,2025-02-01,delivered,South East,1,1,1.00,0.00,3.95,4.95,1,,New
171,55,2025-07-04,2025-07-01,delivered,South East,1,1,3.30,0.33,3.95,6.92,2,148,Repeat
172,55,2025-08-07,2025-08-01,delivered,South East,1,3,13.50,0.00,3.95,17.45,3,34,Repeat
173,56,2025-09-06,2025-09-01,delivered,Scotland,2,3,5.30,0.00,3.95,9.25,1,,New
174,56,2025-11-06,2025-11-01,delivered,Scotland,2,6,20.55,0.00,3.95,24.50,2,61,Repeat
175,57,2025-12-17,2025-12-01,delivered,Midlands,1,2,5.20,0.00,3.95,9.15,1,,New
176,58,2024-12-31,2024-12-01,delivered,Midlands,1,1,2.48,0.00,3.95,6.43,1,,New
177,59,2024-07-31,2024-07-01,delivered,Midlands,4,4,34.76,0.00,0.00,34.76,1,,New
178,59,2024-12-22,2024-12-01,delivered,Midlands,5,6,17.72,2.42,3.95,19.25,2,144,Repeat
179,59,2025-09-22,2025-09-01,delivered,Midlands,2,2,3.85,0.00,3.95,7.80,3,274,Repeat
180,60,2025-07-01,2025-07-01,delivered,Midlands,6,8,38.00,0.00,0.00,38.00,1,,New
181,61,2025-05-12,2025-05-01,delivered,North West,2,2,5.50,0.00,3.95,9.45,1,,New
182,62,2024-01-16,2024-01-01,delivered,North West,1,3,12.87,0.00,3.95,16.82,1,,New
183,62,2024-04-25,2024-04-01,delivered,North West,1,1,12.86,0.00,3.95,16.81,2,100,Repeat
184,62,2024-09-20,2024-09-01,delivered,North West,3,4,9.14,0.00,3.95,13.09,3,148,Repeat
185,62,2024-10-23,2024-10-01,delivered,North West,4,4,21.61,1.40,3.95,24.16,4,33,Repeat
186,62,2025-02-06,2025-02-01,delivered,North West,3,3,8.75,0.48,3.95,12.22,5,106,Repeat
187,62,2025-02-17,2025-02-01,delivered,North West,4,9,31.35,0.00,0.00,31.35,6,11,Repeat
188,62,2025-07-21,2025-07-01,delivered,North West,5,9,23.85,1.41,3.95,26.39,7,154,Repeat
189,62,2025-08-24,2025-08-01,delivered,North West,4,6,20.45,1.11,3.95,23.29,8,34,Repeat
190,62,2025-10-14,2025-10-01,delivered,North West,3,6,25.15,0.00,0.00,25.15,9,51,Repeat
191,62,2025-11-10,2025-11-01,delivered,North West,2,3,15.45,0.00,3.95,19.40,10,27,Repeat
192,62,2025-12-22,2025-12-01,delivered,North West,3,4,24.10,0.74,3.95,27.31,11,42,Repeat
193,63,2025-12-21,2025-12-01,delivered,North West,2,2,16.10,0.00,3.95,20.05,1,,New
194,64,2024-07-22,2024-07-01,delivered,Scotland,2,5,10.47,0.95,3.95,13.47,1,,New
195,64,2024-10-21,2024-10-01,delivered,Scotland,1,1,2.38,0.48,3.95,5.85,2,91,Repeat
196,64,2024-11-27,2024-11-01,delivered,Scotland,2,6,20.18,0.00,3.95,24.13,3,37,Repeat
197,64,2025-01-11,2025-01-01,delivered,Scotland,3,3,24.15,0.00,3.95,28.10,4,45,Repeat
198,65,2024-08-24,2024-08-01,delivered,Yorkshire,3,6,10.68,0.32,3.95,14.31,1,,New
199,66,2024-12-01,2024-12-01,delivered,Yorkshire,3,4,34.85,0.89,0.00,33.96,1,,New
200,66,2025-05-28,2025-05-01,delivered,Yorkshire,4,7,19.00,0.00,3.95,22.95,2,178,Repeat
201,67,2025-04-28,2025-04-01,delivered,North West,3,3,12.20,0.00,3.95,16.15,1,,New
202,67,2025-09-22,2025-09-01,delivered,North West,5,9,25.70,0.00,0.00,25.70,2,147,Repeat
203,68,2025-10-04,2025-10-01,delivered,Yorkshire,2,5,20.75,0.00,3.95,24.70,1,,New
204,69,2025-11-30,2025-11-01,delivered,South East,4,9,32.55,0.00,0.00,32.55,1,,New
205,70,2024-09-13,2024-09-01,delivered,South East,3,4,8.80,0.25,3.95,12.50,1,,New
206,70,2025-04-08,2025-04-01,delivered,South East,1,1,11.50,0.00,3.95,15.45,2,207,Repeat
207,71,2024-01-03,2024-01-01,delivered,Scotland,2,4,9.85,0.00,3.95,13.80,1,,New
208,72,2024-10-17,2024-10-01,delivered,South East,3,7,49.25,0.00,0.00,49.25,1,,New
209,72,2024-10-21,2024-10-01,delivered,South East,6,7,22.20,0.00,3.95,26.15,2,4,Repeat
210,72,2024-12-06,2024-12-01,delivered,South East,1,1,2.95,0.00,3.95,6.90,3,46,Repeat
211,72,2025-04-10,2025-04-01,delivered,South East,3,6,25.70,3.18,3.95,26.47,4,125,Repeat
212,72,2025-04-19,2025-04-01,delivered,South East,2,2,15.45,0.00,3.95,19.40,5,9,Repeat
213,72,2025-10-10,2025-10-01,delivered,South East,2,2,5.60,0.00,3.95,9.55,6,174,Repeat
214,73,2025-08-11,2025-08-01,delivered,South East,6,9,47.00,0.27,0.00,46.73,1,,New
215,73,2025-08-17,2025-08-01,delivered,South East,1,1,3.20,0.00,3.95,7.15,2,6,Repeat
216,73,2025-08-24,2025-08-01,delivered,South East,1,1,0.95,0.00,3.95,4.90,3,7,Repeat
217,73,2025-09-29,2025-09-01,delivered,South East,2,3,22.20,0.00,3.95,26.15,4,36,Repeat
218,73,2025-10-05,2025-10-01,delivered,South East,3,4,17.55,0.00,3.95,21.50,5,6,Repeat
219,73,2025-10-07,2025-10-01,delivered,South East,3,9,27.70,0.00,0.00,27.70,6,2,Repeat
220,73,2025-10-25,2025-10-01,delivered,South East,1,2,5.00,1.00,3.95,7.95,7,18,Repeat
221,74,2025-10-24,2025-10-01,delivered,North West,6,10,50.20,1.11,0.00,49.09,1,,New
222,75,2025-06-22,2025-06-01,delivered,South East,1,2,7.50,0.00,3.95,11.45,1,,New
223,75,2025-07-13,2025-07-01,delivered,London,2,3,13.80,0.33,3.95,17.42,2,21,Repeat
224,75,2025-09-28,2025-09-01,delivered,London,1,2,6.40,0.00,3.95,10.35,3,77,Repeat
225,75,2025-11-01,2025-11-01,delivered,London,4,9,42.10,0.00,0.00,42.10,4,34,Repeat
226,76,2025-02-11,2025-02-01,delivered,North West,3,6,17.10,0.96,3.95,20.09,1,,New
227,77,2025-07-25,2025-07-01,delivered,Midlands,5,7,14.10,1.08,3.95,16.98,1,,New
228,78,2024-06-16,2024-06-01,delivered,London,3,4,16.24,0.11,3.95,20.09,1,,New
229,78,2024-07-18,2024-07-01,delivered,London,2,3,6.01,0.11,3.95,9.86,2,32,Repeat
230,78,2024-09-16,2024-09-01,delivered,London,3,5,12.54,1.25,3.95,15.24,3,60,Repeat
231,78,2025-05-02,2025-05-01,delivered,London,3,5,18.40,0.00,3.95,22.35,4,228,Repeat
232,78,2025-07-23,2025-07-01,delivered,London,2,3,17.35,0.00,3.95,21.30,5,82,Repeat
233,79,2024-08-06,2024-08-01,delivered,London,3,3,6.85,0.69,3.95,10.12,1,,New
234,79,2025-12-07,2025-12-01,delivered,London,3,7,24.95,1.48,3.95,27.43,2,488,Repeat
235,80,2024-02-13,2024-02-01,delivered,North West,2,2,2.19,0.00,3.95,6.14,1,,New
236,80,2024-02-16,2024-02-01,delivered,North West,3,6,19.16,0.00,3.95,23.11,2,3,Repeat
237,80,2024-04-08,2024-04-01,delivered,North West,1,2,1.80,0.00,3.95,5.75,3,52,Repeat
238,80,2024-05-10,2024-05-01,delivered,North West,5,8,23.79,0.00,3.95,27.74,4,32,Repeat
239,80,2025-01-15,2025-01-01,delivered,North West,2,2,3.60,0.00,3.95,7.55,5,250,Repeat
240,80,2025-04-04,2025-04-01,delivered,North West,4,6,14.25,0.92,3.95,17.28,6,79,Repeat
241,80,2025-04-30,2025-04-01,delivered,North West,6,8,46.75,0.00,0.00,46.75,7,26,Repeat
242,80,2025-12-24,2025-12-01,delivered,North West,3,5,27.90,0.00,0.00,27.90,8,238,Repeat
243,81,2025-07-28,2025-07-01,delivered,London,5,13,41.90,1.20,0.00,40.70,1,,New
244,81,2025-08-02,2025-08-01,delivered,London,3,3,22.10,0.00,3.95,26.05,2,5,Repeat
245,81,2025-10-20,2025-10-01,delivered,London,4,7,17.10,2.12,3.95,18.93,3,79,Repeat
246,81,2025-10-28,2025-10-01,delivered,London,3,6,32.25,0.57,0.00,31.68,4,8,Repeat
247,81,2025-12-26,2025-12-01,delivered,London,3,5,28.25,0.00,0.00,28.25,5,59,Repeat
248,82,2024-08-13,2024-08-01,delivered,London,4,7,39.44,0.00,0.00,39.44,1,,New
249,82,2024-11-08,2024-11-01,delivered,London,2,3,9.10,0.00,3.95,13.05,2,87,Repeat
250,82,2025-01-08,2025-01-01,delivered,London,1,4,10.40,0.00,3.95,14.35,3,61,Repeat
251,82,2025-02-23,2025-02-01,delivered,London,1,1,2.40,0.00,3.95,6.35,4,46,Repeat
252,82,2025-10-03,2025-10-01,delivered,London,1,1,4.95,0.00,3.95,8.90,5,222,Repeat
253,83,2025-09-14,2025-09-01,delivered,Yorkshire,1,3,8.85,0.00,3.95,12.80,1,,New
254,84,2024-12-18,2024-12-01,delivered,Scotland,1,2,13.24,3.31,3.95,13.88,1,,New
255,85,2025-08-06,2025-08-01,delivered,North West,1,1,1.10,0.11,3.95,4.94,1,,New
256,86,2025-09-19,2025-09-01,delivered,London,3,4,12.80,0.00,3.95,16.75,1,,New
257,86,2025-10-25,2025-10-01,delivered,London,3,8,24.60,0.00,3.95,28.55,2,36,Repeat
258,86,2025-11-08,2025-11-01,delivered,London,4,4,24.35,0.00,3.95,28.30,3,14,Repeat
259,86,2025-12-20,2025-12-01,delivered,London,1,2,9.00,2.25,3.95,10.70,4,42,Repeat
260,87,2024-07-15,2024-07-01,delivered,Scotland,2,2,6.05,0.11,3.95,9.90,1,,New
261,88,2024-11-02,2024-11-01,delivered,Scotland,1,3,12.87,0.00,3.95,16.82,1,,New
262,89,2024-07-30,2024-07-01,delivered,South East,2,3,8.58,0.00,3.95,12.53,1,,New
263,89,2024-11-27,2024-11-01,delivered,South East,6,11,26.48,0.00,0.00,26.48,2,120,Repeat
264,90,2025-02-22,2025-02-01,delivered,London,2,6,35.25,0.00,0.00,35.25,1,,New
265,91,2024-03-07,2024-03-01,delivered,South East,2,2,3.86,0.00,3.95,7.81,1,,New
266,92,2024-12-20,2024-12-01,delivered,London,1,1,6.62,1.66,3.95,8.92,1,,New
267,92,2025-12-07,2025-12-01,delivered,London,2,3,11.15,2.79,3.95,12.31,2,352,Repeat
268,93,2024-10-09,2024-10-01,delivered,South East,1,2,5.42,0.00,3.95,9.37,1,,New
269,94,2025-06-11,2025-06-01,delivered,North West,2,4,17.00,0.00,3.95,20.95,1,,New
270,94,2025-11-17,2025-11-01,delivered,North West,4,6,14.25,0.00,3.95,18.20,2,159,Repeat
271,95,2024-06-16,2024-06-01,delivered,London,2,2,4.95,0.50,3.95,8.41,1,,New
272,95,2024-06-21,2024-06-01,delivered,London,2,3,11.33,0.51,3.95,14.77,2,5,Repeat
273,95,2024-07-17,2024-07-01,delivered,London,2,2,4.67,0.47,3.95,8.15,3,26,Repeat
274,95,2024-10-05,2024-10-01,delivered,London,4,5,31.57,0.00,0.00,31.57,4,80,Repeat
275,95,2024-11-03,2024-11-01,delivered,London,4,6,15.53,0.00,3.95,19.48,5,29,Repeat
276,95,2025-05-10,2025-05-01,delivered,London,1,1,11.50,0.00,3.95,15.45,6,188,Repeat
277,95,2025-10-06,2025-10-01,delivered,London,2,3,16.40,0.00,3.95,20.35,7,149,Repeat
278,95,2025-12-07,2025-12-01,delivered,London,3,5,26.60,0.00,0.00,26.60,8,62,Repeat
279,95,2025-12-07,2025-12-01,delivered,London,2,6,24.20,4.75,3.95,23.40,9,0,Repeat
280,95,2025-12-18,2025-12-01,delivered,London,3,5,27.95,1.19,0.00,26.76,10,11,Repeat
281,95,2025-12-22,2025-12-01,delivered,London,1,3,8.55,0.00,3.95,12.50,11,4,Repeat
282,96,2024-10-21,2024-10-01,delivered,Yorkshire,5,8,37.92,0.63,0.00,37.29,1,,New
283,96,2025-12-10,2025-12-01,delivered,Yorkshire,2,3,10.70,2.68,3.95,11.98,2,415,Repeat
284,97,2024-10-19,2024-10-01,delivered,London,3,5,14.86,0.94,3.95,17.87,1,,New
285,98,2024-06-07,2024-06-01,delivered,London,4,5,17.39,0.00,3.95,21.34,1,,New
286,98,2024-10-27,2024-10-01,delivered,London,2,2,7.66,1.53,3.95,10.08,2,142,Repeat
287,98,2024-11-27,2024-11-01,delivered,London,2,3,16.37,0.00,3.95,20.32,3,31,Repeat
288,98,2025-01-27,2025-01-01,delivered,London,3,4,11.65,0.00,3.95,15.60,4,61,Repeat
289,98,2025-06-10,2025-06-01,delivered,London,4,5,21.75,0.00,3.95,25.70,5,134,Repeat
290,98,2025-09-09,2025-09-01,delivered,London,1,1,2.90,0.00,3.95,6.85,6,91,Repeat
291,98,2025-10-19,2025-10-01,delivered,London,4,6,23.65,1.65,3.95,25.95,7,40,Repeat
292,99,2025-03-23,2025-03-01,delivered,North West,5,7,19.05,0.44,3.95,22.56,1,,New
293,100,2025-08-20,2025-08-01,delivered,South East,2,4,11.25,1.13,3.95,14.08,1,,New
294,101,2025-02-10,2025-02-01,delivered,Scotland,2,2,15.75,0.00,3.95,19.70,1,,New
295,102,2025-12-16,2025-12-01,delivered,Yorkshire,3,3,17.05,0.74,3.95,20.26,1,,New
296,103,2024-01-13,2024-01-01,delivered,South East,5,7,18.43,0.00,3.95,22.38,1,,New
297,103,2025-12-31,2025-12-01,delivered,South East,1,1,4.25,0.00,3.95,8.20,2,718,Repeat
298,104,2025-01-17,2025-01-01,delivered,North West,3,3,9.50,0.00,3.95,13.45,1,,New
299,104,2025-06-11,2025-06-01,delivered,North West,3,4,20.90,0.00,3.95,24.85,2,145,Repeat
300,104,2025-10-11,2025-10-01,delivered,North West,1,1,3.75,0.00,3.95,7.70,3,122,Repeat
301,104,2025-11-15,2025-11-01,delivered,North West,2,6,10.10,0.00,3.95,14.05,4,35,Repeat
302,104,2025-12-02,2025-12-01,delivered,North West,3,4,17.20,2.68,3.95,18.48,5,17,Repeat
303,105,2025-12-01,2025-12-01,delivered,Scotland,2,3,18.65,1.19,3.95,21.41,1,,New
304,106,2024-04-15,2024-04-01,delivered,Midlands,5,6,19.24,0.00,3.95,23.19,1,,New
305,106,2024-05-23,2024-05-01,delivered,Midlands,2,2,15.52,0.00,3.95,19.47,2,38,Repeat
306,106,2024-06-02,2024-06-01,delivered,Midlands,4,10,41.45,0.00,0.00,41.45,3,10,Repeat
307,106,2024-06-04,2024-06-01,delivered,Midlands,2,2,7.24,0.00,3.95,11.19,4,2,Repeat
308,106,2024-07-23,2024-07-01,delivered,Midlands,2,3,36.14,0.00,0.00,36.14,5,49,Repeat
309,106,2024-08-10,2024-08-01,delivered,Midlands,4,5,12.10,0.37,3.95,15.68,6,18,Repeat
310,106,2024-09-11,2024-09-01,delivered,Midlands,4,7,24.50,0.00,3.95,28.45,7,32,Repeat
311,106,2024-10-01,2024-10-01,delivered,Midlands,2,5,12.40,0.00,3.95,16.35,8,20,Repeat
312,106,2024-10-15,2024-10-01,delivered,Midlands,2,3,7.47,0.95,3.95,10.47,9,14,Repeat
313,106,2024-10-16,2024-10-01,delivered,Midlands,3,3,17.38,0.48,3.95,20.85,10,1,Repeat
314,106,2024-12-19,2024-12-01,delivered,Midlands,1,1,2.38,0.00,3.95,6.33,11,64,Repeat
315,106,2024-12-21,2024-12-01,delivered,Midlands,5,9,23.16,1.41,3.95,25.71,12,2,Repeat
316,106,2025-01-19,2025-01-01,delivered,Midlands,4,7,58.35,0.00,0.00,58.35,13,29,Repeat
317,106,2025-01-21,2025-01-01,delivered,Midlands,1,3,8.55,0.00,3.95,12.50,14,2,Repeat
318,106,2025-02-15,2025-02-01,delivered,Midlands,5,7,18.70,0.00,3.95,22.65,15,25,Repeat
319,106,2025-02-24,2025-02-01,delivered,Midlands,2,2,6.25,0.00,3.95,10.20,16,9,Repeat
320,106,2025-04-18,2025-04-01,delivered,Midlands,3,4,10.05,0.00,3.95,14.00,17,53,Repeat
321,106,2025-05-06,2025-05-01,delivered,Midlands,3,3,13.85,0.00,3.95,17.80,18,18,Repeat
322,106,2025-07-18,2025-07-01,delivered,Midlands,2,2,15.80,0.33,3.95,19.42,19,73,Repeat
323,106,2025-11-05,2025-11-01,delivered,Midlands,1,1,1.20,0.00,3.95,5.15,20,110,Repeat
324,106,2025-11-06,2025-11-01,delivered,Midlands,2,3,7.30,0.00,3.95,11.25,21,1,Repeat
325,106,2025-12-10,2025-12-01,delivered,Midlands,1,1,2.95,0.74,3.95,6.16,22,34,Repeat
326,107,2024-10-25,2024-10-01,delivered,Yorkshire,2,4,18.18,2.83,3.95,19.30,1,,New
327,107,2025-06-04,2025-06-01,delivered,Yorkshire,1,1,3.20,0.00,3.95,7.15,2,222,Repeat
328,108,2024-12-07,2024-12-01,delivered,Yorkshire,4,8,34.89,3.31,0.00,31.58,1,,New
329,108,2025-07-30,2025-07-01,delivered,Yorkshire,3,6,29.30,1.14,0.00,28.16,2,235,Repeat
330,109,2025-10-08,2025-10-01,delivered,North West,3,7,16.55,0.00,3.95,20.50,1,,New
331,109,2025-10-13,2025-10-01,delivered,North West,1,2,5.20,0.00,3.95,9.15,2,5,Repeat
332,109,2025-12-24,2025-12-01,delivered,North West,3,8,28.45,0.00,0.00,28.45,3,72,Repeat
333,109,2025-12-27,2025-12-01,delivered,North West,2,2,6.20,0.00,3.95,10.15,4,3,Repeat
334,110,2025-02-16,2025-02-01,delivered,Scotland,5,6,27.45,0.00,0.00,27.45,1,,New
335,110,2025-02-27,2025-02-01,delivered,Scotland,1,1,8.40,0.00,3.95,12.35,2,11,Repeat
336,110,2025-03-30,2025-03-01,delivered,Scotland,2,3,6.85,0.89,3.95,9.92,3,31,Repeat
337,110,2025-04-15,2025-04-01,delivered,Scotland,2,2,8.30,0.00,3.95,12.25,4,16,Repeat
338,110,2025-05-14,2025-05-01,delivered,Scotland,5,6,23.55,0.00,3.95,27.50,5,29,Repeat
339,110,2025-07-01,2025-07-01,delivered,Scotland,4,6,26.65,0.58,0.00,26.07,6,48,Repeat
340,110,2025-11-07,2025-11-01,delivered,Scotland,3,7,25.90,0.00,0.00,25.90,7,129,Repeat
341,110,2025-12-01,2025-12-01,delivered,Scotland,3,7,36.20,1.13,0.00,35.08,8,24,Repeat
342,111,2024-10-03,2024-10-01,delivered,North West,5,8,46.63,0.00,0.00,46.63,1,,New
343,111,2025-04-28,2025-04-01,delivered,North West,1,1,4.50,0.00,3.95,8.45,2,207,Repeat
344,111,2025-11-04,2025-11-01,delivered,North West,3,5,17.20,0.00,3.95,21.15,3,190,Repeat
345,111,2025-12-13,2025-12-01,delivered,North West,1,1,2.60,0.00,3.95,6.55,4,39,Repeat
346,112,2024-11-07,2024-11-01,delivered,London,2,2,6.86,0.00,3.95,10.81,1,,New
347,113,2024-12-06,2024-12-01,delivered,London,3,6,22.09,0.00,3.95,26.04,1,,New
348,113,2025-01-10,2025-01-01,delivered,London,2,2,18.90,0.00,3.95,22.85,2,35,Repeat
349,113,2025-02-09,2025-02-01,delivered,London,1,1,4.50,0.00,3.95,8.45,3,30,Repeat
351,113,2025-10-28,2025-10-01,delivered,London,2,2,13.90,0.00,3.95,17.85,5,212,Repeat
352,113,2025-12-11,2025-12-01,delivered,London,1,1,4.25,0.00,3.95,8.20,6,44,Repeat
353,114,2024-04-19,2024-04-01,delivered,London,3,4,15.58,0.00,3.95,19.53,1,,New
354,114,2024-08-17,2024-08-01,delivered,London,4,5,16.85,0.22,3.95,20.58,2,120,Repeat
355,114,2025-06-07,2025-06-01,delivered,London,4,6,9.15,0.00,3.95,13.10,3,294,Repeat
356,115,2025-06-08,2025-06-01,delivered,London,2,3,8.15,0.00,3.95,12.10,1,,New
357,116,2025-11-11,2025-11-01,delivered,London,2,2,6.00,0.00,3.95,9.95,1,,New
358,117,2025-04-06,2025-04-01,delivered,Scotland,3,5,15.60,1.33,3.95,18.22,1,,New
359,117,2025-07-30,2025-07-01,delivered,Scotland,2,4,25.75,0.00,0.00,25.75,2,115,Repeat
360,118,2025-06-24,2025-06-01,delivered,Midlands,1,2,8.50,0.00,3.95,12.45,1,,New
361,119,2025-11-11,2025-11-01,delivered,London,2,4,9.90,0.00,3.95,13.85,1,,New
362,119,2025-12-19,2025-12-01,delivered,London,5,6,45.25,1.54,0.00,43.71,2,38,Repeat
363,120,2024-03-19,2024-03-01,delivered,Midlands,2,3,12.13,1.41,3.95,14.67,1,,New
364,121,2024-04-20,2024-04-01,delivered,Midlands,2,2,13.43,0.00,3.95,17.38,1,,New
365,121,2024-09-28,2024-09-01,delivered,Midlands,3,4,27.23,0.00,0.00,27.23,2,161,Repeat
366,121,2025-02-10,2025-02-01,delivered,Midlands,1,1,3.10,0.00,3.95,7.05,3,135,Repeat
367,121,2025-07-27,2025-07-01,delivered,Midlands,1,2,1.90,0.00,3.95,5.85,4,167,Repeat
368,121,2025-08-07,2025-08-01,delivered,Midlands,2,7,15.05,0.00,3.95,19.00,5,11,Repeat
369,121,2025-10-19,2025-10-01,delivered,Midlands,1,1,0.95,0.00,3.95,4.90,6,73,Repeat
370,121,2025-11-09,2025-11-01,delivered,Midlands,1,4,11.80,0.00,3.95,15.75,7,21,Repeat
371,121,2025-12-02,2025-12-01,delivered,Midlands,4,7,30.35,5.29,0.00,25.06,8,23,Repeat
372,122,2025-05-10,2025-05-01,delivered,North West,2,2,5.55,0.00,3.95,9.50,1,,New
373,122,2025-11-19,2025-11-01,delivered,North West,1,1,1.10,0.00,3.95,5.05,2,193,Repeat
374,122,2025-12-01,2025-12-01,delivered,North West,3,5,27.00,1.54,0.00,25.46,3,12,Repeat
375,122,2025-12-31,2025-12-01,delivered,North West,4,4,30.65,0.00,0.00,30.65,4,30,Repeat
376,123,2024-12-05,2024-12-01,delivered,London,3,5,17.57,3.04,3.95,18.48,1,,New
377,124,2024-01-02,2024-01-01,delivered,North West,4,7,25.42,0.00,0.00,25.42,1,,New
378,124,2024-02-16,2024-02-01,delivered,North West,2,3,7.90,0.00,3.95,11.85,2,45,Repeat
379,124,2024-03-16,2024-03-01,delivered,North West,2,4,6.76,0.00,3.95,10.71,3,29,Repeat
380,124,2024-03-30,2024-03-01,delivered,North West,2,4,13.54,1.29,3.95,16.20,4,14,Repeat
381,124,2024-05-05,2024-05-01,delivered,North West,2,2,5.09,0.00,3.95,9.04,5,36,Repeat
382,124,2024-05-22,2024-05-01,delivered,North West,2,2,5.28,0.00,3.95,9.23,6,17,Repeat
383,124,2024-05-24,2024-05-01,delivered,North West,1,3,8.13,0.00,3.95,12.08,7,2,Repeat
384,124,2024-06-17,2024-06-01,delivered,North West,2,3,7.90,0.51,3.95,11.34,8,24,Repeat
385,124,2024-06-22,2024-06-01,delivered,North West,1,2,34.20,0.00,0.00,34.20,9,5,Repeat
386,124,2024-07-26,2024-07-01,delivered,North West,2,3,4.85,0.49,3.95,8.32,10,34,Repeat
387,124,2024-08-10,2024-08-01,delivered,North West,1,3,6.87,0.69,3.95,10.13,11,15,Repeat
388,124,2024-08-13,2024-08-01,delivered,North West,3,3,8.39,0.23,3.95,12.11,12,3,Repeat
389,124,2024-08-13,2024-08-01,delivered,North West,2,3,6.96,0.70,3.95,10.21,13,0,Repeat
390,124,2024-09-01,2024-09-01,delivered,North West,5,7,17.11,0.25,3.95,20.81,14,19,Repeat
391,124,2024-12-16,2024-12-01,delivered,North West,5,7,31.52,0.76,0.00,30.76,15,106,Repeat
392,124,2024-12-22,2024-12-01,delivered,North West,1,2,9.04,0.00,3.95,12.99,16,6,Repeat
393,124,2024-12-28,2024-12-01,delivered,North West,4,7,26.06,0.00,0.00,26.06,17,6,Repeat
394,124,2024-12-31,2024-12-01,delivered,North West,1,1,2.48,0.00,3.95,6.43,18,3,Repeat
395,124,2025-02-21,2025-02-01,delivered,North West,2,3,5.00,0.00,3.95,8.95,19,52,Repeat
396,124,2025-03-19,2025-03-01,delivered,North West,1,2,5.90,0.89,3.95,8.97,20,26,Repeat
397,124,2025-04-20,2025-04-01,delivered,North West,1,1,6.50,0.00,3.95,10.45,21,32,Repeat
398,124,2025-06-26,2025-06-01,delivered,North West,2,2,5.80,0.29,3.95,9.47,22,67,Repeat
399,124,2025-06-26,2025-06-01,delivered,North West,2,3,17.20,0.57,3.95,20.58,23,0,Repeat
400,124,2025-07-19,2025-07-01,delivered,North West,5,9,41.40,1.02,0.00,40.38,24,23,Repeat
401,124,2025-07-31,2025-07-01,delivered,North West,2,3,8.45,0.00,3.95,12.40,25,12,Repeat
402,124,2025-09-04,2025-09-01,delivered,North West,1,2,13.00,0.00,3.95,16.95,26,35,Repeat
404,124,2025-11-21,2025-11-01,delivered,North West,3,5,16.25,0.00,3.95,20.20,28,15,Repeat
405,124,2025-12-10,2025-12-01,delivered,North West,4,4,18.25,0.80,3.95,21.40,29,19,Repeat
406,125,2024-04-24,2024-04-01,delivered,Midlands,2,4,18.76,0.00,3.95,22.71,1,,New
407,125,2024-07-20,2024-07-01,delivered,Midlands,4,4,7.48,0.22,3.95,11.21,2,87,Repeat
409,125,2024-11-01,2024-11-01,delivered,Midlands,3,4,14.15,0.00,3.95,18.10,4,66,Repeat
410,125,2024-11-15,2024-11-01,delivered,Midlands,1,1,0.90,0.00,3.95,4.85,5,14,Repeat
411,125,2025-03-23,2025-03-01,delivered,Midlands,1,2,6.20,0.00,3.95,10.15,6,128,Repeat
412,125,2025-03-30,2025-03-01,delivered,Midlands,3,7,26.80,3.59,3.95,27.17,7,7,Repeat
413,125,2025-05-06,2025-05-01,delivered,Midlands,1,1,4.25,0.00,3.95,8.20,8,37,Repeat
414,125,2025-12-28,2025-12-01,delivered,Midlands,6,9,33.90,0.00,0.00,33.90,9,236,Repeat
415,126,2025-01-29,2025-01-01,delivered,Midlands,3,5,17.05,0.00,3.95,21.00,1,,New
416,127,2025-10-05,2025-10-01,delivered,South East,4,9,34.30,0.00,0.00,34.30,1,,New
417,128,2024-01-30,2024-01-01,delivered,South East,1,2,5.42,0.00,3.95,9.37,1,,New
418,128,2024-10-20,2024-10-01,delivered,South East,4,5,15.47,0.00,3.95,19.42,2,264,Repeat
419,128,2025-03-09,2025-03-01,delivered,North West,2,4,12.30,0.00,3.95,16.25,3,140,Repeat
420,128,2025-09-17,2025-09-01,delivered,South East,4,8,27.30,0.00,0.00,27.30,4,192,Repeat
421,129,2025-12-18,2025-12-01,delivered,South East,2,2,6.70,1.68,3.95,8.98,1,,New
422,130,2025-11-28,2025-11-01,delivered,Midlands,3,8,25.90,0.00,0.00,25.90,1,,New
423,130,2025-12-05,2025-12-01,delivered,Midlands,3,5,22.80,0.00,3.95,26.75,2,7,Repeat
424,131,2025-11-05,2025-11-01,delivered,North West,3,3,23.55,0.00,3.95,27.50,1,,New
425,132,2025-03-15,2025-03-01,delivered,South East,4,7,31.35,3.56,0.00,27.79,1,,New
426,132,2025-04-18,2025-04-01,delivered,South East,2,2,7.10,0.00,3.95,11.05,2,34,Repeat
427,132,2025-09-17,2025-09-01,delivered,South East,1,2,7.90,0.79,3.95,11.06,3,152,Repeat
428,132,2025-12-02,2025-12-01,delivered,South East,4,5,34.40,1.75,0.00,32.65,4,76,Repeat
429,133,2024-07-02,2024-07-01,delivered,Yorkshire,4,4,16.67,0.31,3.95,20.31,1,,New
430,133,2025-04-19,2025-04-01,delivered,Yorkshire,1,1,9.20,0.00,3.95,13.15,2,291,Repeat
431,134,2024-08-03,2024-08-01,delivered,North West,5,7,33.23,0.11,0.00,33.12,1,,New
432,134,2024-08-09,2024-08-01,delivered,North West,4,4,9.81,0.24,3.95,13.52,2,6,Repeat
433,134,2024-08-14,2024-08-01,delivered,North West,4,6,29.33,0.51,0.00,28.82,3,5,Repeat
434,134,2024-10-25,2024-10-01,delivered,North West,1,2,9.42,1.88,3.95,11.49,4,72,Repeat
435,134,2025-05-31,2025-05-01,delivered,North West,4,8,58.00,0.00,0.00,58.00,5,218,Repeat
436,134,2025-06-04,2025-06-01,delivered,North West,3,3,23.30,0.00,3.95,27.25,6,4,Repeat
438,134,2025-09-26,2025-09-01,delivered,North West,1,1,11.50,0.00,3.95,15.45,8,27,Repeat
439,134,2025-12-28,2025-12-01,delivered,North West,4,11,54.70,0.00,0.00,54.70,9,93,Repeat
440,135,2025-05-14,2025-05-01,delivered,South East,5,9,45.50,0.00,0.00,45.50,1,,New
441,136,2024-10-30,2024-10-01,delivered,London,4,7,19.77,0.95,3.95,22.77,1,,New
442,137,2025-08-11,2025-08-01,delivered,Scotland,3,4,33.95,0.29,0.00,33.67,1,,New
443,137,2025-11-11,2025-11-01,delivered,Scotland,5,8,30.80,0.00,0.00,30.80,2,92,Repeat
444,138,2024-10-16,2024-10-01,delivered,South East,2,3,6.61,0.94,3.95,9.62,1,,New
445,138,2024-10-29,2024-10-01,delivered,South East,2,3,33.52,0.63,0.00,32.89,2,13,Repeat
447,138,2025-08-30,2025-08-01,delivered,South East,1,1,1.10,0.11,3.95,4.94,4,233,Repeat
448,139,2025-10-19,2025-10-01,delivered,Midlands,2,6,15.80,3.16,3.95,16.59,1,,New
449,140,2024-11-24,2024-11-01,delivered,Scotland,2,4,10.61,0.00,3.95,14.56,1,,New
450,141,2025-09-24,2025-09-01,delivered,Midlands,1,1,2.40,0.00,3.95,6.35,1,,New
451,142,2025-08-22,2025-08-01,delivered,North West,3,7,46.25,0.00,0.00,46.25,1,,New
453,144,2024-04-11,2024-04-01,delivered,North West,1,2,4.96,0.00,3.95,8.91,1,,New
454,144,2024-11-11,2024-11-01,delivered,Scotland,1,1,2.71,0.00,3.95,6.66,2,214,Repeat
455,144,2025-03-08,2025-03-01,delivered,North West,4,11,41.95,0.00,0.00,41.95,3,117,Repeat
456,144,2025-04-21,2025-04-01,delivered,North West,1,4,11.40,0.00,3.95,15.35,4,44,Repeat
457,145,2025-02-03,2025-02-01,delivered,North West,4,5,17.35,0.00,3.95,21.30,1,,New
458,145,2025-03-04,2025-03-01,delivered,North West,2,3,14.20,0.00,3.95,18.15,2,29,Repeat
459,145,2025-04-07,2025-04-01,delivered,North West,3,4,13.50,1.64,3.95,15.82,3,34,Repeat
460,146,2025-12-24,2025-12-01,delivered,Yorkshire,2,2,7.70,1.19,3.95,10.46,1,,New
461,147,2024-11-07,2024-11-01,delivered,London,3,7,22.48,0.00,3.95,26.43,1,,New
462,147,2024-12-02,2024-12-01,delivered,London,2,5,12.56,0.00,3.95,16.51,2,25,Repeat
463,147,2025-05-16,2025-05-01,delivered,London,2,2,5.20,0.00,3.95,9.15,3,165,Repeat
464,147,2025-07-01,2025-07-01,delivered,London,3,4,5.85,0.11,3.95,9.69,4,46,Repeat
465,147,2025-08-18,2025-08-01,delivered,London,3,3,5.40,0.11,3.95,9.24,5,48,Repeat
466,147,2025-12-29,2025-12-01,delivered,London,1,1,1.00,0.00,3.95,4.95,6,133,Repeat
467,148,2024-12-29,2024-12-01,delivered,South East,2,3,5.81,0.00,3.95,9.76,1,,New
468,149,2025-12-30,2025-12-01,delivered,Yorkshire,3,4,19.20,0.00,3.95,23.15,1,,New
469,150,2025-09-12,2025-09-01,delivered,South East,1,1,2.60,0.26,3.95,6.29,1,,New
470,150,2025-09-21,2025-09-01,delivered,South East,2,2,5.50,0.31,3.95,9.14,2,9,Repeat
471,150,2025-10-22,2025-10-01,delivered,South East,4,4,9.65,0.57,3.95,13.03,3,31,Repeat
472,151,2024-12-29,2024-12-01,delivered,North West,3,8,28.18,0.00,0.00,28.18,1,,New
473,151,2025-06-04,2025-06-01,delivered,North West,1,2,5.20,0.00,3.95,9.15,2,157,Repeat
474,152,2025-10-22,2025-10-01,delivered,Yorkshire,4,6,20.95,0.00,3.95,24.90,1,,New
475,153,2024-11-05,2024-11-01,delivered,Scotland,2,6,22.30,0.00,3.95,26.25,1,,New
476,153,2024-11-18,2024-11-01,delivered,Scotland,1,2,5.14,0.00,3.95,9.09,2,13,Repeat
477,153,2025-03-03,2025-03-01,delivered,Scotland,2,5,20.35,0.00,3.95,24.30,3,105,Repeat
478,153,2025-03-31,2025-03-01,delivered,Scotland,1,1,2.60,0.00,3.95,6.55,4,28,Repeat
479,154,2025-10-23,2025-10-01,delivered,South East,4,4,12.45,1.07,3.95,15.33,1,,New
480,155,2025-07-20,2025-07-01,delivered,London,3,5,17.20,0.75,3.95,20.40,1,,New
481,156,2024-05-16,2024-05-01,delivered,London,2,5,14.27,0.00,3.95,18.22,1,,New
482,156,2024-08-06,2024-08-01,delivered,London,3,3,8.62,0.24,3.95,12.33,2,82,Repeat
483,156,2024-08-16,2024-08-01,delivered,London,3,6,21.39,0.11,3.95,25.23,3,10,Repeat
484,156,2024-10-28,2024-10-01,delivered,London,2,4,28.37,2.83,0.00,25.54,4,73,Repeat
485,156,2024-12-29,2024-12-01,delivered,London,4,4,23.56,0.00,3.95,27.51,5,62,Repeat
486,156,2025-01-24,2025-01-01,delivered,London,6,10,42.75,0.00,0.00,42.75,6,26,Repeat
487,156,2025-04-29,2025-04-01,delivered,London,3,3,31.70,0.00,0.00,31.70,7,95,Repeat
488,156,2025-06-13,2025-06-01,delivered,London,3,5,16.80,0.00,3.95,20.75,8,45,Repeat
489,156,2025-06-28,2025-06-01,delivered,London,3,7,26.80,0.00,0.00,26.80,9,15,Repeat
490,156,2025-07-29,2025-07-01,delivered,London,1,1,4.25,0.00,3.95,8.20,10,31,Repeat
491,157,2024-05-03,2024-05-01,delivered,South East,2,3,9.62,0.00,3.95,13.57,1,,New
492,157,2025-02-10,2025-02-01,delivered,South East,3,6,25.10,3.39,3.95,25.66,2,283,Repeat
493,158,2024-12-05,2024-12-01,delivered,London,3,4,34.82,1.66,0.00,33.17,1,,New
494,159,2024-12-03,2024-12-01,delivered,South East,1,2,20.86,0.00,3.95,24.81,1,,New
495,159,2025-11-06,2025-11-01,delivered,South East,1,1,6.95,0.00,3.95,10.90,2,338,Repeat
496,159,2025-12-12,2025-12-01,delivered,South East,4,7,34.25,3.11,0.00,31.14,3,36,Repeat
497,159,2025-12-20,2025-12-01,delivered,South East,1,1,4.75,1.19,3.95,7.51,4,8,Repeat
499,161,2024-06-16,2024-06-01,delivered,North West,1,2,4.76,0.48,3.95,8.23,1,,New
500,161,2024-07-23,2024-07-01,delivered,North West,2,4,7.70,0.23,3.95,11.42,2,37,Repeat
501,161,2024-08-25,2024-08-01,delivered,North West,3,10,26.44,0.92,0.00,25.52,3,33,Repeat
502,161,2025-07-17,2025-07-01,delivered,North West,2,5,14.35,0.00,3.95,18.30,4,326,Repeat
503,161,2025-08-30,2025-08-01,delivered,North West,3,4,11.50,0.25,3.95,15.20,5,44,Repeat
505,161,2025-11-10,2025-11-01,delivered,North West,6,10,54.40,0.00,0.00,54.40,7,22,Repeat
506,162,2024-08-17,2024-08-01,delivered,Yorkshire,3,3,15.81,0.24,3.95,19.52,1,,New
507,162,2024-10-01,2024-10-01,delivered,Yorkshire,1,2,4.96,0.00,3.95,8.91,2,45,Repeat
508,162,2025-01-19,2025-01-01,delivered,Yorkshire,4,6,45.40,0.00,0.00,45.40,3,110,Repeat
509,163,2024-11-07,2024-11-01,delivered,Midlands,5,8,58.48,0.00,0.00,58.48,1,,New
510,163,2025-02-18,2025-02-01,delivered,Midlands,1,1,3.10,0.00,3.95,7.05,2,103,Repeat
511,163,2025-02-22,2025-02-01,delivered,Midlands,3,4,19.45,0.00,3.95,23.40,3,4,Repeat
512,163,2025-06-06,2025-06-01,delivered,Midlands,2,4,12.30,0.00,3.95,16.25,4,104,Repeat
513,163,2025-06-20,2025-06-01,delivered,Midlands,1,2,9.00,0.00,3.95,12.95,5,14,Repeat
514,163,2025-08-17,2025-08-01,delivered,Midlands,1,1,11.50,0.00,3.95,15.45,6,58,Repeat
515,164,2025-09-22,2025-09-01,delivered,London,4,11,56.80,0.00,0.00,56.80,1,,New
516,165,2025-11-26,2025-11-01,delivered,Scotland,2,5,30.65,0.00,0.00,30.65,1,,New
517,166,2024-10-20,2024-10-01,delivered,Midlands,3,4,16.34,0.00,3.95,20.29,1,,New
518,166,2025-05-14,2025-05-01,delivered,Midlands,1,1,4.50,0.00,3.95,8.45,2,206,Repeat
519,166,2025-12-20,2025-12-01,delivered,Midlands,1,1,2.95,0.74,3.95,6.16,3,220,Repeat
520,167,2024-08-04,2024-08-01,delivered,London,1,1,2.71,0.00,3.95,6.66,1,,New
521,167,2025-01-30,2025-01-01,delivered,London,1,1,2.60,0.00,3.95,6.55,2,179,Repeat
522,168,2024-09-10,2024-09-01,delivered,Midlands,3,9,17.81,0.00,3.95,21.76,1,,New
523,169,2024-05-11,2024-05-01,delivered,South East,2,3,7.25,0.00,3.95,11.20,1,,New
524,170,2025-02-08,2025-02-01,delivered,South East,1,1,9.20,0.00,3.95,13.15,1,,New
525,171,2025-10-13,2025-10-01,delivered,Scotland,4,6,29.55,0.00,0.00,29.55,1,,New
526,172,2025-10-30,2025-10-01,delivered,South East,1,3,8.55,1.71,3.95,10.79,1,,New
527,173,2025-06-12,2025-06-01,delivered,Midlands,3,5,13.75,0.00,3.95,17.70,1,,New
528,174,2024-09-13,2024-09-01,delivered,Midlands,1,1,2.48,0.25,3.95,6.18,1,,New
529,175,2025-05-19,2025-05-01,delivered,South East,4,6,25.15,0.00,0.00,25.15,1,,New
530,176,2024-05-15,2024-05-01,delivered,South East,3,3,16.48,0.00,3.95,20.43,1,,New
531,176,2025-03-07,2025-03-01,delivered,London,3,4,14.20,0.00,3.95,18.15,2,296,Repeat
532,176,2025-07-07,2025-07-01,delivered,South East,2,3,8.10,0.25,3.95,11.80,3,122,Repeat
533,176,2025-10-27,2025-10-01,delivered,London,1,2,2.00,0.00,3.95,5.95,4,112,Repeat
535,177,2025-01-15,2025-01-01,delivered,South East,3,7,29.75,0.00,0.00,29.75,2,42,Repeat
536,177,2025-09-23,2025-09-01,delivered,South East,2,4,12.20,0.00,3.95,16.15,3,251,Repeat
537,178,2025-05-21,2025-05-01,delivered,North West,2,2,5.25,0.00,3.95,9.20,1,,New
538,179,2024-05-14,2024-05-01,delivered,Yorkshire,1,2,5.42,0.00,3.95,9.37,1,,New
539,179,2024-08-15,2024-08-01,delivered,Yorkshire,6,14,50.83,1.36,0.00,49.47,2,93,Repeat
540,179,2024-10-18,2024-10-01,delivered,Yorkshire,2,4,14.18,2.84,3.95,15.29,3,64,Repeat
541,179,2024-12-10,2024-12-01,delivered,Yorkshire,2,6,21.00,3.22,3.95,21.73,4,53,Repeat
543,179,2025-08-13,2025-08-01,delivered,Yorkshire,4,8,34.60,0.29,0.00,34.32,6,129,Repeat
544,179,2025-08-28,2025-08-01,delivered,Yorkshire,3,3,17.55,0.11,3.95,21.39,7,15,Repeat
545,180,2024-04-04,2024-04-01,delivered,Scotland,5,9,37.27,0.00,0.00,37.27,1,,New
546,180,2024-05-29,2024-05-01,delivered,Scotland,2,4,11.32,0.00,3.95,15.27,2,55,Repeat
547,180,2024-07-07,2024-07-01,delivered,Scotland,5,12,33.91,0.46,0.00,33.45,3,39,Repeat
548,180,2024-08-30,2024-08-01,delivered,Scotland,4,4,10.24,0.37,3.95,13.82,4,54,Repeat
549,180,2024-09-26,2024-09-01,delivered,Scotland,2,2,5.71,0.00,3.95,9.66,5,27,Repeat
550,180,2025-01-01,2025-01-01,delivered,Scotland,3,4,11.40,0.00,3.95,15.35,6,97,Repeat
551,180,2025-03-07,2025-03-01,delivered,Scotland,1,1,2.60,0.00,3.95,6.55,7,65,Repeat
552,180,2025-12-20,2025-12-01,delivered,Scotland,3,4,28.00,0.00,0.00,28.00,8,288,Repeat
553,180,2025-12-24,2025-12-01,delivered,Scotland,3,4,12.25,0.80,3.95,15.40,9,4,Repeat
554,180,2025-12-27,2025-12-01,delivered,Scotland,2,2,18.55,0.00,3.95,22.50,10,3,Repeat
555,181,2024-10-25,2024-10-01,delivered,North West,1,2,5.90,0.00,3.95,9.85,1,,New
556,182,2025-12-13,2025-12-01,delivered,North West,3,5,27.75,1.60,0.00,26.15,1,,New
557,183,2025-02-03,2025-02-01,delivered,South East,3,4,29.70,0.48,0.00,29.22,1,,New
558,184,2025-07-06,2025-07-01,delivered,Midlands,4,8,25.30,1.04,3.95,28.21,1,,New
559,184,2025-11-22,2025-11-01,delivered,Midlands,2,6,28.35,0.00,0.00,28.35,2,139,Repeat
560,185,2025-11-28,2025-11-01,delivered,South East,2,4,10.60,0.00,3.95,14.55,1,,New
561,186,2025-04-26,2025-04-01,delivered,Scotland,2,5,14.90,0.00,3.95,18.85,1,,New
562,186,2025-09-21,2025-09-01,delivered,Scotland,4,4,13.50,0.26,3.95,17.19,2,148,Repeat
563,187,2024-08-25,2024-08-01,delivered,Midlands,2,4,10.34,0.00,3.95,14.29,1,,New
564,187,2024-09-11,2024-09-01,delivered,Midlands,4,7,18.86,0.00,3.95,22.81,2,17,Repeat
565,187,2024-09-12,2024-09-01,delivered,Midlands,4,8,29.92,1.49,0.00,28.43,3,1,Repeat
566,187,2024-09-27,2024-09-01,delivered,Midlands,3,4,27.19,0.00,0.00,27.19,4,15,Repeat
567,187,2024-10-05,2024-10-01,delivered,Midlands,6,10,68.62,0.00,0.00,68.62,5,8,Repeat
568,187,2024-10-22,2024-10-01,delivered,Midlands,2,2,15.66,0.94,3.95,18.67,6,17,Repeat
569,187,2024-10-25,2024-10-01,delivered,Midlands,2,5,12.86,0.00,3.95,16.81,7,3,Repeat
570,187,2024-11-23,2024-11-01,delivered,Midlands,5,8,31.47,0.00,0.00,31.47,8,29,Repeat
571,187,2025-02-10,2025-02-01,delivered,Midlands,2,3,10.35,1.13,3.95,13.18,9,79,Repeat
572,187,2025-04-21,2025-04-01,delivered,Midlands,3,7,31.65,0.00,0.00,31.65,10,70,Repeat
573,187,2025-05-04,2025-05-01,delivered,Midlands,3,5,25.35,0.00,0.00,25.35,11,13,Repeat
574,187,2025-06-30,2025-06-01,delivered,Midlands,1,2,5.40,0.54,3.95,8.81,12,57,Repeat
575,187,2025-08-07,2025-08-01,delivered,Midlands,2,6,16.00,1.08,3.95,18.87,13,38,Repeat
576,187,2025-08-24,2025-08-01,delivered,Midlands,1,1,2.60,0.00,3.95,6.55,14,17,Repeat
577,187,2025-10-21,2025-10-01,delivered,Midlands,2,3,8.20,1.08,3.95,11.07,15,58,Repeat
578,187,2025-11-10,2025-11-01,delivered,Midlands,4,5,24.55,0.00,3.95,28.50,16,20,Repeat
580,187,2025-12-05,2025-12-01,delivered,Midlands,2,2,14.75,0.95,3.95,17.75,18,13,Repeat
581,187,2025-12-28,2025-12-01,delivered,Midlands,1,1,1.20,0.00,3.95,5.15,19,23,Repeat
582,188,2025-09-23,2025-09-01,delivered,Yorkshire,2,2,5.60,0.00,3.95,9.55,1,,New
583,189,2024-11-22,2024-11-01,delivered,South East,1,1,4.05,0.00,3.95,8.00,1,,New
584,190,2025-01-08,2025-01-01,delivered,Scotland,2,5,13.85,0.00,3.95,17.80,1,,New
585,190,2025-10-04,2025-10-01,delivered,Scotland,5,7,20.90,0.00,3.95,24.85,2,269,Repeat
586,191,2025-02-18,2025-02-01,delivered,London,1,1,5.25,0.00,3.95,9.20,1,,New
587,191,2025-03-05,2025-03-01,delivered,London,3,5,13.30,0.00,3.95,17.25,2,15,Repeat
588,191,2025-04-12,2025-04-01,delivered,London,1,1,9.20,0.00,3.95,13.15,3,38,Repeat
589,191,2025-04-16,2025-04-01,delivered,London,1,1,2.40,0.00,3.95,6.35,4,4,Repeat
590,191,2025-05-10,2025-05-01,delivered,London,1,2,5.00,0.00,3.95,8.95,5,24,Repeat
591,191,2025-06-07,2025-06-01,delivered,London,5,9,25.35,0.00,0.00,25.35,6,28,Repeat
592,191,2025-11-23,2025-11-01,delivered,London,1,1,2.60,0.00,3.95,6.55,7,169,Repeat
593,192,2025-12-19,2025-12-01,delivered,Yorkshire,1,1,3.75,0.94,3.95,6.76,1,,New
594,193,2025-12-27,2025-12-01,delivered,North West,3,6,33.20,0.00,0.00,33.20,1,,New
595,194,2025-08-31,2025-08-01,delivered,North West,3,6,22.10,0.00,3.95,26.05,1,,New
596,195,2025-01-10,2025-01-01,delivered,Scotland,3,3,8.60,0.00,3.95,12.55,1,,New
597,195,2025-02-27,2025-02-01,delivered,Scotland,3,5,11.80,0.00,3.95,15.75,2,48,Repeat
598,195,2025-07-27,2025-07-01,delivered,Scotland,2,2,20.65,0.27,3.95,24.33,3,150,Repeat
599,195,2025-08-04,2025-08-01,delivered,Scotland,2,2,7.55,0.33,3.95,11.17,4,8,Repeat
600,195,2025-11-24,2025-11-01,delivered,Scotland,2,4,7.70,0.00,3.95,11.65,5,112,Repeat
601,196,2025-04-02,2025-04-01,delivered,London,5,10,32.20,0.00,0.00,32.20,1,,New
602,197,2024-08-10,2024-08-01,delivered,London,1,3,2.85,0.00,3.95,6.80,1,,New
603,198,2025-11-08,2025-11-01,delivered,North West,3,5,30.95,0.00,0.00,30.95,1,,New
604,199,2025-03-20,2025-03-01,delivered,London,2,3,6.70,0.68,3.95,9.98,1,,New
605,199,2025-05-12,2025-05-01,delivered,London,1,2,6.40,0.00,3.95,10.35,2,53,Repeat
606,199,2025-07-24,2025-07-01,delivered,London,3,6,25.05,1.41,3.95,27.59,3,73,Repeat
607,200,2025-02-09,2025-02-01,delivered,London,3,4,15.70,0.98,3.95,18.68,1,,New
608,200,2025-04-10,2025-04-01,delivered,London,5,6,27.90,2.08,0.00,25.82,2,60,Repeat
609,200,2025-07-27,2025-07-01,delivered,London,6,7,20.30,0.83,3.95,23.43,3,108,Repeat
610,200,2025-09-26,2025-09-01,delivered,London,1,1,4.25,0.00,3.95,8.20,4,61,Repeat
611,200,2025-11-13,2025-11-01,delivered,North West,1,2,6.40,0.00,3.95,10.35,5,48,Repeat
612,200,2025-11-15,2025-11-01,delivered,London,1,1,4.25,0.00,3.95,8.20,6,2,Repeat
613,201,2024-07-31,2024-07-01,delivered,Yorkshire,2,2,6.62,0.26,3.95,10.31,1,,New
614,201,2025-02-20,2025-02-01,delivered,Yorkshire,5,6,27.20,0.00,0.00,27.20,2,204,Repeat
615,201,2025-11-13,2025-11-01,delivered,Yorkshire,2,5,19.45,0.00,3.95,23.40,3,266,Repeat
616,201,2025-12-13,2025-12-01,delivered,Yorkshire,2,4,14.70,0.00,3.95,18.65,4,30,Repeat
617,202,2025-08-13,2025-08-01,delivered,London,3,7,25.40,0.00,0.00,25.40,1,,New
618,203,2024-02-19,2024-02-01,delivered,North West,1,1,2.71,0.00,3.95,6.66,1,,New
619,203,2024-03-04,2024-03-01,delivered,North West,3,3,18.04,0.00,3.95,21.99,2,14,Repeat
620,203,2024-10-20,2024-10-01,delivered,North West,1,2,6.28,1.26,3.95,8.97,3,230,Repeat
621,203,2025-08-06,2025-08-01,delivered,North West,1,2,5.20,0.00,3.95,9.15,4,290,Repeat
622,204,2025-09-25,2025-09-01,delivered,South East,4,4,10.60,0.00,3.95,14.55,1,,New
623,204,2025-10-20,2025-10-01,delivered,South East,4,7,32.90,3.39,0.00,29.51,2,25,Repeat
624,204,2025-11-12,2025-11-01,delivered,South East,3,5,28.10,0.00,0.00,28.10,3,23,Repeat
625,204,2025-12-18,2025-12-01,delivered,South East,4,5,30.45,2.64,0.00,27.81,4,36,Repeat
626,205,2024-06-01,2024-06-01,delivered,Midlands,4,6,23.80,0.00,3.95,27.75,1,,New
627,205,2024-06-21,2024-06-01,delivered,Midlands,4,7,23.51,0.47,3.95,26.99,2,20,Repeat
628,205,2024-11-16,2024-11-01,delivered,Midlands,4,8,25.24,0.00,0.00,25.24,3,148,Repeat
629,205,2025-01-19,2025-01-01,delivered,London,3,3,8.65,0.00,3.95,12.60,4,64,Repeat
630,205,2025-01-29,2025-01-01,delivered,Midlands,3,5,12.90,0.00,3.95,16.85,5,10,Repeat
631,205,2025-07-26,2025-07-01,delivered,Midlands,4,5,27.35,0.27,0.00,27.08,6,178,Repeat
632,205,2025-12-09,2025-12-01,delivered,Midlands,4,9,34.15,0.00,0.00,34.15,7,136,Repeat
633,205,2025-12-10,2025-12-01,delivered,Midlands,1,1,2.95,0.74,3.95,6.16,8,1,Repeat
634,206,2024-11-29,2024-11-01,delivered,Midlands,1,1,2.95,0.00,3.95,6.90,1,,New
635,206,2024-12-12,2024-12-01,delivered,Midlands,3,6,23.34,4.82,3.95,22.47,2,13,Repeat
636,206,2025-09-11,2025-09-01,delivered,Midlands,4,9,27.25,0.62,0.00,26.63,3,273,Repeat
637,206,2025-10-08,2025-10-01,delivered,Midlands,3,5,17.90,0.00,3.95,21.85,4,27,Repeat
638,206,2025-11-06,2025-11-01,delivered,Midlands,4,5,31.95,0.00,0.00,31.95,5,29,Repeat
639,207,2025-12-20,2025-12-01,delivered,North West,2,2,19.70,0.94,3.95,22.71,1,,New
640,208,2025-11-16,2025-11-01,delivered,Yorkshire,2,4,11.00,0.00,3.95,14.95,1,,New
641,209,2024-02-19,2024-02-01,delivered,London,2,5,16.28,0.00,3.95,20.23,1,,New
642,209,2024-04-24,2024-04-01,delivered,London,3,4,13.19,0.00,3.95,17.14,2,65,Repeat
643,209,2024-10-29,2024-10-01,delivered,London,2,4,11.14,0.00,3.95,15.09,3,188,Repeat
644,209,2025-01-18,2025-01-01,delivered,London,4,6,17.30,0.00,3.95,21.25,4,81,Repeat
645,209,2025-02-24,2025-02-01,delivered,London,1,1,1.10,0.00,3.95,5.05,5,37,Repeat
646,209,2025-05-17,2025-05-01,delivered,London,5,11,30.05,0.00,0.00,30.05,6,82,Repeat
647,209,2025-05-23,2025-05-01,delivered,London,4,6,17.05,0.00,3.95,21.00,7,6,Repeat
648,209,2025-06-02,2025-06-01,delivered,London,1,2,8.50,0.00,3.95,12.45,8,10,Repeat
649,209,2025-09-14,2025-09-01,delivered,London,1,2,10.50,0.00,3.95,14.45,9,104,Repeat
650,209,2025-10-11,2025-10-01,delivered,London,1,1,3.20,0.00,3.95,7.15,10,27,Repeat
651,209,2025-11-05,2025-11-01,delivered,South East,2,6,21.15,0.00,3.95,25.10,11,25,Repeat
652,209,2025-12-22,2025-12-01,delivered,London,2,4,9.80,0.00,3.95,13.75,12,47,Repeat
653,210,2024-08-07,2024-08-01,delivered,Scotland,4,5,9.25,0.68,3.95,12.52,1,,New
654,210,2025-03-01,2025-03-01,delivered,Scotland,2,2,7.00,0.00,3.95,10.95,2,206,Repeat
655,210,2025-06-25,2025-06-01,delivered,Scotland,6,8,26.25,0.91,0.00,25.34,3,116,Repeat
656,210,2025-11-30,2025-11-01,delivered,Scotland,1,2,13.00,0.00,3.95,16.95,4,158,Repeat
657,211,2025-11-27,2025-11-01,delivered,North West,2,3,6.25,0.00,3.95,10.20,1,,New
658,212,2024-02-03,2024-02-01,delivered,Scotland,3,5,24.01,3.14,3.95,24.82,1,,New
659,212,2024-02-08,2024-02-01,delivered,Scotland,3,5,15.67,0.54,3.95,19.08,2,5,Repeat
660,212,2025-07-04,2025-07-01,delivered,Scotland,4,6,27.15,0.25,0.00,26.90,3,512,Repeat
661,212,2025-11-04,2025-11-01,delivered,Scotland,2,3,8.40,0.00,3.95,12.35,4,123,Repeat
662,213,2024-10-23,2024-10-01,delivered,London,2,3,19.85,1.88,3.95,21.92,1,,New
663,213,2024-10-28,2024-10-01,delivered,South East,4,4,11.76,0.63,3.95,15.08,2,5,Repeat
664,213,2024-11-10,2024-11-01,delivered,London,1,4,11.24,0.00,3.95,15.19,3,13,Repeat
665,213,2024-12-06,2024-12-01,delivered,London,4,8,27.01,3.04,3.95,27.92,4,26,Repeat
666,213,2025-06-12,2025-06-01,delivered,South East,5,9,33.05,0.00,0.00,33.05,5,188,Repeat
667,213,2025-06-25,2025-06-01,delivered,South East,3,3,17.25,0.00,3.95,21.20,6,13,Repeat
668,214,2024-12-04,2024-12-01,delivered,London,2,3,14.86,1.53,3.95,17.29,1,,New
669,215,2025-12-22,2025-12-01,delivered,London,2,2,6.00,0.80,3.95,9.15,1,,New
670,216,2025-02-15,2025-02-01,delivered,South East,2,4,11.45,0.00,3.95,15.40,1,,New
671,217,2024-08-02,2024-08-01,delivered,North West,1,1,1.14,0.11,3.95,4.98,1,,New
672,217,2025-04-17,2025-04-01,delivered,North West,3,5,15.35,0.00,3.95,19.30,2,258,Repeat
673,218,2024-10-23,2024-10-01,delivered,London,5,10,38.27,0.46,0.00,37.81,1,,New
674,218,2025-03-06,2025-03-01,delivered,London,2,3,10.30,0.00,3.95,14.25,2,134,Repeat
676,219,2025-12-24,2025-12-01,delivered,Midlands,4,9,53.25,0.80,0.00,52.45,1,,New
677,220,2025-03-11,2025-03-01,delivered,Scotland,3,6,15.60,0.00,3.95,19.55,1,,New
678,221,2025-02-23,2025-02-01,delivered,London,4,4,15.70,0.00,3.95,19.65,1,,New
679,221,2025-12-28,2025-12-01,delivered,London,1,2,5.20,0.00,3.95,9.15,2,308,Repeat
680,222,2025-05-06,2025-05-01,delivered,London,1,1,13.50,0.00,3.95,17.45,1,,New
681,223,2024-09-24,2024-09-01,delivered,Scotland,3,3,21.90,0.00,3.95,25.85,1,,New
682,224,2025-06-08,2025-06-01,delivered,South East,1,2,1.90,0.00,3.95,5.85,1,,New
683,224,2025-07-27,2025-07-01,delivered,South East,3,5,16.20,0.32,3.95,19.83,2,49,Repeat
684,224,2025-09-13,2025-09-01,delivered,South East,3,6,16.40,0.00,3.95,20.35,3,48,Repeat
685,224,2025-09-25,2025-09-01,delivered,South East,3,3,16.55,0.00,3.95,20.50,4,12,Repeat
687,224,2025-10-23,2025-10-01,delivered,South East,4,6,25.75,1.50,3.95,28.20,6,9,Repeat
688,224,2025-11-09,2025-11-01,delivered,South East,1,1,8.40,0.00,3.95,12.35,7,17,Repeat
689,224,2025-11-20,2025-11-01,delivered,South East,1,2,5.20,0.00,3.95,9.15,8,11,Repeat
690,225,2025-08-07,2025-08-01,delivered,South East,3,4,10.75,0.20,3.95,14.50,1,,New
691,226,2024-08-14,2024-08-01,delivered,South East,4,7,30.77,0.00,0.00,30.77,1,,New
692,226,2025-01-06,2025-01-01,delivered,South East,2,3,8.20,0.00,3.95,12.15,2,145,Repeat
693,226,2025-01-16,2025-01-01,delivered,South East,2,6,21.45,0.00,3.95,25.40,3,10,Repeat
694,226,2025-08-12,2025-08-01,delivered,South East,2,3,6.50,0.10,3.95,10.35,4,208,Repeat
695,227,2024-06-03,2024-06-01,delivered,Midlands,1,2,7.24,0.00,3.95,11.19,1,,New
696,227,2024-07-17,2024-07-01,delivered,Midlands,1,1,2.48,0.00,3.95,6.43,2,44,Repeat
697,227,2024-12-18,2024-12-01,delivered,Midlands,1,1,4.05,0.00,3.95,8.00,3,154,Repeat
698,228,2025-03-19,2025-03-01,delivered,London,4,7,29.25,2.93,0.00,26.33,1,,New
699,229,2025-01-03,2025-01-01,delivered,North West,3,5,14.30,0.00,3.95,18.25,1,,New
700,230,2024-08-08,2024-08-01,delivered,South East,2,3,2.85,0.11,3.95,6.70,1,,New
701,230,2025-04-07,2025-04-01,delivered,South East,4,4,17.75,0.98,3.95,20.73,2,242,Repeat
702,231,2024-12-29,2024-12-01,delivered,South East,3,5,23.63,0.00,3.95,27.58,1,,New
703,231,2025-01-18,2025-01-01,delivered,South East,1,2,6.20,0.00,3.95,10.15,2,20,Repeat
704,231,2025-03-23,2025-03-01,delivered,South East,3,4,18.20,1.95,3.95,20.20,3,64,Repeat
705,231,2025-04-03,2025-04-01,delivered,South East,1,2,5.50,0.00,3.95,9.45,4,11,Repeat
706,231,2025-05-19,2025-05-01,delivered,South East,5,7,29.40,0.00,0.00,29.40,5,46,Repeat
707,231,2025-06-29,2025-06-01,delivered,South East,3,5,12.10,0.00,3.95,16.05,6,41,Repeat
708,231,2025-10-13,2025-10-01,delivered,South East,4,4,19.00,0.00,3.95,22.95,7,106,Repeat
709,231,2025-11-04,2025-11-01,delivered,South East,3,3,10.75,0.00,3.95,14.70,8,22,Repeat
710,231,2025-12-09,2025-12-01,delivered,South East,2,3,8.00,0.00,3.95,11.95,9,35,Repeat
711,231,2025-12-24,2025-12-01,delivered,South East,3,3,22.30,1.19,3.95,25.06,10,15,Repeat
712,232,2025-12-29,2025-12-01,delivered,London,1,1,3.95,0.00,3.95,7.90,1,,New
713,233,2025-06-08,2025-06-01,delivered,London,3,5,11.10,0.00,3.95,15.05,1,,New
714,234,2024-11-14,2024-11-01,delivered,Midlands,1,1,2.71,0.00,3.95,6.66,1,,New
715,234,2025-06-11,2025-06-01,delivered,Midlands,2,4,10.70,0.00,3.95,14.65,2,209,Repeat
716,234,2025-10-23,2025-10-01,delivered,Midlands,1,1,2.60,0.00,3.95,6.55,3,134,Repeat
717,235,2024-06-19,2024-06-01,delivered,South East,5,8,32.87,0.23,0.00,32.64,1,,New
718,235,2025-12-20,2025-12-01,delivered,South East,1,1,15.95,0.00,3.95,19.90,2,549,Repeat
719,236,2024-05-31,2024-05-01,delivered,South East,1,1,2.81,0.00,3.95,6.76,1,,New
720,236,2024-12-07,2024-12-01,delivered,South East,3,6,39.24,7.20,0.00,32.04,2,190,Repeat
721,236,2024-12-31,2024-12-01,delivered,South East,1,1,2.81,0.00,3.95,6.76,3,24,Repeat
722,236,2025-03-12,2025-03-01,delivered,South East,3,5,20.00,0.00,3.95,23.95,4,71,Repeat
724,236,2025-08-31,2025-08-01,delivered,South East,2,3,20.15,0.22,3.95,23.88,6,88,Repeat
725,236,2025-09-08,2025-09-01,delivered,South East,3,4,12.20,0.90,3.95,15.25,7,8,Repeat
726,236,2025-10-27,2025-10-01,delivered,South East,3,4,15.85,0.00,3.95,19.80,8,49,Repeat
727,236,2025-12-05,2025-12-01,delivered,South East,2,4,13.10,0.80,3.95,16.25,9,39,Repeat
728,236,2025-12-07,2025-12-01,delivered,South East,4,6,45.75,3.46,0.00,42.29,10,2,Repeat
729,236,2025-12-22,2025-12-01,delivered,South East,2,3,17.65,0.94,3.95,20.66,11,15,Repeat
730,237,2025-12-28,2025-12-01,delivered,South East,2,2,11.70,0.00,3.95,15.65,1,,New
731,238,2025-03-05,2025-03-01,delivered,Scotland,2,2,5.10,0.00,3.95,9.05,1,,New
732,239,2024-10-27,2024-10-01,delivered,South East,4,5,22.99,1.57,3.95,25.37,1,,New
733,240,2025-02-03,2025-02-01,delivered,Yorkshire,2,2,11.25,0.00,3.95,15.20,1,,New
734,241,2024-02-27,2024-02-01,delivered,London,3,6,15.56,0.00,3.95,19.51,1,,New
735,241,2024-08-07,2024-08-01,delivered,London,5,9,36.20,0.00,0.00,36.20,2,162,Repeat
736,241,2024-08-09,2024-08-01,delivered,London,1,3,3.42,0.34,3.95,7.03,3,2,Repeat
737,241,2024-12-01,2024-12-01,delivered,London,3,3,10.33,2.36,3.95,11.92,4,114,Repeat
738,241,2024-12-12,2024-12-01,delivered,London,4,5,28.86,1.66,0.00,27.21,5,11,Repeat
739,241,2025-03-31,2025-03-01,delivered,London,2,2,17.80,0.00,3.95,21.75,6,109,Repeat
740,241,2025-08-28,2025-08-01,delivered,London,2,4,6.40,0.33,3.95,10.02,7,150,Repeat
741,241,2025-12-10,2025-12-01,delivered,London,2,2,7.10,0.00,3.95,11.05,8,104,Repeat
742,242,2025-11-01,2025-11-01,delivered,Scotland,4,8,36.90,0.00,0.00,36.90,1,,New
743,243,2025-11-10,2025-11-01,delivered,London,6,12,41.45,0.00,0.00,41.45,1,,New
744,244,2025-01-18,2025-01-01,delivered,Midlands,2,2,3.60,0.00,3.95,7.55,1,,New
746,245,2025-10-20,2025-10-01,delivered,Yorkshire,3,6,17.50,0.00,3.95,21.45,2,198,Repeat
747,246,2025-11-16,2025-11-01,delivered,North West,1,1,4.75,0.00,3.95,8.70,1,,New
748,247,2025-04-25,2025-04-01,delivered,South East,1,1,3.10,0.00,3.95,7.05,1,,New
750,247,2025-11-09,2025-11-01,delivered,South East,3,6,21.80,0.00,3.95,25.75,3,91,Repeat
751,247,2025-11-27,2025-11-01,delivered,South East,1,1,1.10,0.00,3.95,5.05,4,18,Repeat
752,248,2025-09-14,2025-09-01,delivered,London,2,3,7.90,0.00,3.95,11.85,1,,New
753,249,2025-11-24,2025-11-01,delivered,London,1,1,14.95,0.00,3.95,18.90,1,,New
754,250,2024-05-16,2024-05-01,delivered,South East,1,1,3.57,0.00,3.95,7.52,1,,New
755,250,2024-06-02,2024-06-01,delivered,South East,1,1,2.48,0.00,3.95,6.43,2,17,Repeat
756,250,2024-07-27,2024-07-01,delivered,South East,5,11,30.16,1.32,0.00,28.85,3,55,Repeat
757,250,2024-09-06,2024-09-01,delivered,South East,4,5,36.05,0.25,0.00,35.80,4,41,Repeat
758,250,2024-10-07,2024-10-01,delivered,South East,3,8,25.11,0.00,0.00,25.11,5,31,Repeat
759,250,2025-04-15,2025-04-01,delivered,South East,3,4,13.25,0.00,3.95,17.20,6,190,Repeat
760,250,2025-07-15,2025-07-01,delivered,South East,2,3,7.80,0.00,3.95,11.75,7,91,Repeat
761,250,2025-10-14,2025-10-01,delivered,South East,1,1,4.95,0.00,3.95,8.90,8,91,Repeat
762,251,2025-05-07,2025-05-01,delivered,Midlands,1,2,5.40,0.00,3.95,9.35,1,,New
763,252,2025-09-13,2025-09-01,delivered,North West,6,9,35.80,0.78,0.00,35.02,1,,New
764,253,2024-02-08,2024-02-01,delivered,Yorkshire,4,6,32.59,2.22,0.00,30.37,1,,New
765,254,2025-04-08,2025-04-01,delivered,South East,3,6,32.10,0.56,0.00,31.54,1,,New
766,255,2024-09-08,2024-09-01,delivered,Midlands,2,5,12.86,0.74,3.95,16.07,1,,New
767,255,2024-12-28,2024-12-01,delivered,Midlands,2,3,14.14,0.00,3.95,18.09,2,111,Repeat
768,255,2025-03-04,2025-03-01,delivered,Midlands,3,6,13.30,0.00,3.95,17.25,3,66,Repeat
769,255,2025-03-13,2025-03-01,delivered,Midlands,5,8,32.75,0.00,0.00,32.75,4,9,Repeat
770,255,2025-04-05,2025-04-01,delivered,Midlands,1,3,8.55,0.00,3.95,12.50,5,23,Repeat
771,255,2025-08-27,2025-08-01,delivered,Midlands,1,1,11.50,0.00,3.95,15.45,6,144,Repeat
772,255,2025-12-02,2025-12-01,delivered,Midlands,2,2,20.70,1.19,3.95,23.46,7,97,Repeat
773,256,2025-04-28,2025-04-01,delivered,Scotland,3,3,10.20,0.00,3.95,14.15,1,,New
774,256,2025-11-10,2025-11-01,delivered,Scotland,2,3,10.10,0.00,3.95,14.05,2,196,Repeat
775,257,2024-10-09,2024-10-01,delivered,Midlands,3,4,14.70,0.00,3.95,18.65,1,,New
776,258,2025-05-24,2025-05-01,delivered,South East,5,10,28.20,0.00,0.00,28.20,1,,New
777,258,2025-06-10,2025-06-01,delivered,South East,2,6,15.40,0.00,3.95,19.35,2,17,Repeat
778,258,2025-10-14,2025-10-01,delivered,South East,2,2,8.65,0.00,3.95,12.60,3,126,Repeat
779,258,2025-11-08,2025-11-01,delivered,South East,3,5,15.65,0.00,3.95,19.60,4,25,Repeat
780,259,2024-06-14,2024-06-01,delivered,Scotland,6,10,45.33,0.00,0.00,45.33,1,,New
781,260,2024-04-21,2024-04-01,delivered,South East,1,1,6.19,0.00,3.95,10.14,1,,New
782,260,2024-06-03,2024-06-01,delivered,South East,2,6,8.56,0.00,3.95,12.51,2,43,Repeat
783,260,2024-11-02,2024-11-01,delivered,South East,3,5,21.76,0.00,3.95,25.71,3,152,Repeat
784,260,2024-12-10,2024-12-01,delivered,South East,1,1,6.62,1.66,3.95,8.92,4,38,Repeat
785,260,2024-12-27,2024-12-01,delivered,South East,3,4,31.42,0.00,0.00,31.42,5,17,Repeat
786,260,2025-02-02,2025-02-01,delivered,South East,1,2,9.00,0.00,3.95,12.95,6,37,Repeat
787,260,2025-04-10,2025-04-01,delivered,South East,1,1,2.60,0.00,3.95,6.55,7,67,Repeat
788,260,2025-04-30,2025-04-01,delivered,South East,3,3,8.00,0.00,3.95,11.95,8,20,Repeat
789,260,2025-05-06,2025-05-01,delivered,South East,4,7,26.75,0.00,0.00,26.75,9,6,Repeat
790,260,2025-07-11,2025-07-01,delivered,South East,1,1,1.10,0.11,3.95,4.94,10,66,Repeat
791,260,2025-08-07,2025-08-01,delivered,South East,5,15,33.05,1.54,0.00,31.51,11,27,Repeat
792,260,2025-09-05,2025-09-01,delivered,South East,1,2,5.70,0.00,3.95,9.65,12,29,Repeat
793,260,2025-09-16,2025-09-01,delivered,South East,3,4,11.45,0.48,3.95,14.92,13,11,Repeat
794,260,2025-11-04,2025-11-01,delivered,South East,1,3,7.80,0.00,3.95,11.75,14,49,Repeat
795,260,2025-12-06,2025-12-01,delivered,South East,2,2,6.90,0.95,3.95,9.90,15,32,Repeat
796,261,2025-09-03,2025-09-01,delivered,South East,1,2,5.70,0.00,3.95,9.65,1,,New
797,261,2025-09-18,2025-09-01,delivered,South East,3,5,22.85,1.19,3.95,25.62,2,15,Repeat
798,261,2025-10-10,2025-10-01,delivered,South East,3,4,27.95,0.00,0.00,27.95,3,22,Repeat
799,262,2024-06-19,2024-06-01,delivered,Midlands,3,4,12.71,0.31,3.95,16.35,1,,New
801,262,2025-04-19,2025-04-01,delivered,Midlands,6,7,20.30,0.00,3.95,24.25,3,214,Repeat
802,262,2025-11-09,2025-11-01,delivered,Midlands,6,10,26.90,0.00,0.00,26.90,4,204,Repeat
803,263,2024-07-08,2024-07-01,delivered,North West,1,1,2.48,0.00,3.95,6.43,1,,New
804,263,2025-06-09,2025-06-01,delivered,North West,3,5,17.25,0.00,3.95,21.20,2,336,Repeat
805,263,2025-08-15,2025-08-01,delivered,North West,3,5,35.90,0.30,0.00,35.60,3,67,Repeat
806,263,2025-09-11,2025-09-01,delivered,North West,1,2,6.60,0.00,3.95,10.55,4,27,Repeat
807,263,2025-12-17,2025-12-01,delivered,North West,1,1,4.50,1.13,3.95,7.33,5,97,Repeat
808,264,2025-11-13,2025-11-01,delivered,Midlands,2,2,5.20,0.00,3.95,9.15,1,,New
809,265,2025-10-21,2025-10-01,delivered,South East,1,1,2.70,0.54,3.95,6.11,1,,New
810,266,2025-12-02,2025-12-01,delivered,Yorkshire,2,3,17.50,1.13,3.95,20.33,1,,New
811,267,2025-03-01,2025-03-01,delivered,Midlands,1,2,5.60,0.00,3.95,9.55,1,,New
812,267,2025-07-14,2025-07-01,delivered,Midlands,2,3,39.00,0.00,0.00,39.00,2,135,Repeat
813,268,2025-04-13,2025-04-01,delivered,Yorkshire,3,5,12.75,0.00,3.95,16.70,1,,New
814,269,2024-01-02,2024-01-01,delivered,South East,3,4,20.10,0.00,3.95,24.05,1,,New
815,269,2024-08-19,2024-08-01,delivered,London,5,7,29.71,0.35,0.00,29.36,2,230,Repeat
816,269,2024-12-25,2024-12-01,delivered,South East,2,3,7.63,0.00,3.95,11.58,3,128,Repeat
817,269,2025-06-29,2025-06-01,delivered,London,4,11,34.75,0.00,0.00,34.75,4,186,Repeat
818,269,2025-11-23,2025-11-01,delivered,London,2,3,28.10,0.00,0.00,28.10,5,147,Repeat
819,269,2025-12-21,2025-12-01,delivered,London,4,8,19.60,3.05,3.95,20.50,6,28,Repeat
820,270,2025-05-14,2025-05-01,delivered,Midlands,1,2,5.70,0.00,3.95,9.65,1,,New
821,271,2024-09-24,2024-09-01,delivered,South East,1,1,2.48,0.00,3.95,6.43,1,,New
822,272,2024-12-30,2024-12-01,delivered,South East,3,5,17.80,0.00,3.95,21.75,1,,New
823,272,2025-01-24,2025-01-01,delivered,South East,1,1,2.60,0.00,3.95,6.55,2,25,Repeat
824,272,2025-02-02,2025-02-01,delivered,South East,3,6,23.05,0.00,3.95,27.00,3,9,Repeat
825,272,2025-06-15,2025-06-01,delivered,South East,1,1,2.85,0.29,3.95,6.52,4,133,Repeat
826,273,2025-10-14,2025-10-01,delivered,North West,2,4,8.50,0.00,3.95,12.45,1,,New
827,274,2025-06-25,2025-06-01,delivered,Scotland,1,3,8.25,0.00,3.95,12.20,1,,New
828,274,2025-11-10,2025-11-01,delivered,Midlands,5,8,37.15,0.00,0.00,37.15,2,138,Repeat
829,275,2025-11-12,2025-11-01,delivered,London,3,6,25.00,0.00,0.00,25.00,1,,New
830,276,2024-10-20,2024-10-01,delivered,Scotland,1,2,9.42,1.88,3.95,11.49,1,,New
831,277,2024-11-30,2024-11-01,delivered,North West,2,5,22.98,0.00,3.95,26.93,1,,New
832,277,2025-12-11,2025-12-01,delivered,North West,4,11,76.20,7.60,0.00,68.60,2,376,Repeat
833,278,2025-11-16,2025-11-01,delivered,Scotland,5,10,63.30,0.00,0.00,63.30,1,,New
834,279,2024-01-03,2024-01-01,delivered,Scotland,1,1,4.71,0.00,3.95,8.66,1,,New
835,279,2024-01-20,2024-01-01,delivered,Scotland,4,5,31.67,0.00,0.00,31.67,2,17,Repeat
836,279,2024-01-31,2024-01-01,delivered,Scotland,1,3,9.15,0.00,3.95,13.10,3,11,Repeat
837,279,2024-02-04,2024-02-01,delivered,Scotland,2,2,11.05,0.00,3.95,15.00,4,4,Repeat
838,279,2024-02-29,2024-02-01,delivered,Scotland,2,5,17.52,0.00,3.95,21.47,5,25,Repeat
839,279,2024-03-10,2024-03-01,delivered,Scotland,2,3,6.39,0.00,3.95,10.34,6,10,Repeat
840,279,2024-05-10,2024-05-01,delivered,Scotland,2,5,11.72,0.00,3.95,15.67,7,61,Repeat
841,279,2024-06-10,2024-06-01,delivered,Scotland,1,3,2.70,0.00,3.95,6.65,8,31,Repeat
842,279,2024-11-01,2024-11-01,delivered,Scotland,1,3,8.43,0.00,3.95,12.38,9,144,Repeat
843,279,2024-12-25,2024-12-01,delivered,Scotland,2,6,12.02,0.00,3.95,15.97,10,54,Repeat
844,279,2025-02-15,2025-02-01,delivered,Scotland,2,5,23.50,0.00,3.95,27.45,11,52,Repeat
845,279,2025-04-24,2025-04-01,delivered,Scotland,1,2,1.90,0.00,3.95,5.85,12,68,Repeat
846,279,2025-04-28,2025-04-01,delivered,Scotland,4,9,36.55,0.00,0.00,36.55,13,4,Repeat
847,279,2025-07-17,2025-07-01,delivered,Scotland,1,2,2.20,0.22,3.95,5.93,14,80,Repeat
848,279,2025-08-30,2025-08-01,delivered,Scotland,4,5,24.15,0.54,3.95,27.56,15,44,Repeat
849,279,2025-11-11,2025-11-01,delivered,Scotland,4,7,27.35,0.00,0.00,27.35,16,73,Repeat
850,279,2025-12-07,2025-12-01,delivered,Scotland,1,2,2.00,0.00,3.95,5.95,17,26,Repeat
851,279,2025-12-25,2025-12-01,delivered,Scotland,5,9,54.85,0.00,0.00,54.85,18,18,Repeat
852,280,2025-04-06,2025-04-01,delivered,Midlands,3,7,29.90,2.91,0.00,26.99,1,,New
853,280,2025-07-20,2025-07-01,delivered,Midlands,3,4,30.25,0.33,0.00,29.92,2,105,Repeat
854,280,2025-09-29,2025-09-01,delivered,Midlands,4,5,11.05,0.00,3.95,15.00,3,71,Repeat
855,281,2025-02-15,2025-02-01,delivered,Yorkshire,1,1,2.60,0.00,3.95,6.55,1,,New
856,282,2025-11-11,2025-11-01,delivered,North West,1,1,3.10,0.00,3.95,7.05,1,,New
857,283,2025-08-11,2025-08-01,delivered,South East,1,2,6.40,0.00,3.95,10.35,1,,New
858,283,2025-12-05,2025-12-01,delivered,South East,4,4,19.15,1.74,3.95,21.36,2,116,Repeat
859,283,2025-12-10,2025-12-01,delivered,South East,3,3,7.40,0.80,3.95,10.55,3,5,Repeat
860,284,2024-06-24,2024-06-01,delivered,Midlands,1,1,2.76,0.00,3.95,6.71,1,,New
861,285,2025-11-15,2025-11-01,delivered,Midlands,4,4,31.25,0.00,0.00,31.25,1,,New
862,286,2025-05-02,2025-05-01,delivered,Midlands,4,8,16.00,0.00,3.95,19.95,1,,New
863,287,2025-04-21,2025-04-01,delivered,London,1,1,2.60,0.00,3.95,6.55,1,,New
864,288,2024-12-27,2024-12-01,delivered,London,3,6,16.28,0.00,3.95,20.23,1,,New
865,288,2025-05-08,2025-05-01,delivered,London,3,8,22.20,0.00,3.95,26.15,2,132,Repeat
866,288,2025-07-06,2025-07-01,delivered,London,4,6,22.40,0.29,3.95,26.07,3,59,Repeat
867,289,2024-12-09,2024-12-01,delivered,South East,3,3,9.19,1.47,3.95,11.68,1,,New
868,289,2025-04-27,2025-04-01,delivered,South East,2,8,27.60,0.00,0.00,27.60,2,139,Repeat
869,289,2025-04-28,2025-04-01,delivered,South East,1,1,4.50,0.00,3.95,8.45,3,1,Repeat
870,289,2025-10-15,2025-10-01,delivered,South East,4,9,26.60,2.22,3.95,28.33,4,170,Repeat
871,290,2024-03-13,2024-03-01,delivered,Scotland,3,5,14.52,0.00,3.95,18.47,1,,New
872,290,2024-11-26,2024-11-01,delivered,Scotland,2,3,7.44,0.00,3.95,11.39,2,258,Repeat
873,291,2025-12-08,2025-12-01,delivered,London,2,5,22.15,3.80,3.95,22.30,1,,New
874,292,2025-11-16,2025-11-01,delivered,Yorkshire,6,10,62.85,0.00,0.00,62.85,1,,New
875,293,2024-08-17,2024-08-01,delivered,Yorkshire,4,5,16.86,0.00,3.95,20.81,1,,New
876,293,2024-10-19,2024-10-01,delivered,Yorkshire,1,4,10.28,0.00,3.95,14.23,2,63,Repeat
877,293,2025-03-22,2025-03-01,delivered,Yorkshire,5,13,42.90,1.44,0.00,41.46,3,154,Repeat
878,294,2025-10-19,2025-10-01,delivered,North West,4,4,9.25,0.57,3.95,12.63,1,,New
879,295,2024-01-06,2024-01-01,delivered,South East,2,2,5.05,0.00,3.95,9.00,1,,New
880,295,2024-02-17,2024-02-01,delivered,South East,2,4,10.15,0.00,3.95,14.10,2,42,Repeat
881,295,2024-06-24,2024-06-01,delivered,South East,2,4,13.34,0.48,3.95,16.81,3,128,Repeat
882,295,2024-07-20,2024-07-01,delivered,South East,3,7,27.51,0.00,0.00,27.51,4,26,Repeat
883,295,2024-08-26,2024-08-01,delivered,South East,2,4,12.13,0.94,3.95,15.14,5,37,Repeat
884,295,2024-12-14,2024-12-01,delivered,South East,6,7,43.10,5.87,0.00,37.23,6,110,Repeat
885,295,2025-08-03,2025-08-01,delivered,South East,5,7,25.40,1.33,3.95,28.03,7,232,Repeat
886,295,2025-08-22,2025-08-01,delivered,South East,2,2,3.70,0.37,3.95,7.28,8,19,Repeat
887,295,2025-10-08,2025-10-01,delivered,South East,3,3,13.85,0.00,3.95,17.80,9,47,Repeat
888,295,2025-10-26,2025-10-01,delivered,South East,2,2,6.00,0.54,3.95,9.41,10,18,Repeat
889,295,2025-10-26,2025-10-01,delivered,South East,4,4,16.00,1.14,3.95,18.81,11,0,Repeat
890,295,2025-12-04,2025-12-01,delivered,Midlands,4,8,15.85,0.95,3.95,18.85,12,39,Repeat
891,296,2025-06-04,2025-06-01,delivered,Midlands,3,5,35.75,0.00,0.00,35.75,1,,New
892,296,2025-10-09,2025-10-01,delivered,Midlands,2,2,5.45,0.00,3.95,9.40,2,127,Repeat
893,297,2025-01-10,2025-01-01,delivered,Midlands,2,5,13.00,0.00,3.95,16.95,1,,New
894,297,2025-02-23,2025-02-01,delivered,Midlands,2,4,14.15,0.00,3.95,18.10,2,44,Repeat
896,297,2025-03-23,2025-03-01,delivered,Midlands,2,3,4.30,0.00,3.95,8.25,4,7,Repeat
897,297,2025-04-10,2025-04-01,delivered,Midlands,3,5,22.45,3.20,3.95,23.20,5,18,Repeat
898,297,2025-06-22,2025-06-01,delivered,Midlands,4,7,24.10,0.29,3.95,27.77,6,73,Repeat
899,298,2024-01-06,2024-01-01,delivered,North West,1,1,1.14,0.00,3.95,5.09,1,,New
900,298,2024-01-29,2024-01-01,delivered,North West,1,1,8.76,0.00,3.95,12.71,2,23,Repeat
901,298,2024-03-16,2024-03-01,delivered,North West,3,4,19.72,2.96,3.95,20.71,3,47,Repeat
902,298,2025-06-01,2025-06-01,delivered,North West,3,3,19.05,0.00,3.95,23.00,4,442,Repeat
903,299,2025-05-10,2025-05-01,delivered,London,4,4,11.50,0.00,3.95,15.45,1,,New
904,300,2024-05-26,2024-05-01,delivered,Yorkshire,2,3,8.39,0.00,3.95,12.34,1,,New
905,300,2024-11-13,2024-11-01,delivered,Yorkshire,3,8,23.67,0.00,3.95,27.62,2,171,Repeat
906,301,2025-04-28,2025-04-01,delivered,South East,1,2,13.00,0.00,3.95,16.95,1,,New
907,302,2025-04-10,2025-04-01,delivered,London,1,1,3.20,0.48,3.95,6.67,1,,New
909,303,2025-11-23,2025-11-01,delivered,London,6,11,37.55,0.00,0.00,37.55,2,62,Repeat
910,304,2025-07-20,2025-07-01,delivered,Scotland,2,3,6.50,0.65,3.95,9.80,1,,New
911,305,2024-05-09,2024-05-01,delivered,North West,6,7,41.09,0.00,0.00,41.09,1,,New
912,306,2024-11-20,2024-11-01,delivered,Scotland,1,1,4.05,0.00,3.95,8.00,1,,New
913,306,2024-12-14,2024-12-01,delivered,Scotland,2,3,13.05,0.76,3.95,16.24,2,24,Repeat
914,306,2025-02-08,2025-02-01,delivered,Scotland,5,8,31.45,0.00,0.00,31.45,3,56,Repeat
915,306,2025-04-30,2025-04-01,delivered,Scotland,2,3,11.85,0.00,3.95,15.80,4,81,Repeat
916,306,2025-06-07,2025-06-01,delivered,Scotland,3,7,22.70,0.00,3.95,26.65,5,38,Repeat
917,306,2025-07-07,2025-07-01,delivered,Scotland,5,5,15.85,0.62,3.95,19.19,6,30,Repeat
918,307,2025-06-07,2025-06-01,delivered,Midlands,5,12,27.20,0.00,0.00,27.20,1,,New
919,308,2024-12-20,2024-12-01,delivered,South East,3,4,16.62,3.54,3.95,17.04,1,,New
920,309,2024-09-13,2024-09-01,delivered,South East,1,4,9.92,0.99,3.95,12.88,1,,New
921,310,2024-08-05,2024-08-01,delivered,London,2,5,13.23,1.03,3.95,16.15,1,,New
922,310,2025-11-08,2025-11-01,delivered,London,4,4,11.35,0.00,3.95,15.30,2,460,Repeat
923,311,2024-03-29,2024-03-01,delivered,North West,2,3,8.23,0.00,3.95,12.18,1,,New
924,311,2024-10-12,2024-10-01,delivered,North West,1,1,4.71,0.00,3.95,8.66,2,197,Repeat
925,311,2024-10-25,2024-10-01,delivered,North West,2,2,5.09,0.48,3.95,8.56,3,13,Repeat
926,311,2025-01-17,2025-01-01,delivered,North West,2,3,9.10,0.00,3.95,13.05,4,84,Repeat
927,312,2025-06-27,2025-06-01,delivered,North West,1,1,2.60,0.00,3.95,6.55,1,,New
928,313,2024-09-30,2024-09-01,delivered,South East,2,4,13.42,0.00,3.95,17.37,1,,New
929,313,2025-10-02,2025-10-01,delivered,South East,3,5,21.40,0.00,3.95,25.35,2,367,Repeat
930,314,2025-12-16,2025-12-01,delivered,South East,2,5,16.30,1.60,3.95,18.65,1,,New
931,315,2024-10-16,2024-10-01,delivered,London,2,5,16.73,0.00,3.95,20.68,1,,New
932,316,2024-11-24,2024-11-01,delivered,Yorkshire,1,1,8.00,0.00,3.95,11.95,1,,New
933,316,2025-08-12,2025-08-01,delivered,Yorkshire,4,5,25.35,0.00,0.00,25.35,2,261,Repeat
934,316,2025-11-21,2025-11-01,delivered,Yorkshire,2,4,7.30,0.00,3.95,11.25,3,101,Repeat
935,317,2025-11-15,2025-11-01,delivered,South East,4,8,30.45,0.00,0.00,30.45,1,,New
936,318,2025-07-07,2025-07-01,delivered,London,1,2,4.80,0.00,3.95,8.75,1,,New
937,318,2025-12-04,2025-12-01,delivered,London,2,2,6.05,0.80,3.95,9.20,2,150,Repeat
938,319,2024-02-19,2024-02-01,delivered,Midlands,2,2,6.62,0.00,3.95,10.57,1,,New
939,319,2024-07-31,2024-07-01,delivered,Midlands,2,4,10.00,0.77,3.95,13.18,2,163,Repeat
940,319,2025-05-16,2025-05-01,delivered,Midlands,3,3,21.15,0.00,3.95,25.10,3,289,Repeat
941,320,2025-09-28,2025-09-01,delivered,South East,3,5,10.50,0.00,3.95,14.45,1,,New
942,321,2025-12-07,2025-12-01,delivered,London,1,2,13.00,0.00,3.95,16.95,1,,New
943,321,2025-12-24,2025-12-01,delivered,London,2,2,8.45,0.80,3.95,11.60,2,17,Repeat
944,322,2025-03-09,2025-03-01,delivered,South East,3,8,24.10,0.00,3.95,28.05,1,,New
946,322,2025-06-26,2025-06-01,delivered,South East,5,9,47.30,0.54,0.00,46.76,3,55,Repeat
947,323,2024-12-15,2024-12-01,delivered,London,2,3,16.05,4.01,3.95,15.99,1,,New
948,323,2025-07-11,2025-07-01,delivered,London,1,2,2.00,0.20,3.95,5.75,2,208,Repeat
949,324,2025-12-20,2025-12-01,delivered,South East,6,12,60.00,5.78,0.00,54.23,1,,New
950,325,2025-09-19,2025-09-01,delivered,Yorkshire,2,5,15.20,0.00,3.95,19.15,1,,New
951,326,2024-12-16,2024-12-01,delivered,North West,4,6,38.18,1.66,0.00,36.53,1,,New
952,327,2024-01-16,2024-01-01,delivered,London,4,5,18.99,0.00,3.95,22.94,1,,New
953,327,2024-01-28,2024-01-01,delivered,London,2,2,5.57,0.00,3.95,9.52,2,12,Repeat
954,327,2024-06-24,2024-06-01,delivered,London,1,1,2.48,0.00,3.95,6.43,3,148,Repeat
955,327,2024-10-14,2024-10-01,delivered,London,3,4,15.37,0.00,3.95,19.32,4,112,Repeat
956,327,2024-11-21,2024-11-01,delivered,London,4,6,25.48,0.00,0.00,25.48,5,38,Repeat
957,327,2024-12-11,2024-12-01,delivered,London,1,1,2.62,0.00,3.95,6.57,6,20,Repeat
958,327,2025-04-25,2025-04-01,delivered,London,3,9,26.50,0.00,0.00,26.50,7,135,Repeat
959,327,2025-05-25,2025-05-01,delivered,London,1,2,6.80,0.00,3.95,10.75,8,30,Repeat
960,327,2025-06-29,2025-06-01,delivered,London,4,5,16.85,0.40,3.95,20.41,9,35,Repeat
961,327,2025-09-13,2025-09-01,delivered,London,1,1,2.60,0.00,3.95,6.55,10,76,Repeat
962,327,2025-12-21,2025-12-01,delivered,London,2,5,20.40,5.10,3.95,19.25,11,99,Repeat
963,328,2025-11-22,2025-11-01,delivered,Midlands,1,3,12.75,0.00,3.95,16.70,1,,New
964,328,2025-12-30,2025-12-01,delivered,Midlands,1,2,9.00,0.00,3.95,12.95,2,38,Repeat
965,329,2024-12-04,2024-12-01,delivered,London,4,4,15.09,2.36,3.95,16.68,1,,New
967,330,2025-11-09,2025-11-01,delivered,Yorkshire,1,1,1.00,0.00,3.95,4.95,2,30,Repeat
968,331,2024-06-05,2024-06-01,delivered,South East,1,1,0.95,0.00,3.95,4.90,1,,New
969,331,2024-07-22,2024-07-01,delivered,South East,2,3,9.90,0.00,3.95,13.85,2,47,Repeat
970,331,2024-09-22,2024-09-01,delivered,South East,1,1,3.14,0.00,3.95,7.09,3,62,Repeat
971,331,2025-04-03,2025-04-01,delivered,South East,3,6,16.35,2.29,3.95,18.01,4,193,Repeat
972,332,2024-04-12,2024-04-01,delivered,North West,2,5,19.64,0.00,3.95,23.59,1,,New
973,332,2024-11-12,2024-11-01,delivered,North West,4,5,28.38,0.00,0.00,28.38,2,214,Repeat
974,332,2025-04-02,2025-04-01,delivered,North West,5,6,40.80,0.00,0.00,40.80,3,141,Repeat
975,332,2025-10-07,2025-10-01,delivered,North West,2,2,7.65,0.00,3.95,11.60,4,188,Repeat
976,333,2024-03-30,2024-03-01,delivered,Scotland,2,3,8.43,0.00,3.95,12.38,1,,New
977,333,2024-04-01,2024-04-01,delivered,Scotland,3,7,34.09,5.11,0.00,28.98,2,2,Repeat
979,333,2024-06-04,2024-06-01,delivered,Scotland,2,5,22.18,0.00,3.95,26.13,4,53,Repeat
980,333,2024-06-12,2024-06-01,delivered,Scotland,3,5,26.91,0.00,0.00,26.91,5,8,Repeat
981,333,2024-07-07,2024-07-01,delivered,Scotland,4,8,28.80,0.94,0.00,27.86,6,25,Repeat
982,333,2024-08-31,2024-08-01,delivered,Scotland,2,3,8.52,0.48,3.95,11.99,7,55,Repeat
983,333,2024-10-19,2024-10-01,delivered,Scotland,3,5,25.99,0.94,0.00,25.05,8,49,Repeat
984,333,2024-11-13,2024-11-01,delivered,Scotland,2,2,11.62,0.00,3.95,15.57,9,25,Repeat
985,333,2024-12-29,2024-12-01,delivered,Scotland,2,6,25.32,0.00,0.00,25.32,10,46,Repeat
986,333,2025-04-30,2025-04-01,delivered,Scotland,1,1,1.10,0.00,3.95,5.05,11,122,Repeat
987,333,2025-05-03,2025-05-01,delivered,Scotland,3,6,20.05,0.00,3.95,24.00,12,3,Repeat
988,333,2025-10-08,2025-10-01,delivered,Scotland,5,9,52.75,0.00,0.00,52.75,13,158,Repeat
989,333,2025-10-23,2025-10-01,delivered,Scotland,1,2,5.00,1.00,3.95,7.95,14,15,Repeat
990,333,2025-10-24,2025-10-01,delivered,Scotland,2,3,12.75,0.57,3.95,16.13,15,1,Repeat
991,333,2025-10-24,2025-10-01,delivered,Scotland,1,2,5.00,1.00,3.95,7.95,16,0,Repeat
992,334,2024-06-01,2024-06-01,delivered,South East,2,4,7.24,0.00,3.95,11.19,1,,New
993,334,2024-06-05,2024-06-01,delivered,South East,1,1,2.67,0.00,3.95,6.62,2,4,Repeat
994,334,2024-09-06,2024-09-01,delivered,South East,2,6,15.72,0.74,3.95,18.93,3,93,Repeat
995,334,2024-09-14,2024-09-01,delivered,South East,1,3,7.44,0.74,3.95,10.65,4,8,Repeat
996,334,2024-10-11,2024-10-01,delivered,South East,3,4,11.95,0.00,3.95,15.90,5,27,Repeat
997,334,2024-10-14,2024-10-01,delivered,South East,1,1,17.10,0.00,3.95,21.05,6,3,Repeat
998,334,2024-12-12,2024-12-01,delivered,South East,1,1,6.62,1.66,3.95,8.92,7,59,Repeat
999,334,2024-12-24,2024-12-01,delivered,South East,5,12,50.62,9.80,0.00,40.82,8,12,Repeat
1000,334,2025-01-02,2025-01-01,delivered,South East,1,1,2.60,0.00,3.95,6.55,9,9,Repeat
1001,334,2025-01-07,2025-01-01,delivered,South East,1,2,5.20,0.00,3.95,9.15,10,5,Repeat
1002,334,2025-01-29,2025-01-01,delivered,South East,1,4,4.80,0.00,3.95,8.75,11,22,Repeat
1003,334,2025-03-20,2025-03-01,delivered,South East,2,3,8.60,0.48,3.95,12.07,12,50,Repeat
1004,334,2025-03-24,2025-03-01,delivered,South East,2,3,7.90,0.00,3.95,11.85,13,4,Repeat
1005,334,2025-04-15,2025-04-01,delivered,South East,5,8,37.25,0.00,0.00,37.25,14,22,Repeat
1006,334,2025-12-02,2025-12-01,delivered,South East,2,2,5.75,1.19,3.95,8.51,15,231,Repeat
1007,334,2025-12-15,2025-12-01,delivered,South East,5,9,56.30,3.50,0.00,52.80,16,13,Repeat
1008,335,2024-02-26,2024-02-01,delivered,London,4,9,25.87,0.00,0.00,25.87,1,,New
1009,335,2024-05-14,2024-05-01,delivered,London,1,2,4.96,0.00,3.95,8.91,2,78,Repeat
1010,335,2025-11-21,2025-11-01,delivered,London,1,1,12.50,0.00,3.95,16.45,3,556,Repeat
1011,335,2025-12-17,2025-12-01,delivered,London,2,4,12.95,0.00,3.95,16.90,4,26,Repeat
1012,336,2024-09-14,2024-09-01,delivered,Midlands,3,5,16.86,0.25,3.95,20.56,1,,New
1013,336,2025-01-21,2025-01-01,delivered,Midlands,2,4,20.25,0.00,3.95,24.20,2,129,Repeat
1014,336,2025-05-30,2025-05-01,delivered,Midlands,2,4,10.00,0.00,3.95,13.95,3,129,Repeat
1015,337,2025-06-22,2025-06-01,delivered,Scotland,1,3,7.80,0.00,3.95,11.75,1,,New
1016,338,2024-07-14,2024-07-01,delivered,London,1,1,4.05,0.00,3.95,8.00,1,,New
1017,339,2025-12-04,2025-12-01,delivered,Midlands,3,4,15.10,2.13,3.95,16.93,1,,New
1018,340,2024-07-07,2024-07-01,delivered,South East,3,5,14.47,1.20,3.95,17.22,1,,New
1019,340,2024-07-20,2024-07-01,delivered,South East,1,2,6.28,0.63,3.95,9.60,2,13,Repeat
1020,340,2024-10-13,2024-10-01,delivered,South East,4,8,20.10,0.00,3.95,24.05,3,85,Repeat
1021,340,2025-03-08,2025-03-01,delivered,South East,3,3,6.65,0.00,3.95,10.60,4,146,Repeat
1022,340,2025-12-15,2025-12-01,delivered,South East,1,1,6.50,0.00,3.95,10.45,5,282,Repeat
1023,341,2024-04-27,2024-04-01,delivered,London,2,3,8.66,0.00,3.95,12.61,1,,New
1024,341,2024-09-23,2024-09-01,delivered,London,5,12,55.34,0.00,0.00,55.34,2,149,Repeat
1025,341,2025-09-14,2025-09-01,delivered,London,3,4,13.30,0.00,3.95,17.25,3,356,Repeat
1026,341,2025-11-19,2025-11-01,delivered,London,5,7,37.35,0.00,0.00,37.35,4,66,Repeat
1027,342,2024-07-08,2024-07-01,delivered,North West,1,4,9.16,0.92,3.95,12.19,1,,New
1028,342,2024-07-23,2024-07-01,delivered,North West,1,1,3.05,0.00,3.95,7.00,2,15,Repeat
1029,342,2024-07-29,2024-07-01,delivered,North West,2,4,18.86,0.00,3.95,22.81,3,6,Repeat
1030,342,2024-08-08,2024-08-01,delivered,North West,5,7,45.82,0.23,0.00,45.59,4,10,Repeat
1031,342,2024-10-03,2024-10-01,delivered,North West,1,3,8.43,0.00,3.95,12.38,5,56,Repeat
1032,342,2024-10-30,2024-10-01,delivered,North West,2,2,7.48,0.00,3.95,11.43,6,27,Repeat
1033,342,2024-12-01,2024-12-01,delivered,North West,2,4,18.28,3.10,3.95,19.14,7,32,Repeat
1034,342,2024-12-13,2024-12-01,delivered,North West,5,11,45.81,10.57,0.00,35.24,8,12,Repeat
1035,342,2024-12-29,2024-12-01,delivered,North West,4,7,37.01,0.00,0.00,37.01,9,16,Repeat
1036,342,2025-03-07,2025-03-01,delivered,North West,2,4,31.00,0.00,0.00,31.00,10,68,Repeat
1037,342,2025-06-11,2025-06-01,delivered,North West,4,5,19.70,0.00,3.95,23.65,11,96,Repeat
1038,342,2025-06-19,2025-06-01,delivered,North West,5,9,39.05,0.25,0.00,38.80,12,8,Repeat
1039,342,2025-07-28,2025-07-01,delivered,North West,1,1,1.00,0.10,3.95,4.85,13,39,Repeat
1040,342,2025-08-28,2025-08-01,delivered,North West,2,3,11.75,0.00,3.95,15.70,14,31,Repeat
1041,342,2025-11-27,2025-11-01,delivered,North West,3,4,23.40,0.00,3.95,27.35,15,91,Repeat
1042,342,2025-12-13,2025-12-01,delivered,North West,4,5,21.20,0.95,3.95,24.20,16,16,Repeat
1043,342,2025-12-25,2025-12-01,delivered,North West,3,7,36.85,0.00,0.00,36.85,17,12,Repeat
1044,343,2024-12-04,2024-12-01,delivered,London,2,2,16.42,0.00,3.95,20.37,1,,New
1045,343,2025-07-20,2025-07-01,delivered,London,6,10,27.50,0.52,0.00,26.98,2,228,Repeat
1046,344,2025-10-14,2025-10-01,delivered,Yorkshire,2,2,9.30,0.00,3.95,13.25,1,,New
1047,345,2024-11-26,2024-11-01,delivered,Midlands,2,4,14.09,0.00,3.95,18.04,1,,New
1048,345,2025-01-15,2025-01-01,delivered,Midlands,3,4,15.40,0.00,3.95,19.35,2,50,Repeat
1049,345,2025-03-06,2025-03-01,delivered,Midlands,3,5,37.05,0.00,0.00,37.05,3,50,Repeat
1050,345,2025-12-18,2025-12-01,delivered,Midlands,2,3,8.80,1.90,3.95,10.85,4,287,Repeat
1051,346,2024-08-05,2024-08-01,delivered,Yorkshire,1,1,12.86,0.00,3.95,16.81,1,,New
1052,346,2025-07-01,2025-07-01,delivered,Yorkshire,2,2,6.65,0.00,3.95,10.60,2,330,Repeat
1053,346,2025-12-11,2025-12-01,delivered,Yorkshire,4,4,10.50,0.74,3.95,13.71,3,163,Repeat
1054,346,2025-12-29,2025-12-01,delivered,Yorkshire,3,4,13.05,0.00,3.95,17.00,4,18,Repeat
1055,347,2025-10-15,2025-10-01,delivered,London,3,4,30.35,0.50,0.00,29.85,1,,New
1056,348,2024-09-12,2024-09-01,delivered,Midlands,4,6,32.62,0.25,0.00,32.37,1,,New
1057,348,2024-12-10,2024-12-01,delivered,Midlands,3,4,9.28,0.00,3.95,13.23,2,89,Repeat
1058,348,2025-01-19,2025-01-01,delivered,Midlands,1,3,7.80,0.00,3.95,11.75,3,40,Repeat
1059,348,2025-08-03,2025-08-01,delivered,Midlands,2,4,18.50,0.00,3.95,22.45,4,196,Repeat
1060,348,2025-10-24,2025-10-01,delivered,Midlands,6,13,51.55,1.50,0.00,50.05,5,82,Repeat
1061,348,2025-12-14,2025-12-01,delivered,Midlands,4,6,32.35,2.40,0.00,29.95,6,51,Repeat
1062,349,2024-02-19,2024-02-01,delivered,South East,1,2,6.66,0.00,3.95,10.61,1,,New
1063,349,2024-02-26,2024-02-01,delivered,South East,2,3,4.77,0.00,3.95,8.72,2,7,Repeat
1064,349,2024-03-16,2024-03-01,delivered,South East,3,4,11.14,0.64,3.95,14.45,3,19,Repeat
1066,349,2024-08-22,2024-08-01,delivered,South East,1,1,12.86,0.00,3.95,16.81,5,151,Repeat
1067,349,2024-12-01,2024-12-01,delivered,South East,1,1,2.81,0.70,3.95,6.06,6,101,Repeat
1068,349,2024-12-19,2024-12-01,delivered,South East,1,4,18.08,0.00,3.95,22.03,7,18,Repeat
1069,349,2025-02-15,2025-02-01,delivered,South East,3,4,19.15,0.00,3.95,23.10,8,58,Repeat
1070,349,2025-04-15,2025-04-01,delivered,South East,2,4,6.45,0.00,3.95,10.40,9,59,Repeat
1071,349,2025-07-03,2025-07-01,delivered,South East,4,8,14.70,0.42,3.95,18.23,10,79,Repeat
1072,350,2024-03-03,2024-03-01,delivered,South East,4,4,10.66,0.00,3.95,14.61,1,,New
1073,350,2024-04-24,2024-04-01,delivered,South East,5,13,54.21,0.00,0.00,54.21,2,52,Repeat
1074,350,2024-12-29,2024-12-01,delivered,South East,2,5,14.30,0.00,3.95,18.25,3,249,Repeat
1075,350,2025-03-29,2025-03-01,delivered,South East,4,7,19.45,0.44,3.95,22.96,4,90,Repeat
1076,350,2025-07-30,2025-07-01,delivered,South East,3,4,18.10,0.00,3.95,22.05,5,123,Repeat
1077,350,2025-08-28,2025-08-01,delivered,South East,2,4,19.50,0.86,3.95,22.60,6,29,Repeat
1078,350,2025-10-04,2025-10-01,delivered,South East,1,1,2.85,0.00,3.95,6.80,7,37,Repeat
1080,351,2025-12-10,2025-12-01,delivered,Scotland,4,5,18.50,3.91,3.95,18.54,1,,New
1082,352,2025-01-10,2025-01-01,delivered,Yorkshire,3,7,20.75,0.00,3.95,24.70,2,81,Repeat
1083,352,2025-02-16,2025-02-01,delivered,Yorkshire,2,2,7.85,0.00,3.95,11.80,3,37,Repeat
1084,352,2025-12-30,2025-12-01,delivered,Yorkshire,3,6,17.20,0.00,3.95,21.15,4,317,Repeat
1085,353,2025-02-19,2025-02-01,delivered,Scotland,3,6,21.05,0.00,3.95,25.00,1,,New
1086,353,2025-08-27,2025-08-01,delivered,Scotland,2,3,11.40,0.00,3.95,15.35,2,189,Repeat
1087,353,2025-09-11,2025-09-01,delivered,Scotland,4,4,27.80,0.00,0.00,27.80,3,15,Repeat
1088,353,2025-09-27,2025-09-01,delivered,Scotland,1,1,3.20,0.00,3.95,7.15,4,16,Repeat
1089,354,2024-02-03,2024-02-01,delivered,Midlands,3,5,14.02,0.64,3.95,17.33,1,,New
1090,354,2024-02-07,2024-02-01,delivered,Midlands,3,4,10.33,0.75,3.95,13.53,2,4,Repeat
1091,354,2024-02-12,2024-02-01,delivered,Midlands,4,6,32.28,1.86,0.00,30.42,3,5,Repeat
1092,354,2024-04-19,2024-04-01,delivered,Midlands,3,7,24.09,0.00,3.95,28.04,4,67,Repeat
1093,354,2024-06-16,2024-06-01,delivered,Midlands,3,3,16.95,0.23,3.95,20.67,5,58,Repeat
1094,354,2024-07-29,2024-07-01,delivered,Midlands,2,4,6.29,0.63,3.95,9.61,6,43,Repeat
1095,354,2024-08-09,2024-08-01,delivered,Midlands,2,3,7.15,0.72,3.95,10.39,7,11,Repeat
1096,354,2024-09-17,2024-09-01,delivered,Midlands,5,9,23.71,0.50,3.95,27.16,8,39,Repeat
1097,354,2024-09-28,2024-09-01,delivered,Midlands,3,3,10.48,0.00,3.95,14.43,9,11,Repeat
1098,354,2024-11-20,2024-11-01,delivered,Midlands,2,3,7.47,0.00,3.95,11.42,10,53,Repeat
1099,354,2024-12-04,2024-12-01,delivered,Midlands,3,6,27.44,6.86,3.95,24.53,11,14,Repeat
1100,354,2024-12-09,2024-12-01,delivered,Midlands,1,1,14.24,0.00,3.95,18.19,12,5,Repeat
1101,354,2024-12-16,2024-12-01,delivered,Midlands,2,3,9.47,0.89,3.95,12.53,13,7,Repeat
1102,354,2024-12-19,2024-12-01,delivered,Midlands,3,9,28.33,6.13,3.95,26.15,14,3,Repeat
1103,354,2025-02-02,2025-02-01,delivered,Midlands,5,10,38.90,0.00,0.00,38.90,15,45,Repeat
1104,354,2025-02-21,2025-02-01,delivered,Midlands,3,4,10.40,0.00,3.95,14.35,16,19,Repeat
1105,354,2025-03-25,2025-03-01,delivered,Midlands,2,5,12.80,0.00,3.95,16.75,17,32,Repeat
1106,354,2025-03-31,2025-03-01,delivered,Midlands,4,7,47.80,3.90,0.00,43.90,18,6,Repeat
1107,354,2025-04-01,2025-04-01,delivered,Midlands,2,3,16.10,1.95,3.95,18.10,19,1,Repeat
1108,354,2025-06-11,2025-06-01,delivered,Midlands,3,4,28.30,0.00,0.00,28.30,20,71,Repeat
1109,354,2025-08-06,2025-08-01,delivered,Midlands,1,1,4.50,0.00,3.95,8.45,21,56,Repeat
1110,354,2025-09-05,2025-09-01,delivered,Midlands,2,2,30.90,0.00,0.00,30.90,22,30,Repeat
1111,354,2025-11-11,2025-11-01,delivered,Midlands,4,5,14.05,0.00,3.95,18.00,23,67,Repeat
1112,354,2025-11-11,2025-11-01,delivered,Midlands,2,3,6.15,0.00,3.95,10.10,24,0,Repeat
1113,354,2025-11-14,2025-11-01,delivered,Midlands,2,2,7.45,0.00,3.95,11.40,25,3,Repeat
1114,354,2025-12-30,2025-12-01,delivered,Midlands,2,3,10.65,0.00,3.95,14.60,26,46,Repeat
1115,355,2024-02-13,2024-02-01,delivered,London,1,1,3.57,0.54,3.95,6.98,1,,New
1116,355,2024-12-05,2024-12-01,delivered,London,1,2,2.28,0.00,3.95,6.23,2,296,Repeat
1118,356,2024-08-02,2024-08-01,delivered,London,3,6,18.43,0.48,3.95,21.90,2,3,Repeat
1119,356,2024-11-18,2024-11-01,delivered,London,2,3,9.24,0.00,3.95,13.19,3,108,Repeat
1120,356,2024-12-28,2024-12-01,delivered,London,2,2,9.57,0.00,3.95,13.52,4,40,Repeat
1121,356,2025-01-09,2025-01-01,delivered,London,2,3,12.75,0.00,3.95,16.70,5,12,Repeat
1122,356,2025-10-10,2025-10-01,delivered,London,3,7,22.10,0.00,3.95,26.05,6,274,Repeat
1123,356,2025-11-21,2025-11-01,delivered,London,4,7,31.70,0.00,0.00,31.70,7,42,Repeat
1124,357,2024-12-09,2024-12-01,delivered,London,4,7,53.33,1.66,0.00,51.68,1,,New
1125,357,2025-11-22,2025-11-01,delivered,London,1,2,5.00,0.00,3.95,8.95,2,348,Repeat
1126,358,2025-08-05,2025-08-01,delivered,South East,2,5,13.50,0.00,3.95,17.45,1,,New
1127,359,2024-08-11,2024-08-01,delivered,London,1,1,2.71,0.00,3.95,6.66,1,,New
1128,359,2024-11-27,2024-11-01,delivered,London,1,1,4.05,0.00,3.95,8.00,2,108,Repeat
1129,360,2024-06-22,2024-06-01,delivered,London,2,2,4.96,0.00,3.95,8.91,1,,New
1130,361,2025-12-12,2025-12-01,delivered,London,2,3,18.65,1.19,3.95,21.41,1,,New
1131,362,2025-06-28,2025-06-01,delivered,North West,3,4,23.65,0.87,3.95,26.73,1,,New
1132,362,2025-06-28,2025-06-01,delivered,North West,1,1,3.80,0.00,3.95,7.75,2,0,Repeat
1133,362,2025-07-22,2025-07-01,delivered,North West,4,7,23.80,0.29,3.95,27.47,3,24,Repeat
1134,363,2025-03-31,2025-03-01,delivered,London,3,7,18.90,0.89,3.95,21.97,1,,New
1135,364,2024-12-30,2024-12-01,delivered,North West,4,4,24.86,0.00,3.95,28.81,1,,New
1136,365,2024-06-01,2024-06-01,delivered,London,1,4,24.76,0.00,3.95,28.71,1,,New
1137,365,2024-08-17,2024-08-01,delivered,London,3,3,17.47,0.00,3.95,21.42,2,77,Repeat
1138,365,2024-11-21,2024-11-01,delivered,London,4,10,36.49,0.00,0.00,36.49,3,96,Repeat
1139,365,2024-11-24,2024-11-01,delivered,London,5,9,21.67,0.00,3.95,25.62,4,3,Repeat
1140,365,2025-03-02,2025-03-01,delivered,London,3,7,32.10,0.00,0.00,32.10,5,98,Repeat
1141,365,2025-04-14,2025-04-01,delivered,London,3,4,12.85,0.00,3.95,16.80,6,43,Repeat
1142,365,2025-08-04,2025-08-01,delivered,London,5,7,61.00,0.82,0.00,60.18,7,112,Repeat
1143,365,2025-11-02,2025-11-01,delivered,London,2,4,10.40,0.00,3.95,14.35,8,90,Repeat
1144,365,2025-12-15,2025-12-01,delivered,London,2,4,45.80,0.00,0.00,45.80,9,43,Repeat
1145,366,2025-11-06,2025-11-01,delivered,South East,3,3,18.70,0.00,3.95,22.65,1,,New
1146,367,2025-03-16,2025-03-01,delivered,South East,2,2,3.85,0.00,3.95,7.80,1,,New
1147,368,2024-10-27,2024-10-01,delivered,Yorkshire,2,3,12.56,2.51,3.95,14.00,1,,New
1148,369,2025-10-09,2025-10-01,delivered,Midlands,4,5,25.85,0.00,0.00,25.85,1,,New
1149,370,2025-11-09,2025-11-01,delivered,Yorkshire,5,10,27.90,0.00,0.00,27.90,1,,New
1150,371,2025-06-20,2025-06-01,delivered,North West,5,7,13.65,0.51,3.95,17.10,1,,New
1151,371,2025-10-03,2025-10-01,delivered,North West,4,8,16.85,0.00,3.95,20.80,2,105,Repeat
1152,371,2025-10-05,2025-10-01,delivered,North West,3,4,14.60,0.00,3.95,18.55,3,2,Repeat
1153,371,2025-12-18,2025-12-01,delivered,North West,1,1,3.75,0.94,3.95,6.76,4,74,Repeat
1154,372,2025-08-15,2025-08-01,delivered,Yorkshire,1,2,5.00,0.50,3.95,8.45,1,,New
1155,373,2025-02-18,2025-02-01,delivered,London,4,9,24.15,0.00,3.95,28.10,1,,New
1156,373,2025-05-30,2025-05-01,delivered,London,3,3,9.95,0.00,3.95,13.90,2,101,Repeat
1157,373,2025-09-01,2025-09-01,delivered,London,2,2,11.60,0.00,3.95,15.55,3,94,Repeat
1158,374,2025-12-05,2025-12-01,delivered,Midlands,3,4,26.40,2.38,3.95,27.98,1,,New
1159,375,2024-03-23,2024-03-01,delivered,London,2,2,8.34,0.64,3.95,11.65,1,,New
1160,376,2024-02-08,2024-02-01,delivered,South East,3,5,27.33,1.61,0.00,25.72,1,,New
1161,376,2024-06-26,2024-06-01,delivered,South East,1,1,1.14,0.11,3.95,4.98,2,139,Repeat
1162,376,2024-12-12,2024-12-01,delivered,South East,4,5,16.57,0.00,3.95,20.52,3,169,Repeat
1163,376,2024-12-14,2024-12-01,delivered,South East,2,2,5.29,0.70,3.95,8.54,4,2,Repeat
1164,376,2025-01-13,2025-01-01,delivered,South East,1,2,1.90,0.00,3.95,5.85,5,30,Repeat
1165,376,2025-12-21,2025-12-01,delivered,South East,1,2,5.70,0.00,3.95,9.65,6,342,Repeat
1166,377,2025-05-19,2025-05-01,delivered,North West,5,10,45.45,0.00,0.00,45.45,1,,New
1167,377,2025-08-11,2025-08-01,delivered,North West,2,3,23.15,0.00,3.95,27.10,2,84,Repeat
1168,377,2025-08-18,2025-08-01,delivered,North West,4,6,30.70,1.07,0.00,29.63,3,7,Repeat
1169,377,2025-09-06,2025-09-01,delivered,North West,1,1,13.50,0.00,3.95,17.45,4,19,Repeat
1170,378,2024-04-04,2024-04-01,delivered,London,3,6,29.54,3.50,0.00,26.04,1,,New
1171,378,2024-10-12,2024-10-01,delivered,London,5,6,17.66,0.00,3.95,21.61,2,191,Repeat
1172,378,2024-12-26,2024-12-01,delivered,London,3,3,9.38,0.00,3.95,13.33,3,75,Repeat
1173,378,2025-10-03,2025-10-01,delivered,London,1,3,7.20,0.00,3.95,11.15,4,281,Repeat
1174,379,2025-01-17,2025-01-01,delivered,North West,2,2,6.80,0.00,3.95,10.75,1,,New
1175,379,2025-12-11,2025-12-01,delivered,North West,1,1,3.30,0.00,3.95,7.25,2,328,Repeat
1176,380,2024-06-27,2024-06-01,delivered,South East,3,3,8.81,0.26,3.95,12.50,1,,New
1177,380,2024-11-19,2024-11-01,delivered,South East,2,3,10.58,0.00,3.95,14.53,2,145,Repeat
1178,380,2025-08-04,2025-08-01,delivered,South East,4,8,33.95,0.00,0.00,33.95,3,258,Repeat
1179,380,2025-08-13,2025-08-01,delivered,South East,1,1,4.50,0.00,3.95,8.45,4,9,Repeat
1180,381,2025-08-31,2025-08-01,delivered,North West,2,5,10.90,0.44,3.95,14.41,1,,New
1181,382,2024-03-20,2024-03-01,delivered,North West,4,6,20.54,0.64,3.95,23.85,1,,New
1182,382,2024-06-10,2024-06-01,delivered,North West,2,3,15.33,0.00,3.95,19.28,2,82,Repeat
1183,382,2024-08-19,2024-08-01,delivered,North West,4,6,19.61,0.23,3.95,23.33,3,70,Repeat
1184,382,2025-01-19,2025-01-01,delivered,North West,4,5,16.90,0.00,3.95,20.85,4,153,Repeat
1185,382,2025-06-09,2025-06-01,delivered,North West,5,10,50.80,0.00,0.00,50.80,5,141,Repeat
1186,382,2025-07-22,2025-07-01,delivered,North West,2,4,10.70,0.22,3.95,14.43,6,43,Repeat
1187,382,2025-10-02,2025-10-01,delivered,North West,5,7,24.65,0.00,3.95,28.60,7,72,Repeat
1188,382,2025-10-04,2025-10-01,delivered,North West,4,5,15.40,0.00,3.95,19.35,8,2,Repeat
1189,382,2025-10-06,2025-10-01,delivered,North West,2,4,22.35,0.00,3.95,26.30,9,2,Repeat
1190,382,2025-12-23,2025-12-01,delivered,North West,2,2,20.70,1.19,3.95,23.46,10,78,Repeat
1191,383,2024-09-19,2024-09-01,delivered,Yorkshire,2,4,11.06,0.50,3.95,14.51,1,,New
1192,384,2024-07-15,2024-07-01,delivered,London,6,13,50.34,0.51,0.00,49.83,1,,New
1193,384,2024-08-02,2024-08-01,delivered,London,3,4,18.28,0.31,3.95,21.92,2,18,Repeat
1194,384,2025-11-19,2025-11-01,delivered,London,3,6,34.90,0.00,0.00,34.90,3,474,Repeat
1195,384,2025-12-30,2025-12-01,delivered,London,2,4,11.60,0.00,3.95,15.55,4,41,Repeat
1196,385,2024-12-28,2024-12-01,delivered,South East,2,5,17.11,0.00,3.95,21.06,1,,New
1197,385,2025-02-25,2025-02-01,delivered,South East,4,5,25.45,0.00,0.00,25.45,2,59,Repeat
1198,386,2024-11-28,2024-11-01,delivered,South East,2,2,14.85,0.00,3.95,18.80,1,,New
1199,386,2025-04-14,2025-04-01,delivered,South East,2,5,25.90,0.00,0.00,25.90,2,137,Repeat
1200,387,2025-03-14,2025-03-01,delivered,Yorkshire,2,3,11.10,0.00,3.95,15.05,1,,New
1201,388,2025-07-12,2025-07-01,delivered,London,2,2,7.45,0.00,3.95,11.40,1,,New
1202,389,2025-12-22,2025-12-01,delivered,North West,2,7,19.35,0.00,3.95,23.30,1,,New
1203,390,2024-03-03,2024-03-01,delivered,Scotland,1,3,10.71,0.00,3.95,14.66,1,,New
1204,390,2024-03-25,2024-03-01,delivered,Scotland,1,1,2.95,0.00,3.95,6.90,2,22,Repeat
1205,390,2024-12-27,2024-12-01,delivered,Scotland,5,6,23.47,0.00,3.95,27.42,3,277,Repeat
1206,390,2025-08-17,2025-08-01,delivered,Scotland,2,6,20.90,0.57,3.95,24.28,4,233,Repeat
1207,390,2025-12-04,2025-12-01,delivered,Scotland,1,1,4.50,1.13,3.95,7.33,5,109,Repeat
1208,390,2025-12-15,2025-12-01,delivered,Scotland,5,7,28.85,0.74,0.00,28.11,6,11,Repeat
1209,391,2024-07-16,2024-07-01,delivered,Scotland,3,5,18.81,0.00,3.95,22.76,1,,New
1210,391,2024-08-25,2024-08-01,delivered,Scotland,3,6,25.63,0.00,0.00,25.63,2,40,Repeat
1211,391,2025-11-18,2025-11-01,delivered,Scotland,3,7,27.80,0.00,0.00,27.80,3,450,Repeat
1212,392,2024-03-20,2024-03-01,delivered,North West,1,2,9.42,1.41,3.95,11.96,1,,New
1213,392,2024-08-19,2024-08-01,delivered,North West,2,3,8.48,0.00,3.95,12.43,2,152,Repeat
1214,392,2024-09-05,2024-09-01,delivered,London,4,7,26.45,0.50,0.00,25.95,3,17,Repeat
1215,392,2025-10-23,2025-10-01,delivered,North West,3,4,9.30,1.64,3.95,11.61,4,413,Repeat
1216,393,2025-10-29,2025-10-01,delivered,Midlands,4,4,31.55,0.00,0.00,31.55,1,,New
1217,394,2025-06-02,2025-06-01,delivered,London,1,2,5.20,0.00,3.95,9.15,1,,New
1218,395,2024-10-23,2024-10-01,delivered,Midlands,4,9,29.97,3.78,0.00,26.19,1,,New
1219,396,2025-11-09,2025-11-01,delivered,London,3,3,10.35,0.00,3.95,14.30,1,,New
1220,397,2024-03-16,2024-03-01,delivered,South East,1,2,4.58,0.00,3.95,8.53,1,,New
1221,397,2024-03-31,2024-03-01,delivered,South East,3,5,16.71,1.29,3.95,19.37,2,15,Repeat
1222,397,2024-07-11,2024-07-01,delivered,South East,2,5,15.27,1.26,3.95,17.96,3,102,Repeat
1223,397,2024-08-13,2024-08-01,delivered,South East,2,2,6.43,0.24,3.95,10.14,4,33,Repeat
1224,397,2024-10-06,2024-10-01,delivered,South East,2,2,17.86,0.00,3.95,21.81,5,54,Repeat
1225,397,2024-11-08,2024-11-01,delivered,South East,4,8,35.10,0.00,0.00,35.10,6,33,Repeat
1226,397,2025-01-20,2025-01-01,delivered,South East,2,5,24.55,0.00,3.95,28.50,7,73,Repeat
1227,397,2025-04-18,2025-04-01,delivered,South East,1,1,2.85,0.00,3.95,6.80,8,88,Repeat
1228,397,2025-09-03,2025-09-01,delivered,South East,3,6,19.40,0.00,3.95,23.35,9,138,Repeat
1229,397,2025-09-09,2025-09-01,delivered,South East,2,3,5.10,0.00,3.95,9.05,10,6,Repeat
1230,397,2025-09-18,2025-09-01,delivered,South East,2,3,9.00,0.00,3.95,12.95,11,9,Repeat
1231,397,2025-12-27,2025-12-01,delivered,South East,2,3,12.15,0.00,3.95,16.10,12,100,Repeat
1232,398,2024-02-14,2024-02-01,delivered,Midlands,3,5,20.57,2.79,3.95,21.73,1,,New
1233,398,2024-06-13,2024-06-01,delivered,London,1,1,4.05,0.00,3.95,8.00,2,120,Repeat
1234,398,2024-07-15,2024-07-01,delivered,London,5,10,52.30,0.69,0.00,51.61,3,32,Repeat
1235,398,2024-08-19,2024-08-01,delivered,London,1,2,2.10,0.21,3.95,5.84,4,35,Repeat
1236,398,2024-10-27,2024-10-01,delivered,London,3,5,12.85,0.00,3.95,16.80,5,69,Repeat
1237,398,2024-11-22,2024-11-01,delivered,London,3,3,20.80,0.00,3.95,24.75,6,26,Repeat
1238,398,2025-01-14,2025-01-01,delivered,London,3,5,16.55,0.00,3.95,20.50,7,53,Repeat
1239,399,2025-04-09,2025-04-01,delivered,London,2,5,34.40,3.90,0.00,30.50,1,,New
1240,399,2025-08-20,2025-08-01,delivered,London,3,5,20.80,0.00,3.95,24.75,2,133,Repeat
1242,400,2025-01-22,2025-01-01,delivered,Midlands,2,2,16.35,0.00,3.95,20.30,1,,New
1243,401,2025-12-13,2025-12-01,delivered,North West,1,4,13.20,0.00,3.95,17.15,1,,New
1244,402,2024-03-06,2024-03-01,delivered,Yorkshire,5,8,12.93,0.00,3.95,16.88,1,,New
1245,402,2024-10-26,2024-10-01,delivered,Yorkshire,4,5,24.86,0.94,3.95,27.87,2,234,Repeat
1246,403,2024-03-26,2024-03-01,delivered,Midlands,2,3,7.44,0.00,3.95,11.39,1,,New
1247,403,2024-04-30,2024-04-01,delivered,Midlands,1,2,5.62,0.00,3.95,9.57,2,35,Repeat
1248,403,2024-06-09,2024-06-01,delivered,Midlands,5,12,69.67,0.00,0.00,69.67,3,40,Repeat
1249,403,2024-07-31,2024-07-01,delivered,Midlands,1,2,13.24,0.00,3.95,17.19,4,52,Repeat
1250,403,2024-08-16,2024-08-01,delivered,Midlands,4,4,10.29,0.35,3.95,13.89,5,16,Repeat
1251,403,2024-09-11,2024-09-01,delivered,Midlands,2,5,13.43,0.89,3.95,16.50,6,26,Repeat
1252,403,2024-10-07,2024-10-01,delivered,Midlands,2,2,8.90,0.00,3.95,12.85,7,26,Repeat
1253,403,2024-11-10,2024-11-01,delivered,Midlands,1,1,6.62,0.00,3.95,10.57,8,34,Repeat
1254,403,2025-01-13,2025-01-01,delivered,Midlands,4,5,19.05,0.00,3.95,23.00,9,64,Repeat
1255,403,2025-01-23,2025-01-01,delivered,Midlands,3,5,23.05,0.00,3.95,27.00,10,10,Repeat
1256,403,2025-02-02,2025-02-01,delivered,Midlands,1,2,5.70,0.00,3.95,9.65,11,10,Repeat
1257,403,2025-02-20,2025-02-01,delivered,Midlands,5,8,33.30,0.00,0.00,33.30,12,18,Repeat
1258,403,2025-04-03,2025-04-01,delivered,Midlands,3,3,15.75,0.00,3.95,19.70,13,42,Repeat
1259,403,2025-06-12,2025-06-01,delivered,Midlands,2,2,3.80,0.00,3.95,7.75,14,70,Repeat
1260,403,2025-10-16,2025-10-01,delivered,Midlands,1,2,6.60,0.00,3.95,10.55,15,126,Repeat
1261,403,2025-12-13,2025-12-01,delivered,Midlands,2,4,15.05,0.00,3.95,19.00,16,58,Repeat
1262,403,2025-12-19,2025-12-01,delivered,Midlands,2,3,13.35,1.60,3.95,15.70,17,6,Repeat
1263,404,2025-08-23,2025-08-01,delivered,London,4,4,16.40,0.11,3.95,20.24,1,,New
1264,405,2025-09-02,2025-09-01,delivered,Yorkshire,3,8,21.70,0.00,3.95,25.65,1,,New
1265,406,2024-05-11,2024-05-01,delivered,South East,1,3,8.01,0.00,3.95,11.96,1,,New
1266,406,2024-12-11,2024-12-01,delivered,South East,6,9,44.24,2.03,0.00,42.22,2,214,Repeat
1267,406,2025-04-10,2025-04-01,delivered,South East,2,2,3.95,0.44,3.95,7.46,3,120,Repeat
1268,407,2025-03-13,2025-03-01,delivered,North West,2,2,2.20,0.00,3.95,6.15,1,,New
1269,408,2025-04-27,2025-04-01,delivered,Scotland,1,2,7.50,0.00,3.95,11.45,1,,New
1270,408,2025-06-24,2025-06-01,delivered,Scotland,2,3,6.60,0.54,3.95,10.01,2,58,Repeat
1271,408,2025-08-02,2025-08-01,delivered,Scotland,5,7,36.45,0.84,0.00,35.61,3,39,Repeat
1272,409,2024-06-22,2024-06-01,delivered,Yorkshire,4,8,26.72,0.00,0.00,26.72,1,,New
1273,410,2025-02-22,2025-02-01,delivered,South East,1,1,6.50,0.00,3.95,10.45,1,,New
1274,411,2025-05-16,2025-05-01,delivered,London,3,5,37.25,0.00,0.00,37.25,1,,New
1275,412,2025-12-08,2025-12-01,delivered,South East,2,6,31.00,4.50,0.00,26.50,1,,New
1276,413,2024-02-29,2024-02-01,delivered,Midlands,1,2,5.24,0.00,3.95,9.19,1,,New
1277,413,2024-03-25,2024-03-01,delivered,Midlands,2,3,9.25,0.64,3.95,12.56,2,25,Repeat
1278,413,2024-07-31,2024-07-01,delivered,Midlands,1,2,2.28,0.23,3.95,6.00,3,128,Repeat
1279,413,2024-10-25,2024-10-01,delivered,Midlands,2,3,6.76,0.00,3.95,10.71,4,86,Repeat
1280,413,2024-12-11,2024-12-01,delivered,Midlands,3,5,22.14,3.31,3.95,22.78,5,47,Repeat
1281,413,2024-12-25,2024-12-01,delivered,Midlands,4,7,31.35,0.00,0.00,31.35,6,14,Repeat
1282,413,2025-02-02,2025-02-01,delivered,Midlands,3,3,15.05,0.00,3.95,19.00,7,39,Repeat
1283,413,2025-04-30,2025-04-01,delivered,Midlands,3,3,18.05,0.00,3.95,22.00,8,87,Repeat
1284,413,2025-12-15,2025-12-01,delivered,Midlands,3,9,42.80,0.80,0.00,42.00,9,229,Repeat
1285,413,2025-12-22,2025-12-01,delivered,Midlands,2,3,13.25,3.31,3.95,13.89,10,7,Repeat
1286,414,2024-06-01,2024-06-01,delivered,Midlands,4,6,31.77,0.00,0.00,31.77,1,,New
1287,414,2024-07-27,2024-07-01,delivered,Midlands,1,1,0.90,0.00,3.95,4.85,2,56,Repeat
1288,414,2024-11-22,2024-11-01,delivered,Midlands,2,2,9.33,0.00,3.95,13.28,3,118,Repeat
1289,414,2025-07-12,2025-07-01,delivered,Midlands,4,6,44.80,0.22,0.00,44.58,4,232,Repeat
1290,414,2025-12-22,2025-12-01,delivered,Scotland,3,4,20.65,0.80,3.95,23.80,5,163,Repeat
1291,415,2024-06-07,2024-06-01,delivered,South East,2,3,10.58,0.00,3.95,14.53,1,,New
1292,415,2024-10-03,2024-10-01,delivered,South East,5,9,53.91,0.00,0.00,53.91,2,118,Repeat
1293,415,2025-10-28,2025-10-01,delivered,South East,1,1,2.85,0.57,3.95,6.23,3,390,Repeat
1294,416,2025-08-31,2025-08-01,delivered,South East,3,3,12.70,0.00,3.95,16.65,1,,New
1295,417,2024-07-17,2024-07-01,delivered,Yorkshire,1,2,6.10,0.00,3.95,10.05,1,,New
1296,417,2025-03-12,2025-03-01,delivered,Yorkshire,3,4,24.70,0.00,3.95,28.65,2,238,Repeat
1297,417,2025-04-03,2025-04-01,delivered,Yorkshire,1,1,3.20,0.48,3.95,6.67,3,22,Repeat
1298,417,2025-04-16,2025-04-01,delivered,Yorkshire,3,4,8.80,0.00,3.95,12.75,4,13,Repeat
1300,417,2025-11-16,2025-11-01,delivered,Yorkshire,3,5,26.65,0.00,0.00,26.65,6,126,Repeat
1301,417,2025-12-23,2025-12-01,delivered,Yorkshire,4,6,20.35,5.09,3.95,19.21,7,37,Repeat
1302,418,2025-07-15,2025-07-01,delivered,London,1,4,13.20,1.32,3.95,15.83,1,,New
1303,419,2024-12-06,2024-12-01,delivered,London,3,4,30.72,3.31,0.00,27.41,1,,New
1304,420,2025-01-13,2025-01-01,delivered,South East,3,7,23.45,0.00,3.95,27.40,1,,New
1305,420,2025-02-05,2025-02-01,delivered,South East,1,1,11.50,0.00,3.95,15.45,2,23,Repeat
1306,420,2025-06-15,2025-06-01,delivered,South East,1,1,1.10,0.11,3.95,4.94,3,130,Repeat
1307,420,2025-07-21,2025-07-01,delivered,South East,1,4,10.00,1.00,3.95,12.95,4,36,Repeat
1308,420,2025-10-29,2025-10-01,delivered,South East,3,6,29.90,0.00,0.00,29.90,5,100,Repeat
1309,421,2025-12-20,2025-12-01,delivered,Midlands,5,10,27.80,2.40,0.00,25.40,1,,New
1310,422,2024-01-15,2024-01-01,delivered,South East,4,7,16.75,0.00,3.95,20.70,1,,New
1311,422,2024-04-02,2024-04-01,delivered,South East,2,3,19.01,1.29,3.95,21.67,2,78,Repeat
1312,422,2024-08-27,2024-08-01,delivered,South East,2,4,10.01,0.26,3.95,13.70,3,147,Repeat
1313,422,2025-11-16,2025-11-01,delivered,South East,2,2,9.35,0.00,3.95,13.30,4,446,Repeat
1314,422,2025-12-03,2025-12-01,delivered,South East,2,4,23.40,2.38,3.95,24.98,5,17,Repeat
1315,422,2025-12-22,2025-12-01,delivered,South East,3,8,37.85,2.38,0.00,35.48,6,19,Repeat
1316,423,2025-11-18,2025-11-01,delivered,South East,4,7,56.00,0.00,0.00,56.00,1,,New
1317,424,2024-03-17,2024-03-01,delivered,South East,2,2,8.58,1.29,3.95,11.24,1,,New
1318,424,2024-04-28,2024-04-01,delivered,South East,2,3,18.00,0.00,3.95,21.95,2,42,Repeat
1319,424,2024-08-23,2024-08-01,delivered,South East,2,2,11.71,0.00,3.95,15.66,3,117,Repeat
1320,424,2024-10-09,2024-10-01,delivered,South East,2,5,43.05,0.00,0.00,43.05,4,47,Repeat
1321,424,2025-05-23,2025-05-01,delivered,South East,5,6,33.70,0.00,0.00,33.70,5,226,Repeat
1322,424,2025-07-10,2025-07-01,delivered,South East,4,5,25.60,0.90,3.95,28.65,6,48,Repeat
1323,424,2025-07-31,2025-07-01,delivered,South East,1,1,2.60,0.00,3.95,6.55,7,21,Repeat
1324,424,2025-10-15,2025-10-01,delivered,South East,4,8,26.35,1.00,0.00,25.35,8,76,Repeat
1325,424,2025-12-23,2025-12-01,delivered,South East,3,6,34.85,3.50,0.00,31.35,9,69,Repeat
1326,425,2025-05-09,2025-05-01,delivered,London,4,6,15.75,0.00,3.95,19.70,1,,New
1327,425,2025-11-10,2025-11-01,delivered,London,5,7,19.05,0.00,3.95,23.00,2,185,Repeat
1328,426,2025-06-11,2025-06-01,delivered,London,5,8,33.70,0.00,0.00,33.70,1,,New
1329,426,2025-09-04,2025-09-01,delivered,London,4,10,73.90,0.00,0.00,73.90,2,85,Repeat
1330,427,2024-10-29,2024-10-01,delivered,London,4,7,27.26,4.40,3.95,26.81,1,,New
1331,427,2025-03-10,2025-03-01,delivered,London,4,7,22.80,0.00,3.95,26.75,2,132,Repeat
1332,427,2025-12-04,2025-12-01,delivered,London,1,3,11.25,2.81,3.95,12.39,3,269,Repeat
1333,428,2025-12-29,2025-12-01,delivered,North West,5,9,52.05,0.00,0.00,52.05,1,,New
1334,429,2025-10-28,2025-10-01,delivered,Scotland,3,8,29.00,0.00,0.00,29.00,1,,New
1335,430,2025-01-22,2025-01-01,delivered,London,2,2,9.70,0.00,3.95,13.65,1,,New
1336,430,2025-09-22,2025-09-01,delivered,London,5,9,23.20,0.00,3.95,27.15,2,243,Repeat
1337,430,2025-10-01,2025-10-01,delivered,London,2,4,16.70,0.00,3.95,20.65,3,9,Repeat
1338,431,2025-09-23,2025-09-01,delivered,North West,3,3,30.05,0.00,0.00,30.05,1,,New
1339,432,2025-06-20,2025-06-01,delivered,South East,2,3,10.30,0.00,3.95,14.25,1,,New
1341,434,2025-02-08,2025-02-01,delivered,South East,2,5,31.15,0.00,0.00,31.15,1,,New
1342,434,2025-12-26,2025-12-01,delivered,South East,2,3,14.40,0.00,3.95,18.35,2,321,Repeat
1343,435,2024-09-04,2024-09-01,delivered,Midlands,2,3,14.86,0.25,3.95,18.56,1,,New
1344,435,2024-09-24,2024-09-01,delivered,Midlands,4,4,17.38,0.00,3.95,21.33,2,20,Repeat
1345,435,2025-07-01,2025-07-01,delivered,Midlands,3,4,24.60,0.00,3.95,28.55,3,280,Repeat
1346,435,2025-08-20,2025-08-01,delivered,Midlands,3,4,27.80,0.00,0.00,27.80,4,50,Repeat
1347,436,2025-08-29,2025-08-01,delivered,South East,3,9,24.10,0.33,3.95,27.72,1,,New
1348,436,2025-10-15,2025-10-01,delivered,South East,4,4,16.20,0.57,3.95,19.58,2,47,Repeat
1349,437,2024-06-12,2024-06-01,delivered,Midlands,2,2,9.24,0.00,3.95,13.19,1,,New
1350,438,2025-09-25,2025-09-01,delivered,South East,5,10,26.70,0.00,0.00,26.70,1,,New
1351,439,2025-09-15,2025-09-01,delivered,London,1,3,12.75,0.00,3.95,16.70,1,,New
1352,440,2025-10-22,2025-10-01,delivered,London,4,4,10.20,0.00,3.95,14.15,1,,New
1353,441,2024-10-11,2024-10-01,delivered,South East,1,1,2.95,0.00,3.95,6.90,1,,New
1354,441,2024-12-05,2024-12-01,delivered,South East,3,4,14.47,2.49,3.95,15.93,2,55,Repeat
1355,441,2025-07-20,2025-07-01,delivered,South East,3,3,10.65,0.62,3.95,13.99,3,227,Repeat
1357,441,2025-10-17,2025-10-01,delivered,South East,2,5,15.40,0.00,3.95,19.35,5,6,Repeat
1358,441,2025-10-22,2025-10-01,delivered,South East,1,3,8.85,0.00,3.95,12.80,6,5,Repeat
1359,441,2025-11-10,2025-11-01,delivered,South East,1,2,13.90,0.00,3.95,17.85,7,19,Repeat
1360,441,2025-12-16,2025-12-01,delivered,South East,2,6,17.50,1.48,3.95,19.98,8,36,Repeat
1361,441,2025-12-16,2025-12-01,delivered,South East,3,3,22.30,0.00,3.95,26.25,9,0,Repeat
1362,442,2024-08-05,2024-08-01,delivered,South East,3,4,21.49,0.23,3.95,25.21,1,,New
1363,442,2025-03-01,2025-03-01,delivered,South East,3,7,24.45,0.00,3.95,28.40,2,208,Repeat
1364,443,2025-09-08,2025-09-01,delivered,South East,2,3,13.00,0.00,3.95,16.95,1,,New
1365,444,2025-08-31,2025-08-01,delivered,South East,3,6,15.70,0.50,3.95,19.15,1,,New
1366,445,2025-03-18,2025-03-01,delivered,London,1,1,3.75,0.56,3.95,7.14,1,,New
1367,446,2025-06-05,2025-06-01,delivered,London,3,3,12.50,0.00,3.95,16.45,1,,New
1368,447,2025-11-22,2025-11-01,delivered,London,1,4,10.40,0.00,3.95,14.35,1,,New
1369,448,2025-03-17,2025-03-01,delivered,South East,4,10,27.30,0.48,0.00,26.82,1,,New
1370,449,2025-07-21,2025-07-01,delivered,North West,2,4,6.15,0.62,3.95,9.49,1,,New
1371,450,2025-11-27,2025-11-01,delivered,North West,2,5,10.45,0.00,3.95,14.40,1,,New
1372,451,2025-06-22,2025-06-01,delivered,London,5,7,32.95,0.53,0.00,32.42,1,,New
1373,451,2025-07-20,2025-07-01,delivered,London,4,7,25.00,0.31,3.95,28.64,2,28,Repeat
1374,451,2025-07-22,2025-07-01,delivered,London,3,4,13.75,0.10,3.95,17.60,3,2,Repeat
1375,452,2025-10-21,2025-10-01,delivered,Scotland,4,8,25.85,1.50,3.95,28.30,1,,New
1376,452,2025-12-31,2025-12-01,delivered,Scotland,1,1,2.50,0.00,3.95,6.45,2,71,Repeat
1377,453,2025-12-12,2025-12-01,delivered,North West,1,4,10.40,0.00,3.95,14.35,1,,New
1378,454,2024-10-15,2024-10-01,delivered,Midlands,1,3,9.42,1.88,3.95,11.49,1,,New
1379,454,2025-04-28,2025-04-01,delivered,Midlands,5,10,42.40,0.00,0.00,42.40,2,195,Repeat
1380,454,2025-08-19,2025-08-01,delivered,Midlands,4,11,32.70,2.07,0.00,30.63,3,113,Repeat
1381,455,2024-09-02,2024-09-01,delivered,London,1,1,2.48,0.25,3.95,6.18,1,,New
1382,455,2024-09-03,2024-09-01,delivered,London,2,2,7.71,0.00,3.95,11.66,2,1,Repeat
1383,455,2024-10-10,2024-10-01,delivered,London,5,9,27.66,0.00,0.00,27.66,3,37,Repeat
1384,455,2024-10-22,2024-10-01,delivered,London,4,4,20.53,0.48,3.95,24.00,4,12,Repeat
1385,455,2024-12-24,2024-12-01,delivered,London,4,6,41.82,6.04,0.00,35.78,5,63,Repeat
1386,455,2025-01-06,2025-01-01,delivered,London,4,5,28.25,0.00,0.00,28.25,6,13,Repeat
1387,455,2025-03-13,2025-03-01,delivered,London,2,2,5.45,0.00,3.95,9.40,7,66,Repeat
1388,455,2025-04-01,2025-04-01,delivered,London,1,3,19.50,2.93,3.95,20.53,8,19,Repeat
1389,455,2025-04-28,2025-04-01,delivered,London,1,1,4.50,0.00,3.95,8.45,9,27,Repeat
1390,455,2025-05-04,2025-05-01,delivered,London,1,3,8.25,0.00,3.95,12.20,10,6,Repeat
1391,455,2025-06-05,2025-06-01,delivered,London,3,4,26.35,0.00,0.00,26.35,11,32,Repeat
1392,455,2025-08-16,2025-08-01,delivered,London,1,1,2.90,0.00,3.95,6.85,12,72,Repeat
1393,455,2025-10-11,2025-10-01,delivered,London,3,4,24.45,0.00,3.95,28.40,13,56,Repeat
1394,455,2025-10-11,2025-10-01,delivered,London,3,4,27.90,0.00,0.00,27.90,14,0,Repeat
1395,455,2025-10-26,2025-10-01,delivered,London,2,3,8.20,1.64,3.95,10.51,15,15,Repeat
1396,455,2025-10-28,2025-10-01,delivered,London,4,10,36.20,3.28,0.00,32.92,16,2,Repeat
1397,455,2025-10-31,2025-10-01,delivered,London,4,6,24.85,2.78,3.95,26.02,17,3,Repeat
1398,455,2025-11-23,2025-11-01,delivered,London,5,7,28.70,0.00,0.00,28.70,18,23,Repeat
1399,456,2025-12-25,2025-12-01,delivered,London,4,11,45.75,0.00,0.00,45.75,1,,New
1400,457,2025-12-26,2025-12-01,delivered,Midlands,5,9,36.45,0.00,0.00,36.45,1,,New
1401,458,2024-10-22,2024-10-01,delivered,South East,2,2,7.00,0.00,3.95,10.95,1,,New
1402,458,2025-03-26,2025-03-01,delivered,South East,1,1,9.20,0.00,3.95,13.15,2,155,Repeat
1403,458,2025-06-27,2025-06-01,delivered,South East,1,1,14.95,0.00,3.95,18.90,3,93,Repeat
1404,458,2025-07-16,2025-07-01,delivered,South East,2,4,13.05,0.00,3.95,17.00,4,19,Repeat
1405,458,2025-12-18,2025-12-01,delivered,South East,4,8,43.80,6.96,0.00,36.84,5,155,Repeat
1406,459,2025-06-25,2025-06-01,delivered,Midlands,1,2,6.60,0.66,3.95,9.89,1,,New
1407,459,2025-11-27,2025-11-01,delivered,Midlands,4,5,12.65,0.00,3.95,16.60,2,155,Repeat
1408,460,2024-11-30,2024-11-01,delivered,Midlands,1,3,9.42,0.00,3.95,13.37,1,,New
1409,461,2025-06-30,2025-06-01,delivered,Midlands,2,4,12.30,1.23,3.95,15.02,1,,New
1410,461,2025-09-06,2025-09-01,delivered,Midlands,6,9,56.70,0.30,0.00,56.41,2,68,Repeat
1411,462,2024-06-07,2024-06-01,delivered,South East,2,3,4.61,0.00,3.95,8.56,1,,New
1412,463,2025-09-22,2025-09-01,delivered,Midlands,5,8,34.75,0.00,0.00,34.75,1,,New
1413,464,2025-03-16,2025-03-01,delivered,Midlands,1,3,11.25,1.69,3.95,13.51,1,,New
1414,464,2025-08-07,2025-08-01,delivered,Midlands,3,3,13.35,0.00,3.95,17.30,2,144,Repeat
1415,464,2025-10-23,2025-10-01,delivered,Midlands,2,2,14.10,0.00,3.95,18.05,3,77,Repeat
1416,465,2024-11-06,2024-11-01,delivered,Midlands,2,3,8.13,0.00,3.95,12.08,1,,New
1417,466,2024-09-14,2024-09-01,delivered,Midlands,2,2,6.05,0.25,3.95,9.75,1,,New
1418,466,2025-03-21,2025-03-01,delivered,Midlands,1,1,6.50,0.98,3.95,9.48,2,188,Repeat
1419,466,2025-04-08,2025-04-01,delivered,Midlands,2,5,21.75,3.26,3.95,22.44,3,18,Repeat
1420,466,2025-09-01,2025-09-01,delivered,Midlands,1,3,9.30,0.00,3.95,13.25,4,146,Repeat
1421,467,2024-12-05,2024-12-01,delivered,Yorkshire,1,1,0.95,0.00,3.95,4.90,1,,New
1422,468,2025-12-15,2025-12-01,delivered,Midlands,1,1,2.95,0.00,3.95,6.90,1,,New
1423,469,2025-09-11,2025-09-01,delivered,Midlands,1,1,1.20,0.00,3.95,5.15,1,,New
1424,470,2025-09-16,2025-09-01,delivered,North West,3,5,15.60,0.93,3.95,18.62,1,,New
1425,470,2025-10-23,2025-10-01,delivered,North West,3,5,13.95,2.79,3.95,15.11,2,37,Repeat
1426,470,2025-12-26,2025-12-01,delivered,North West,1,1,15.95,0.00,3.95,19.90,3,64,Repeat
1427,471,2024-10-18,2024-10-01,delivered,Midlands,2,4,12.15,0.94,3.95,15.16,1,,New
1428,472,2025-08-29,2025-08-01,delivered,South East,5,8,49.00,0.27,0.00,48.73,1,,New
1429,473,2025-04-15,2025-04-01,delivered,North West,6,17,60.80,0.00,0.00,60.80,1,,New
1430,473,2025-04-26,2025-04-01,delivered,North West,3,6,38.70,0.00,0.00,38.70,2,11,Repeat
1431,473,2025-11-01,2025-11-01,delivered,North West,4,6,53.50,0.00,0.00,53.50,3,189,Repeat
1432,473,2025-12-13,2025-12-01,delivered,North West,2,3,4.75,0.00,3.95,8.70,4,42,Repeat
1433,474,2024-12-04,2024-12-01,delivered,Yorkshire,2,2,10.24,1.66,3.95,12.54,1,,New
1434,474,2025-04-14,2025-04-01,delivered,Yorkshire,4,5,13.75,0.00,3.95,17.70,2,131,Repeat
1435,474,2025-11-26,2025-11-01,delivered,Yorkshire,5,9,46.00,0.00,0.00,46.00,3,226,Repeat
1436,475,2025-10-03,2025-10-01,delivered,London,3,6,17.10,0.00,3.95,21.05,1,,New
1437,475,2025-11-26,2025-11-01,delivered,London,2,2,5.05,0.00,3.95,9.00,2,54,Repeat
1438,476,2024-06-24,2024-06-01,delivered,Midlands,5,8,17.37,1.22,3.95,20.10,1,,New
1439,477,2025-01-01,2025-01-01,delivered,Scotland,2,4,13.70,0.00,3.95,17.65,1,,New
1440,477,2025-06-18,2025-06-01,delivered,Scotland,6,11,37.35,0.54,0.00,36.82,2,168,Repeat
1441,477,2025-09-13,2025-09-01,delivered,Scotland,1,1,4.25,0.00,3.95,8.20,3,87,Repeat
1442,478,2024-03-26,2024-03-01,delivered,Midlands,5,8,35.47,0.46,0.00,35.01,1,,New
1443,479,2025-09-23,2025-09-01,delivered,South East,3,5,16.30,0.00,3.95,20.25,1,,New
1444,479,2025-10-03,2025-10-01,delivered,South East,5,7,19.35,0.00,3.95,23.30,2,10,Repeat
1445,479,2025-12-11,2025-12-01,delivered,South East,4,4,27.15,2.06,0.00,25.09,3,69,Repeat
1446,480,2024-02-04,2024-02-01,delivered,North West,5,9,34.19,1.86,0.00,32.33,1,,New
1447,480,2024-06-07,2024-06-01,delivered,North West,1,1,1.14,0.00,3.95,5.09,2,124,Repeat
1448,480,2024-09-30,2024-09-01,delivered,North West,2,4,15.62,0.00,3.95,19.57,3,115,Repeat
1449,480,2025-04-12,2025-04-01,delivered,North West,2,2,5.55,0.00,3.95,9.50,4,194,Repeat
1450,480,2025-07-18,2025-07-01,delivered,North West,3,8,19.25,0.65,3.95,22.55,5,97,Repeat
1451,480,2025-12-14,2025-12-01,delivered,North West,1,3,12.75,0.00,3.95,16.70,6,149,Repeat
1452,480,2025-12-19,2025-12-01,delivered,North West,2,4,19.30,0.00,3.95,23.25,7,5,Repeat
1453,480,2025-12-31,2025-12-01,delivered,North West,5,10,39.15,0.00,0.00,39.15,8,12,Repeat
1454,481,2025-12-02,2025-12-01,delivered,South East,2,5,19.35,1.88,3.95,21.43,1,,New
1455,482,2024-03-09,2024-03-01,delivered,London,2,4,5.32,0.00,3.95,9.27,1,,New
1456,483,2025-10-28,2025-10-01,delivered,London,2,2,7.65,0.54,3.95,11.06,1,,New
1457,484,2025-07-30,2025-07-01,delivered,South East,4,8,19.20,0.95,3.95,22.20,1,,New
1458,485,2025-10-12,2025-10-01,delivered,London,4,5,15.60,0.00,3.95,19.55,1,,New
1459,486,2025-01-06,2025-01-01,delivered,Yorkshire,3,3,20.30,0.00,3.95,24.25,1,,New
1460,486,2025-01-08,2025-01-01,delivered,Yorkshire,3,4,12.05,0.00,3.95,16.00,2,2,Repeat
1461,486,2025-02-11,2025-02-01,delivered,Yorkshire,3,5,22.75,0.00,3.95,26.70,3,34,Repeat
1462,486,2025-02-17,2025-02-01,delivered,Yorkshire,1,1,2.95,0.00,3.95,6.90,4,6,Repeat
1463,486,2025-02-17,2025-02-01,delivered,Yorkshire,4,5,26.30,0.00,0.00,26.30,5,0,Repeat
1464,486,2025-04-14,2025-04-01,delivered,Yorkshire,2,2,5.30,0.00,3.95,9.25,6,56,Repeat
1465,486,2025-08-06,2025-08-01,delivered,Yorkshire,1,2,7.90,0.00,3.95,11.85,7,114,Repeat
1466,486,2025-08-16,2025-08-01,delivered,Yorkshire,2,2,5.35,0.25,3.95,9.05,8,10,Repeat
1467,486,2025-08-22,2025-08-01,delivered,Yorkshire,2,5,10.00,0.22,3.95,13.73,9,6,Repeat
1468,486,2025-08-24,2025-08-01,delivered,Yorkshire,4,7,21.05,0.00,3.95,25.00,10,2,Repeat
1469,486,2025-12-08,2025-12-01,delivered,Yorkshire,3,6,19.45,3.88,3.95,19.53,11,106,Repeat
1470,486,2025-12-21,2025-12-01,delivered,Yorkshire,1,1,4.75,1.19,3.95,7.51,12,13,Repeat
1471,487,2025-09-10,2025-09-01,delivered,London,3,3,22.15,0.30,3.95,25.81,1,,New
1472,488,2025-09-01,2025-09-01,delivered,Yorkshire,3,3,12.95,0.00,3.95,16.90,1,,New
1473,489,2025-02-04,2025-02-01,delivered,Yorkshire,1,1,6.50,0.98,3.95,9.48,1,,New
1474,489,2025-04-29,2025-04-01,delivered,Yorkshire,2,3,11.85,0.00,3.95,15.80,2,84,Repeat
1475,489,2025-07-04,2025-07-01,delivered,Yorkshire,3,5,23.40,0.57,3.95,26.78,3,66,Repeat
1476,489,2025-09-28,2025-09-01,delivered,Yorkshire,1,1,2.60,0.00,3.95,6.55,4,86,Repeat
1477,489,2025-12-12,2025-12-01,delivered,Yorkshire,2,3,7.90,0.00,3.95,11.85,5,75,Repeat
1478,490,2024-02-29,2024-02-01,delivered,North West,2,3,8.29,0.00,3.95,12.24,1,,New
1479,490,2025-12-18,2025-12-01,delivered,North West,4,8,38.00,4.14,0.00,33.86,2,658,Repeat
1480,490,2025-12-26,2025-12-01,delivered,North West,1,1,4.75,0.00,3.95,8.70,3,8,Repeat
1481,491,2025-08-09,2025-08-01,delivered,London,3,5,15.95,0.00,3.95,19.90,1,,New
1482,492,2025-04-21,2025-04-01,delivered,Scotland,1,1,14.95,0.00,3.95,18.90,1,,New
1484,492,2025-09-07,2025-09-01,delivered,Scotland,3,5,16.80,0.00,3.95,20.75,3,13,Repeat
1485,493,2025-05-09,2025-05-01,delivered,South East,2,2,11.00,0.00,3.95,14.95,1,,New
1486,494,2024-04-14,2024-04-01,delivered,Yorkshire,2,4,15.44,0.00,3.95,19.39,1,,New
1487,494,2024-07-15,2024-07-01,delivered,Yorkshire,1,1,2.29,0.23,3.95,6.01,2,92,Repeat
1488,494,2024-10-31,2024-10-01,delivered,Yorkshire,2,2,5.19,0.00,3.95,9.14,3,108,Repeat
1489,494,2024-11-23,2024-11-01,delivered,Yorkshire,1,1,2.38,0.00,3.95,6.33,4,23,Repeat
1490,494,2025-03-08,2025-03-01,delivered,Yorkshire,3,6,17.60,0.00,3.95,21.55,5,105,Repeat
1491,494,2025-04-02,2025-04-01,delivered,Yorkshire,6,10,45.95,0.98,0.00,44.98,6,25,Repeat
1492,494,2025-04-04,2025-04-01,delivered,Yorkshire,2,2,12.05,0.00,3.95,16.00,7,2,Repeat
1493,494,2025-06-29,2025-06-01,delivered,Yorkshire,2,2,9.10,0.00,3.95,13.05,8,86,Repeat
1494,494,2025-07-02,2025-07-01,delivered,Yorkshire,2,2,15.20,0.27,3.95,18.88,9,3,Repeat
1495,494,2025-08-13,2025-08-01,delivered,Yorkshire,3,3,26.00,0.33,0.00,25.67,10,42,Repeat
1496,494,2025-09-06,2025-09-01,delivered,Yorkshire,2,3,9.15,0.00,3.95,13.10,11,24,Repeat
1497,495,2025-09-22,2025-09-01,delivered,London,4,8,24.35,0.00,3.95,28.30,1,,New
1498,496,2025-04-23,2025-04-01,delivered,Midlands,3,4,11.00,0.00,3.95,14.95,1,,New
1500,497,2024-05-14,2024-05-01,delivered,North West,3,3,27.04,0.00,0.00,27.04,2,10,Repeat
1501,497,2024-09-16,2024-09-01,delivered,North West,5,9,18.45,0.59,3.95,21.81,3,125,Repeat
1502,497,2024-10-17,2024-10-01,delivered,North West,1,2,4.76,0.95,3.95,7.76,4,31,Repeat
1503,497,2024-11-01,2024-11-01,delivered,North West,4,10,25.24,0.00,0.00,25.24,5,15,Repeat
1504,497,2025-02-12,2025-02-01,delivered,North West,4,4,11.05,0.00,3.95,15.00,6,103,Repeat
1505,497,2025-03-08,2025-03-01,delivered,North West,3,7,18.90,0.00,3.95,22.85,7,24,Repeat
1506,497,2025-03-21,2025-03-01,delivered,North West,1,2,13.00,1.95,3.95,15.00,8,13,Repeat
1507,497,2025-03-22,2025-03-01,delivered,North West,3,5,22.55,0.00,3.95,26.50,9,1,Repeat
1508,497,2025-03-25,2025-03-01,delivered,North West,5,6,30.10,0.00,0.00,30.10,10,3,Repeat
1509,497,2025-03-26,2025-03-01,delivered,North West,2,3,9.70,0.00,3.95,13.65,11,1,Repeat
1510,497,2025-06-06,2025-06-01,delivered,North West,2,4,15.60,0.00,3.95,19.55,12,72,Repeat
1511,497,2025-06-06,2025-06-01,delivered,North West,4,6,10.40,0.00,3.95,14.35,13,0,Repeat
1512,497,2025-06-16,2025-06-01,delivered,North West,1,1,2.85,0.29,3.95,6.52,14,10,Repeat
1513,497,2025-08-08,2025-08-01,delivered,North West,4,7,37.35,0.25,0.00,37.10,15,53,Repeat
1514,497,2025-12-19,2025-12-01,delivered,North West,1,2,9.00,2.25,3.95,10.70,16,133,Repeat
1515,497,2025-12-27,2025-12-01,delivered,North West,1,2,5.90,0.00,3.95,9.85,17,8,Repeat
1516,497,2025-12-27,2025-12-01,delivered,North West,2,4,14.30,0.00,3.95,18.25,18,0,Repeat
1517,498,2025-07-01,2025-07-01,delivered,North West,2,4,14.90,0.00,3.95,18.85,1,,New
1518,498,2025-07-19,2025-07-01,delivered,North West,2,5,14.55,0.57,3.95,17.93,2,18,Repeat
1519,498,2025-07-31,2025-07-01,delivered,North West,1,1,2.50,0.25,3.95,6.20,3,12,Repeat
1520,498,2025-09-14,2025-09-01,delivered,North West,4,7,37.85,0.26,0.00,37.59,4,45,Repeat
1521,499,2025-04-23,2025-04-01,delivered,South East,2,2,7.45,0.00,3.95,11.40,1,,New
1522,499,2025-06-06,2025-06-01,delivered,South East,2,3,12.90,0.00,3.95,16.85,2,44,Repeat
1523,500,2025-07-12,2025-07-01,delivered,London,4,6,39.20,0.93,0.00,38.27,1,,New
1524,500,2025-08-24,2025-08-01,delivered,London,2,2,5.95,0.29,3.95,9.62,2,43,Repeat
1525,501,2024-11-20,2024-11-01,delivered,South East,2,3,11.28,0.00,3.95,15.23,1,,New
1526,501,2025-01-16,2025-01-01,delivered,South East,3,6,12.35,0.00,3.95,16.30,2,57,Repeat
1527,501,2025-04-18,2025-04-01,delivered,South East,4,6,52.70,0.00,0.00,52.70,3,92,Repeat
1528,501,2025-07-30,2025-07-01,delivered,South East,2,2,2.20,0.10,3.95,6.05,4,103,Repeat
1529,501,2025-08-24,2025-08-01,delivered,South East,3,4,11.65,0.25,3.95,15.35,5,25,Repeat
1530,501,2025-11-18,2025-11-01,delivered,South East,3,5,19.55,0.00,3.95,23.50,6,86,Repeat
1531,501,2025-12-21,2025-12-01,delivered,South East,3,4,19.85,0.00,3.95,23.80,7,33,Repeat
1532,501,2025-12-27,2025-12-01,delivered,South East,1,1,2.60,0.00,3.95,6.55,8,6,Repeat
1533,502,2025-01-29,2025-01-01,delivered,Midlands,5,7,24.00,0.00,3.95,27.95,1,,New
1534,502,2025-02-03,2025-02-01,delivered,Midlands,3,3,18.65,0.56,3.95,22.04,2,5,Repeat
1535,502,2025-03-11,2025-03-01,delivered,Midlands,3,5,20.30,0.00,3.95,24.25,3,36,Repeat
1536,502,2025-04-27,2025-04-01,delivered,Midlands,5,9,27.60,0.00,0.00,27.60,4,47,Repeat
1537,502,2025-09-20,2025-09-01,delivered,Midlands,1,1,2.60,0.26,3.95,6.29,5,146,Repeat
1538,502,2025-10-17,2025-10-01,delivered,Midlands,1,1,17.95,0.00,3.95,21.90,6,27,Repeat
1539,503,2025-05-19,2025-05-01,delivered,Scotland,2,2,5.10,0.00,3.95,9.05,1,,New
1540,503,2025-10-31,2025-10-01,delivered,Scotland,3,3,27.05,0.00,0.00,27.05,2,165,Repeat
1541,504,2024-02-19,2024-02-01,delivered,South East,1,3,9.99,0.00,3.95,13.94,1,,New
1542,505,2024-12-26,2024-12-01,delivered,South East,4,7,21.11,0.00,3.95,25.06,1,,New
1543,506,2024-02-02,2024-02-01,delivered,Midlands,3,5,22.28,0.00,3.95,26.23,1,,New
1544,506,2024-06-09,2024-06-01,delivered,Midlands,1,1,3.76,0.00,3.95,7.71,2,128,Repeat
1545,506,2024-08-03,2024-08-01,delivered,Midlands,1,1,6.19,0.00,3.95,10.14,3,55,Repeat
1546,506,2024-08-08,2024-08-01,delivered,Midlands,1,1,4.05,0.00,3.95,8.00,4,5,Repeat
1547,506,2024-10-06,2024-10-01,delivered,Midlands,3,4,14.43,0.00,3.95,18.38,5,59,Repeat
1548,506,2024-10-16,2024-10-01,delivered,Midlands,2,3,13.14,0.63,3.95,16.46,6,10,Repeat
1549,506,2024-11-10,2024-11-01,delivered,Midlands,2,4,4.32,0.00,3.95,8.27,7,25,Repeat
1550,506,2025-04-26,2025-04-01,delivered,Midlands,2,6,18.70,0.00,3.95,22.65,8,167,Repeat
1551,506,2025-07-19,2025-07-01,delivered,Midlands,2,6,16.60,1.08,3.95,19.47,9,84,Repeat
1552,506,2025-12-21,2025-12-01,delivered,Midlands,4,5,28.70,2.54,0.00,26.16,10,155,Repeat
1553,507,2025-11-29,2025-11-01,delivered,North West,2,4,11.25,0.00,3.95,15.20,1,,New
1554,508,2024-09-29,2024-09-01,delivered,South East,2,8,8.76,0.00,3.95,12.71,1,,New
1555,508,2025-04-20,2025-04-01,delivered,South East,3,4,13.00,0.00,3.95,16.95,2,203,Repeat
1557,508,2025-10-17,2025-10-01,delivered,South East,5,6,33.35,1.54,0.00,31.81,4,78,Repeat
1558,509,2025-12-29,2025-12-01,delivered,South East,4,8,44.60,0.00,0.00,44.60,1,,New
1559,510,2024-08-24,2024-08-01,delivered,Scotland,3,5,11.24,0.63,3.95,14.56,1,,New
1560,510,2024-11-16,2024-11-01,delivered,Scotland,1,1,5.00,0.00,3.95,8.95,2,84,Repeat
1561,510,2024-11-17,2024-11-01,delivered,Scotland,3,3,8.00,0.00,3.95,11.95,3,1,Repeat
1562,510,2024-11-24,2024-11-01,delivered,Scotland,2,3,23.34,0.00,3.95,27.29,4,7,Repeat
1563,510,2024-11-26,2024-11-01,delivered,Scotland,2,2,5.72,0.00,3.95,9.67,5,2,Repeat
1564,510,2024-12-07,2024-12-01,delivered,Scotland,3,3,26.10,2.73,3.95,27.32,6,11,Repeat
1565,510,2024-12-30,2024-12-01,delivered,Scotland,5,6,44.14,0.00,0.00,44.14,7,23,Repeat
1566,510,2025-07-03,2025-07-01,delivered,Scotland,3,4,10.75,0.54,3.95,14.16,8,185,Repeat
1567,510,2025-08-23,2025-08-01,delivered,Scotland,1,1,1.10,0.11,3.95,4.94,9,51,Repeat
1568,510,2025-10-25,2025-10-01,delivered,Scotland,2,4,11.25,2.25,3.95,12.95,10,63,Repeat
1569,510,2025-12-11,2025-12-01,delivered,Scotland,5,11,37.65,3.56,0.00,34.09,11,47,Repeat
1570,511,2024-09-09,2024-09-01,delivered,Midlands,3,5,14.91,0.50,3.95,18.36,1,,New
1571,511,2024-10-05,2024-10-01,delivered,South East,3,4,12.15,0.00,3.95,16.10,2,26,Repeat
1572,511,2024-11-09,2024-11-01,delivered,South East,3,4,29.67,0.00,0.00,29.67,3,35,Repeat
1574,512,2024-10-31,2024-10-01,delivered,London,2,3,14.00,0.00,3.95,17.95,1,,New
1575,512,2025-01-29,2025-01-01,delivered,London,5,9,42.50,0.00,0.00,42.50,2,90,Repeat
1576,512,2025-02-10,2025-02-01,delivered,London,4,5,35.60,0.56,0.00,35.04,3,12,Repeat
1577,512,2025-02-20,2025-02-01,delivered,London,2,2,8.20,0.00,3.95,12.15,4,10,Repeat
1578,512,2025-03-30,2025-03-01,delivered,London,4,6,14.30,0.00,3.95,18.25,5,38,Repeat
1579,512,2025-08-31,2025-08-01,delivered,Midlands,6,10,53.10,0.52,0.00,52.58,6,154,Repeat
1580,512,2025-09-09,2025-09-01,delivered,London,3,7,24.20,0.00,3.95,28.15,7,9,Repeat
1581,512,2025-09-20,2025-09-01,delivered,London,4,8,37.90,0.78,0.00,37.12,8,11,Repeat
1582,512,2025-11-09,2025-11-01,delivered,London,1,1,2.60,0.00,3.95,6.55,9,50,Repeat
1583,512,2025-11-14,2025-11-01,delivered,London,1,4,10.40,0.00,3.95,14.35,10,5,Repeat
1585,513,2024-11-18,2024-11-01,delivered,North West,2,4,9.90,0.00,3.95,13.85,2,64,Repeat
1586,514,2024-10-09,2024-10-01,delivered,Yorkshire,6,11,59.81,0.00,0.00,59.81,1,,New
1587,514,2024-11-14,2024-11-01,delivered,Yorkshire,1,1,11.90,0.00,3.95,15.85,2,36,Repeat
1588,515,2025-10-27,2025-10-01,delivered,Yorkshire,5,6,28.50,0.57,0.00,27.93,1,,New
1589,516,2025-10-26,2025-10-01,delivered,London,1,1,2.85,0.57,3.95,6.23,1,,New
1590,516,2025-12-26,2025-12-01,delivered,London,1,1,3.80,0.00,3.95,7.75,2,61,Repeat
1591,517,2024-02-22,2024-02-01,delivered,North West,1,1,4.05,0.00,3.95,8.00,1,,New
1592,517,2025-07-20,2025-07-01,delivered,North West,3,4,26.40,0.00,0.00,26.40,2,514,Repeat
1594,519,2025-12-05,2025-12-01,delivered,South East,1,1,4.50,1.13,3.95,7.33,1,,New
1595,520,2024-10-22,2024-10-01,delivered,South East,4,6,19.57,0.94,3.95,22.58,1,,New
1596,520,2024-12-07,2024-12-01,delivered,South East,3,6,20.10,1.55,3.95,22.50,2,46,Repeat
1597,520,2024-12-24,2024-12-01,delivered,South East,2,4,20.18,0.00,3.95,24.13,3,17,Repeat
1598,520,2024-12-25,2024-12-01,delivered,South East,2,2,10.38,0.00,3.95,14.33,4,1,Repeat
1599,520,2025-02-16,2025-02-01,delivered,South East,1,1,3.30,0.00,3.95,7.25,5,53,Repeat
1600,520,2025-03-06,2025-03-01,delivered,South East,1,3,8.10,0.00,3.95,12.05,6,18,Repeat
1601,520,2025-03-19,2025-03-01,delivered,South East,4,8,32.35,4.18,0.00,28.17,7,13,Repeat
1602,520,2025-03-24,2025-03-01,delivered,South East,2,4,16.90,1.35,3.95,19.50,8,5,Repeat
1603,520,2025-05-06,2025-05-01,delivered,South East,3,3,20.15,0.00,3.95,24.10,9,43,Repeat
1604,520,2025-05-20,2025-05-01,delivered,South East,5,7,48.05,0.00,0.00,48.05,10,14,Repeat
1605,520,2025-05-23,2025-05-01,delivered,South East,1,2,5.20,0.00,3.95,9.15,11,3,Repeat
1606,520,2025-05-28,2025-05-01,delivered,South East,2,4,10.40,0.00,3.95,14.35,12,5,Repeat
1607,520,2025-07-14,2025-07-01,delivered,South East,4,6,22.80,1.09,3.95,25.66,13,47,Repeat
1608,520,2025-08-19,2025-08-01,delivered,South East,1,1,1.10,0.11,3.95,4.94,14,36,Repeat
1609,520,2025-10-31,2025-10-01,delivered,South East,4,5,15.45,1.58,3.95,17.82,15,73,Repeat
1610,520,2025-12-08,2025-12-01,delivered,South East,2,2,7.15,0.80,3.95,10.30,16,38,Repeat
1611,520,2025-12-15,2025-12-01,delivered,South East,2,2,5.90,0.80,3.95,9.05,17,7,Repeat
1612,520,2025-12-18,2025-12-01,delivered,South East,6,6,38.05,0.94,0.00,37.11,18,3,Repeat
1613,521,2025-07-12,2025-07-01,delivered,London,6,13,40.45,1.07,0.00,39.38,1,,New
1614,522,2025-10-13,2025-10-01,delivered,Midlands,3,5,13.85,0.00,3.95,17.80,1,,New
1615,523,2025-01-31,2025-01-01,delivered,Scotland,1,3,11.85,0.00,3.95,15.80,1,,New
1616,524,2025-11-30,2025-11-01,delivered,Yorkshire,2,4,17.20,0.00,3.95,21.15,1,,New
1617,525,2025-09-01,2025-09-01,delivered,Yorkshire,3,7,46.10,1.04,0.00,45.06,1,,New
1618,526,2025-09-28,2025-09-01,delivered,Scotland,2,5,14.00,0.00,3.95,17.95,1,,New
1619,527,2025-02-18,2025-02-01,delivered,Scotland,1,1,3.20,0.00,3.95,7.15,1,,New
1620,527,2025-04-10,2025-04-01,delivered,Scotland,1,1,2.80,0.00,3.95,6.75,2,51,Repeat
1621,527,2025-05-10,2025-05-01,delivered,Scotland,2,2,11.80,0.00,3.95,15.75,3,30,Repeat
1622,527,2025-09-04,2025-09-01,delivered,South East,2,3,9.00,0.52,3.95,12.43,4,117,Repeat
1623,527,2025-10-28,2025-10-01,delivered,Scotland,6,11,38.25,0.00,0.00,38.25,5,54,Repeat
1624,528,2024-11-19,2024-11-01,delivered,South East,2,2,16.61,0.00,3.95,20.56,1,,New
1625,529,2024-12-05,2024-12-01,delivered,Midlands,3,6,44.72,7.38,0.00,37.34,1,,New
1626,529,2025-02-26,2025-02-01,delivered,Midlands,4,9,19.60,0.00,3.95,23.55,2,83,Repeat
1627,529,2025-04-01,2025-04-01,delivered,Midlands,4,5,15.60,0.44,3.95,19.11,3,34,Repeat
1628,529,2025-05-24,2025-05-01,delivered,Midlands,4,8,48.00,0.00,0.00,48.00,4,53,Repeat
1629,529,2025-07-01,2025-07-01,delivered,Midlands,5,7,21.95,0.51,3.95,25.40,5,38,Repeat
1630,529,2025-08-20,2025-08-01,delivered,Midlands,2,5,15.85,0.00,3.95,19.80,6,50,Repeat
1631,529,2025-08-25,2025-08-01,delivered,Midlands,2,2,3.70,0.11,3.95,7.54,7,5,Repeat
1632,529,2025-12-26,2025-12-01,delivered,Midlands,5,9,19.85,0.00,3.95,23.80,8,123,Repeat
1633,530,2025-08-24,2025-08-01,delivered,London,4,4,19.35,0.58,3.95,22.72,1,,New
1634,530,2025-12-24,2025-12-01,delivered,London,4,7,24.15,5.36,3.95,22.74,2,122,Repeat
1635,531,2025-12-29,2025-12-01,delivered,Midlands,3,4,23.20,0.00,3.95,27.15,1,,New
1636,532,2025-12-21,2025-12-01,delivered,South East,3,4,20.10,0.00,3.95,24.05,1,,New
1637,533,2025-01-09,2025-01-01,delivered,Scotland,2,4,5.70,0.00,3.95,9.65,1,,New
1638,533,2025-01-26,2025-01-01,delivered,Scotland,4,8,27.00,0.00,0.00,27.00,2,17,Repeat
1639,533,2025-02-14,2025-02-01,delivered,Scotland,4,9,37.85,0.00,0.00,37.85,3,19,Repeat
1640,533,2025-05-20,2025-05-01,delivered,Scotland,3,4,20.75,0.00,3.95,24.70,4,95,Repeat
1641,533,2025-08-31,2025-08-01,delivered,Scotland,4,5,9.00,0.20,3.95,12.75,5,103,Repeat
1642,534,2024-10-28,2024-10-01,delivered,Scotland,3,6,36.37,2.83,0.00,33.54,1,,New
1643,535,2024-03-14,2024-03-01,delivered,London,3,3,21.62,0.00,3.95,25.57,1,,New
1644,535,2024-04-08,2024-04-01,delivered,London,2,2,5.76,0.46,3.95,9.25,2,25,Repeat
1645,536,2024-03-17,2024-03-01,delivered,South East,1,3,18.57,2.79,3.95,19.73,1,,New
1646,536,2024-10-06,2024-10-01,delivered,South East,2,3,7.52,0.00,3.95,11.47,2,203,Repeat
1647,536,2025-03-10,2025-03-01,delivered,South East,4,5,32.70,0.00,0.00,32.70,3,155,Repeat
1648,536,2025-04-29,2025-04-01,delivered,South East,5,6,23.35,0.00,3.95,27.30,4,50,Repeat
1649,537,2024-02-08,2024-02-01,delivered,Yorkshire,2,3,6.10,0.00,3.95,10.05,1,,New
1650,537,2024-02-24,2024-02-01,delivered,Yorkshire,5,9,28.73,0.00,0.00,28.73,2,16,Repeat
1651,537,2024-06-18,2024-06-01,delivered,Yorkshire,2,4,4.47,0.45,3.95,7.97,3,115,Repeat
1652,537,2024-11-03,2024-11-01,delivered,Yorkshire,1,1,2.48,0.00,3.95,6.43,4,138,Repeat
1653,537,2025-06-08,2025-06-01,delivered,Yorkshire,2,6,12.60,0.00,3.95,16.55,5,217,Repeat
1654,537,2025-07-22,2025-07-01,delivered,Yorkshire,4,8,25.70,1.03,3.95,28.62,6,44,Repeat
1655,537,2025-09-19,2025-09-01,delivered,Yorkshire,4,8,21.55,0.78,3.95,24.72,7,59,Repeat
1656,537,2025-10-02,2025-10-01,delivered,Yorkshire,5,5,28.25,0.00,0.00,28.25,8,13,Repeat
1657,537,2025-10-21,2025-10-01,delivered,Yorkshire,1,2,9.90,0.00,3.95,13.85,9,19,Repeat
1658,537,2025-11-01,2025-11-01,delivered,Yorkshire,3,4,19.65,0.00,3.95,23.60,10,11,Repeat
1659,537,2025-12-24,2025-12-01,delivered,Yorkshire,4,9,34.20,0.95,0.00,33.25,11,53,Repeat
1660,538,2024-09-12,2024-09-01,delivered,Scotland,1,1,2.48,0.00,3.95,6.43,1,,New
1661,539,2025-08-14,2025-08-01,delivered,Yorkshire,2,4,14.70,0.00,3.95,18.65,1,,New
1662,539,2025-12-08,2025-12-01,delivered,Yorkshire,1,2,6.40,1.60,3.95,8.75,2,116,Repeat
1663,540,2025-12-26,2025-12-01,delivered,Yorkshire,1,1,3.20,0.00,3.95,7.15,1,,New
1664,540,2025-12-30,2025-12-01,delivered,Yorkshire,1,3,9.30,0.00,3.95,13.25,2,4,Repeat
1665,541,2025-11-16,2025-11-01,delivered,South East,2,4,11.80,0.00,3.95,15.75,1,,New
1666,541,2025-12-08,2025-12-01,delivered,South East,3,3,46.40,0.00,0.00,46.40,2,22,Repeat
1667,542,2025-04-07,2025-04-01,delivered,South East,1,2,9.00,0.00,3.95,12.95,1,,New
1669,542,2025-06-24,2025-06-01,delivered,South East,3,7,22.30,1.11,3.95,25.15,3,74,Repeat
1670,543,2025-12-05,2025-12-01,delivered,South East,3,4,27.10,2.79,3.95,28.26,1,,New
1671,544,2025-03-08,2025-03-01,delivered,North West,2,2,16.10,0.00,3.95,20.05,1,,New
1672,545,2024-04-07,2024-04-01,delivered,Scotland,2,6,23.26,3.49,3.95,23.72,1,,New
1673,545,2025-12-10,2025-12-01,delivered,Scotland,3,5,16.60,3.16,3.95,17.39,2,612,Repeat
1674,546,2024-08-31,2024-08-01,delivered,South East,3,6,20.76,0.77,3.95,23.94,1,,New
1675,547,2024-07-23,2024-07-01,delivered,South East,4,8,35.19,0.00,0.00,35.19,1,,New
1676,547,2024-09-10,2024-09-01,delivered,South East,4,7,28.42,0.25,0.00,28.17,2,49,Repeat
1677,547,2024-12-25,2024-12-01,delivered,South East,3,4,37.14,0.00,0.00,37.14,3,106,Repeat
1678,547,2025-04-13,2025-04-01,delivered,South East,2,5,8.40,0.00,3.95,12.35,4,109,Repeat
1679,547,2025-08-08,2025-08-01,delivered,South East,1,3,2.85,0.00,3.95,6.80,5,117,Repeat
1680,547,2025-10-28,2025-10-01,delivered,South East,2,2,16.10,0.00,3.95,20.05,6,81,Repeat
1681,547,2025-11-07,2025-11-01,delivered,South East,4,6,11.55,0.00,3.95,15.50,7,10,Repeat
1682,547,2025-12-10,2025-12-01,delivered,South East,4,6,17.95,3.18,3.95,18.73,8,33,Repeat
1683,548,2025-03-02,2025-03-01,delivered,London,3,3,6.30,0.00,3.95,10.25,1,,New
1684,549,2025-03-19,2025-03-01,delivered,Midlands,4,6,16.60,0.00,3.95,20.55,1,,New
1685,549,2025-12-23,2025-12-01,delivered,Midlands,1,1,8.40,0.00,3.95,12.35,2,279,Repeat
1686,550,2024-08-14,2024-08-01,delivered,Midlands,2,5,14.80,0.00,3.95,18.75,1,,New
1687,550,2024-10-30,2024-10-01,delivered,Midlands,4,7,16.27,1.26,3.95,18.96,2,77,Repeat
1688,550,2024-11-26,2024-11-01,delivered,Midlands,3,4,18.95,0.00,3.95,22.90,3,27,Repeat
1689,550,2024-12-02,2024-12-01,delivered,Midlands,3,5,16.91,3.66,3.95,17.21,4,6,Repeat
1690,550,2024-12-10,2024-12-01,delivered,Midlands,2,7,33.92,6.62,0.00,27.30,5,8,Repeat
1691,550,2025-02-17,2025-02-01,delivered,Midlands,3,3,31.25,0.00,0.00,31.25,6,69,Repeat
1692,550,2025-04-11,2025-04-01,delivered,Midlands,6,9,60.55,0.00,0.00,60.55,7,53,Repeat
1693,550,2025-09-05,2025-09-01,delivered,Midlands,5,8,49.95,1.11,0.00,48.84,8,147,Repeat
1694,550,2025-09-13,2025-09-01,delivered,Midlands,5,9,22.55,0.00,3.95,26.50,9,8,Repeat
1695,550,2025-10-07,2025-10-01,delivered,Midlands,3,3,24.50,0.00,3.95,28.45,10,24,Repeat
1696,550,2025-12-27,2025-12-01,delivered,Midlands,3,7,32.95,0.00,0.00,32.95,11,81,Repeat
1697,551,2025-03-10,2025-03-01,delivered,South East,2,5,15.05,0.00,3.95,19.00,1,,New
1698,551,2025-10-01,2025-10-01,delivered,South East,5,6,24.85,0.00,3.95,28.80,2,205,Repeat
1699,552,2025-08-08,2025-08-01,delivered,Scotland,3,6,18.20,0.99,3.95,21.16,1,,New
1700,553,2024-02-17,2024-02-01,delivered,South East,2,2,11.14,0.00,3.95,15.09,1,,New
1701,553,2024-06-27,2024-06-01,delivered,South East,2,3,4.76,0.23,3.95,8.48,2,131,Repeat
1702,553,2024-07-14,2024-07-01,delivered,South East,3,4,12.00,0.63,3.95,15.32,3,17,Repeat
1703,553,2024-11-13,2024-11-01,delivered,South East,3,3,7.34,0.00,3.95,11.29,4,122,Repeat
1704,553,2024-12-04,2024-12-01,delivered,South East,1,2,4.96,0.00,3.95,8.91,5,21,Repeat
1705,553,2025-02-10,2025-02-01,delivered,South East,2,2,20.00,0.98,3.95,22.98,6,68,Repeat
1706,553,2025-03-24,2025-03-01,delivered,South East,1,4,4.40,0.00,3.95,8.35,7,42,Repeat
1707,553,2025-04-11,2025-04-01,delivered,South East,1,1,2.60,0.00,3.95,6.55,8,18,Repeat
1708,554,2025-10-05,2025-10-01,delivered,London,1,2,2.20,0.00,3.95,6.15,1,,New
1709,555,2025-12-28,2025-12-01,delivered,Midlands,1,1,2.60,0.00,3.95,6.55,1,,New
1710,556,2024-12-08,2024-12-01,delivered,North West,3,4,17.34,3.10,3.95,18.20,1,,New
1711,556,2025-07-01,2025-07-01,delivered,North West,3,6,16.95,0.00,3.95,20.90,2,205,Repeat
1712,556,2025-12-16,2025-12-01,delivered,North West,2,2,22.45,0.00,3.95,26.40,3,168,Repeat
1713,557,2024-09-16,2024-09-01,delivered,North West,1,2,2.28,0.00,3.95,6.23,1,,New
1714,557,2024-10-20,2024-10-01,delivered,North West,1,2,2.28,0.00,3.95,6.23,2,34,Repeat
1715,557,2024-12-29,2024-12-01,delivered,North West,4,7,27.72,0.00,0.00,27.72,3,70,Repeat
1716,557,2025-03-03,2025-03-01,delivered,North West,4,6,16.25,0.00,3.95,20.20,4,64,Repeat
1717,557,2025-07-23,2025-07-01,delivered,North West,1,2,2.20,0.22,3.95,5.93,5,142,Repeat
1718,557,2025-12-28,2025-12-01,delivered,North West,2,2,8.05,0.00,3.95,12.00,6,158,Repeat
1719,558,2025-11-06,2025-11-01,delivered,London,1,1,4.25,0.00,3.95,8.20,1,,New
1720,559,2024-01-02,2024-01-01,delivered,Scotland,2,3,15.19,0.00,3.95,19.14,1,,New
1721,559,2024-02-23,2024-02-01,delivered,London,4,8,41.86,0.00,0.00,41.86,2,52,Repeat
1722,559,2024-04-23,2024-04-01,delivered,London,3,8,16.29,0.00,3.95,20.24,3,60,Repeat
1723,559,2024-05-22,2024-05-01,delivered,London,2,2,5.33,0.00,3.95,9.28,4,29,Repeat
1724,559,2024-10-24,2024-10-01,delivered,London,4,6,15.09,1.88,3.95,17.16,5,155,Repeat
1725,559,2024-10-27,2024-10-01,delivered,Scotland,1,2,2.28,0.00,3.95,6.23,6,3,Repeat
1726,559,2024-11-24,2024-11-01,delivered,London,1,1,17.10,0.00,3.95,21.05,7,28,Repeat
1727,559,2024-11-28,2024-11-01,delivered,London,4,6,26.94,0.00,0.00,26.94,8,4,Repeat
1728,559,2025-01-23,2025-01-01,delivered,London,2,2,6.85,0.00,3.95,10.80,9,56,Repeat
1729,559,2025-02-01,2025-02-01,delivered,London,5,11,28.05,0.00,0.00,28.05,10,9,Repeat
1730,559,2025-02-16,2025-02-01,delivered,London,1,2,5.40,0.00,3.95,9.35,11,15,Repeat
1731,559,2025-03-21,2025-03-01,delivered,London,2,2,8.90,0.98,3.95,11.88,12,33,Repeat
1732,559,2025-04-19,2025-04-01,delivered,Scotland,3,5,22.25,0.00,3.95,26.20,13,29,Repeat
1733,559,2025-05-16,2025-05-01,delivered,London,2,5,11.75,0.00,3.95,15.70,14,27,Repeat
1734,559,2025-06-28,2025-06-01,delivered,London,5,6,24.45,0.00,3.95,28.40,15,43,Repeat
1735,559,2025-07-27,2025-07-01,delivered,London,3,7,35.50,0.00,0.00,35.50,16,29,Repeat
1736,559,2025-08-07,2025-08-01,delivered,London,1,2,5.80,0.00,3.95,9.75,17,11,Repeat
1737,559,2025-08-10,2025-08-01,delivered,London,4,8,14.55,0.32,3.95,18.18,18,3,Repeat
1738,559,2025-08-10,2025-08-01,delivered,London,2,5,10.40,0.00,3.95,14.35,19,0,Repeat
1739,559,2025-09-08,2025-09-01,delivered,London,1,3,7.80,0.00,3.95,11.75,20,29,Repeat
1740,559,2025-09-13,2025-09-01,delivered,London,6,10,20.45,0.26,3.95,24.14,21,5,Repeat
1741,559,2025-09-19,2025-09-01,delivered,Scotland,4,6,16.15,0.56,3.95,19.55,22,6,Repeat
1742,559,2025-09-27,2025-09-01,delivered,London,4,5,8.30,0.00,3.95,12.25,23,8,Repeat
1743,559,2025-10-26,2025-10-01,delivered,London,3,3,8.25,0.57,3.95,11.63,24,29,Repeat
1744,560,2024-10-08,2024-10-01,delivered,Scotland,3,9,30.01,0.00,0.00,30.01,1,,New
1745,560,2024-11-05,2024-11-01,delivered,Scotland,3,6,24.56,0.00,3.95,28.51,2,28,Repeat
1746,560,2025-02-07,2025-02-01,delivered,Scotland,3,7,22.80,0.00,3.95,26.75,3,94,Repeat
1747,560,2025-03-16,2025-03-01,delivered,Scotland,2,3,17.25,0.00,3.95,21.20,4,37,Repeat
1748,560,2025-07-19,2025-07-01,delivered,Scotland,2,3,43.40,0.00,0.00,43.40,5,125,Repeat
1749,560,2025-09-18,2025-09-01,delivered,Scotland,2,2,11.00,0.00,3.95,14.95,6,61,Repeat
1750,561,2025-08-01,2025-08-01,delivered,Midlands,4,10,48.25,0.00,0.00,48.25,1,,New
1751,562,2025-10-28,2025-10-01,delivered,South East,1,1,2.70,0.54,3.95,6.11,1,,New
1752,563,2025-07-22,2025-07-01,delivered,Midlands,2,5,17.35,0.00,3.95,21.30,1,,New
1753,564,2024-03-10,2024-03-01,delivered,North West,1,1,4.29,0.00,3.95,8.24,1,,New
1754,564,2024-04-03,2024-04-01,delivered,North West,3,4,12.04,0.46,3.95,15.53,2,24,Repeat
1755,564,2024-04-08,2024-04-01,delivered,North West,1,2,8.58,1.29,3.95,11.24,3,5,Repeat
1756,564,2024-04-09,2024-04-01,delivered,North West,3,4,18.01,0.64,3.95,21.32,4,1,Repeat
1757,564,2024-08-18,2024-08-01,delivered,North West,4,7,23.73,0.00,3.95,27.68,5,131,Repeat
1758,564,2025-05-03,2025-05-01,delivered,North West,1,1,17.95,0.00,3.95,21.90,6,258,Repeat
1759,564,2025-07-22,2025-07-01,delivered,North West,5,5,28.00,0.00,0.00,28.00,7,80,Repeat
1760,564,2025-08-21,2025-08-01,delivered,North West,1,1,4.25,0.00,3.95,8.20,8,30,Repeat
1761,564,2025-11-21,2025-11-01,delivered,North West,2,3,11.20,0.00,3.95,15.15,9,92,Repeat
1762,564,2025-12-19,2025-12-01,delivered,North West,2,3,12.15,0.00,3.95,16.10,10,28,Repeat
1763,564,2025-12-31,2025-12-01,delivered,North West,1,2,10.50,0.00,3.95,14.45,11,12,Repeat
1764,565,2025-10-04,2025-10-01,delivered,Midlands,3,6,40.65,0.00,0.00,40.65,1,,New
1765,566,2025-08-11,2025-08-01,delivered,London,1,2,6.60,0.66,3.95,9.89,1,,New
1766,567,2024-08-04,2024-08-01,delivered,North West,1,1,2.48,0.00,3.95,6.43,1,,New
1768,567,2024-12-28,2024-12-01,delivered,North West,1,1,8.76,0.00,3.95,12.71,3,13,Repeat
1769,567,2025-01-22,2025-01-01,delivered,North West,2,3,10.30,0.00,3.95,14.25,4,25,Repeat
1770,567,2025-03-03,2025-03-01,delivered,Scotland,3,4,14.00,0.00,3.95,17.95,5,40,Repeat
1771,567,2025-03-04,2025-03-01,delivered,North West,2,3,9.95,0.00,3.95,13.90,6,1,Repeat
1772,567,2025-06-05,2025-06-01,delivered,North West,4,9,27.70,0.00,0.00,27.70,7,93,Repeat
1773,567,2025-07-31,2025-07-01,delivered,North West,3,8,29.60,1.16,0.00,28.44,8,56,Repeat
1774,567,2025-08-18,2025-08-01,delivered,North West,1,1,3.80,0.00,3.95,7.75,9,18,Repeat
1775,568,2025-04-09,2025-04-01,delivered,Yorkshire,2,2,12.40,0.48,3.95,15.87,1,,New
1776,569,2025-08-26,2025-08-01,delivered,North West,3,4,17.50,0.33,3.95,21.12,1,,New
1777,570,2024-12-03,2024-12-01,delivered,Midlands,4,9,42.02,2.15,0.00,39.88,1,,New
1778,570,2025-10-29,2025-10-01,delivered,Midlands,2,4,19.40,0.00,3.95,23.35,2,330,Repeat
1779,571,2025-03-21,2025-03-01,delivered,North West,4,5,29.45,0.56,0.00,28.89,1,,New
1780,571,2025-04-25,2025-04-01,delivered,North West,4,7,23.35,0.00,3.95,27.30,2,35,Repeat
1781,571,2025-11-06,2025-11-01,delivered,North West,1,1,6.95,0.00,3.95,10.90,3,195,Repeat
1782,572,2024-10-14,2024-10-01,delivered,Yorkshire,2,2,26.14,0.00,0.00,26.14,1,,New
1783,572,2025-04-25,2025-04-01,delivered,Yorkshire,2,5,13.95,0.00,3.95,17.90,2,193,Repeat
1784,573,2024-02-04,2024-02-01,delivered,London,2,3,8.10,0.00,3.95,12.05,1,,New
1785,573,2024-02-11,2024-02-01,delivered,London,3,4,14.29,0.93,3.95,17.31,2,7,Repeat
1786,573,2024-04-14,2024-04-01,delivered,London,1,1,2.29,0.00,3.95,6.24,3,63,Repeat
1787,573,2025-01-28,2025-01-01,delivered,London,3,6,29.20,0.00,0.00,29.20,4,289,Repeat
1788,573,2025-03-06,2025-03-01,delivered,London,2,2,13.70,0.00,3.95,17.65,5,37,Repeat
1789,573,2025-06-17,2025-06-01,delivered,London,5,8,38.80,0.00,0.00,38.80,6,103,Repeat
1790,573,2025-09-08,2025-09-01,delivered,London,3,4,24.55,0.52,3.95,27.98,7,83,Repeat
1791,574,2024-11-24,2024-11-01,delivered,Midlands,1,1,2.48,0.00,3.95,6.43,1,,New
1792,575,2024-02-15,2024-02-01,delivered,London,3,5,14.01,0.00,3.95,17.96,1,,New
1793,575,2024-03-12,2024-03-01,delivered,London,2,3,10.15,0.00,3.95,14.10,2,26,Repeat
1794,575,2024-05-04,2024-05-01,delivered,London,3,6,23.61,0.00,3.95,27.56,3,53,Repeat
1795,575,2024-05-29,2024-05-01,delivered,London,1,3,12.15,0.00,3.95,16.10,4,25,Repeat
1796,575,2024-12-10,2024-12-01,delivered,London,1,1,4.52,0.00,3.95,8.47,5,195,Repeat
1797,575,2025-03-27,2025-03-01,delivered,London,4,6,21.85,0.00,3.95,25.80,6,107,Repeat
1798,575,2025-11-15,2025-11-01,delivered,Scotland,2,6,9.00,0.00,3.95,12.95,7,233,Repeat
1800,576,2024-09-08,2024-09-01,delivered,Midlands,2,6,15.90,1.05,3.95,18.80,2,151,Repeat
1801,576,2024-11-06,2024-11-01,delivered,Midlands,1,1,3.62,0.00,3.95,7.57,3,59,Repeat
1802,576,2024-12-07,2024-12-01,delivered,Midlands,3,4,29.29,0.00,0.00,29.29,4,31,Repeat
1803,576,2025-03-21,2025-03-01,delivered,Midlands,2,5,24.30,1.92,3.95,26.33,5,104,Repeat
1804,576,2025-10-07,2025-10-01,delivered,Midlands,3,3,22.25,0.00,3.95,26.20,6,200,Repeat
1805,576,2025-12-01,2025-12-01,delivered,Midlands,2,3,5.30,0.00,3.95,9.25,7,55,Repeat
1806,577,2024-11-24,2024-11-01,delivered,London,1,1,2.57,0.00,3.95,6.52,1,,New
1807,577,2024-12-29,2024-12-01,delivered,London,2,3,23.77,0.00,3.95,27.72,2,35,Repeat
1808,577,2025-03-23,2025-03-01,delivered,London,2,6,15.20,0.00,3.95,19.15,3,84,Repeat
1809,577,2025-09-04,2025-09-01,delivered,London,2,5,13.65,1.37,3.95,16.24,4,165,Repeat
1810,577,2025-10-27,2025-10-01,delivered,London,2,3,8.75,0.00,3.95,12.70,5,53,Repeat
1811,577,2025-12-28,2025-12-01,delivered,London,2,2,33.90,0.00,0.00,33.90,6,62,Repeat
1812,578,2024-04-11,2024-04-01,delivered,North West,2,5,15.33,0.00,3.95,19.28,1,,New
1813,578,2024-04-17,2024-04-01,delivered,North West,5,5,38.34,0.00,0.00,38.34,2,6,Repeat
1814,579,2024-07-03,2024-07-01,delivered,London,1,1,3.76,0.00,3.95,7.71,1,,New
1815,579,2024-07-24,2024-07-01,delivered,London,1,2,5.14,0.51,3.95,8.58,2,21,Repeat
1816,579,2024-11-23,2024-11-01,delivered,London,3,4,12.24,0.00,3.95,16.19,3,122,Repeat
1817,579,2024-12-08,2024-12-01,delivered,London,4,6,44.57,1.01,0.00,43.56,4,15,Repeat
1818,579,2025-09-15,2025-09-01,delivered,London,3,9,29.00,0.00,0.00,29.00,5,281,Repeat
1819,579,2025-10-22,2025-10-01,delivered,London,1,1,2.60,0.00,3.95,6.55,6,37,Repeat
1820,579,2025-12-04,2025-12-01,delivered,London,2,4,11.60,0.95,3.95,14.60,7,43,Repeat
1821,579,2025-12-22,2025-12-01,delivered,London,3,4,8.35,0.00,3.95,12.30,8,18,Repeat
1822,580,2025-08-29,2025-08-01,delivered,Yorkshire,3,3,12.25,0.00,3.95,16.20,1,,New
1823,581,2024-10-29,2024-10-01,delivered,South East,4,8,34.66,1.43,0.00,33.23,1,,New
1824,582,2025-12-12,2025-12-01,delivered,London,6,8,37.10,2.66,0.00,34.44,1,,New
1825,583,2024-01-24,2024-01-01,delivered,London,1,2,5.90,0.00,3.95,9.85,1,,New
1826,583,2024-02-19,2024-02-01,delivered,London,2,3,13.33,0.00,3.95,17.28,2,26,Repeat
1827,583,2024-09-10,2024-09-01,delivered,London,4,4,10.34,0.25,3.95,14.04,3,204,Repeat
1828,583,2024-09-14,2024-09-01,delivered,London,4,4,25.34,0.00,0.00,25.34,4,4,Repeat
1829,583,2024-10-29,2024-10-01,delivered,London,1,1,8.00,0.00,3.95,11.95,5,45,Repeat
1830,583,2024-11-04,2024-11-01,delivered,London,1,1,4.05,0.00,3.95,8.00,6,6,Repeat
1831,583,2024-11-07,2024-11-01,delivered,London,3,4,28.28,0.00,0.00,28.28,7,3,Repeat
1832,583,2025-02-11,2025-02-01,delivered,London,1,1,14.95,0.00,3.95,18.90,8,96,Repeat
1833,583,2025-05-05,2025-05-01,delivered,London,2,2,22.20,0.00,3.95,26.15,9,83,Repeat
1834,583,2025-06-30,2025-06-01,delivered,London,2,2,7.10,0.29,3.95,10.77,10,56,Repeat
1835,583,2025-09-29,2025-09-01,delivered,London,2,2,9.10,0.00,3.95,13.05,11,91,Repeat
1836,583,2025-11-14,2025-11-01,delivered,London,2,3,15.45,0.00,3.95,19.40,12,46,Repeat
1837,584,2025-09-10,2025-09-01,delivered,North West,2,3,25.60,0.26,0.00,25.34,1,,New
1838,585,2024-01-07,2024-01-01,delivered,Scotland,4,9,25.78,0.00,0.00,25.78,1,,New
1839,585,2024-01-15,2024-01-01,delivered,Scotland,1,2,4.96,0.00,3.95,8.91,2,8,Repeat
1840,585,2024-02-03,2024-02-01,delivered,Scotland,1,1,2.48,0.00,3.95,6.43,3,19,Repeat
1841,585,2024-03-01,2024-03-01,delivered,Scotland,1,2,6.10,0.00,3.95,10.05,4,27,Repeat
1842,585,2024-04-11,2024-04-01,delivered,Scotland,3,6,18.24,0.00,3.95,22.19,5,41,Repeat
1843,585,2024-05-12,2024-05-01,delivered,Scotland,5,9,39.75,0.00,0.00,39.75,6,31,Repeat
1844,585,2024-06-23,2024-06-01,delivered,Scotland,2,4,22.76,0.00,3.95,26.71,7,42,Repeat
1845,585,2024-07-21,2024-07-01,delivered,Scotland,3,3,4.80,0.11,3.95,8.64,8,28,Repeat
1846,585,2024-12-05,2024-12-01,delivered,Scotland,6,8,37.58,7.77,0.00,29.82,9,137,Repeat
1847,585,2024-12-17,2024-12-01,delivered,Scotland,2,3,9.18,0.00,3.95,13.13,10,12,Repeat
1848,585,2025-01-01,2025-01-01,delivered,Scotland,3,4,11.05,0.00,3.95,15.00,11,15,Repeat
1849,585,2025-01-01,2025-01-01,delivered,Scotland,3,5,15.75,0.00,3.95,19.70,12,0,Repeat
1850,585,2025-01-07,2025-01-01,delivered,Scotland,3,9,26.20,0.00,0.00,26.20,13,6,Repeat
1851,585,2025-02-12,2025-02-01,delivered,Scotland,1,1,15.95,0.00,3.95,19.90,14,36,Repeat
1852,585,2025-03-31,2025-03-01,delivered,Scotland,5,10,39.05,0.00,0.00,39.05,15,47,Repeat
1854,585,2025-04-11,2025-04-01,delivered,Scotland,2,4,12.60,0.00,3.95,16.55,17,0,Repeat
1855,585,2025-05-04,2025-05-01,delivered,Scotland,3,6,51.85,0.00,0.00,51.85,18,23,Repeat
1856,585,2025-06-21,2025-06-01,delivered,Scotland,6,9,27.70,1.24,0.00,26.46,19,48,Repeat
1857,585,2025-07-17,2025-07-01,delivered,Scotland,1,1,4.25,0.00,3.95,8.20,20,26,Repeat
1858,585,2025-07-23,2025-07-01,delivered,Scotland,2,2,4.95,0.10,3.95,8.80,21,6,Repeat
1859,585,2025-08-28,2025-08-01,delivered,Scotland,2,5,27.00,0.10,0.00,26.90,22,36,Repeat
1860,585,2025-09-11,2025-09-01,delivered,Scotland,6,9,32.10,1.17,0.00,30.93,23,14,Repeat
1861,585,2025-09-30,2025-09-01,delivered,Scotland,1,1,3.75,0.00,3.95,7.70,24,19,Repeat
1862,585,2025-10-11,2025-10-01,delivered,Scotland,5,7,46.60,0.00,0.00,46.60,25,11,Repeat
1863,585,2025-11-09,2025-11-01,delivered,Scotland,3,6,7.70,0.00,3.95,11.65,26,29,Repeat
1864,586,2025-10-26,2025-10-01,delivered,Yorkshire,6,15,47.55,2.28,0.00,45.27,1,,New
1865,586,2025-12-05,2025-12-01,delivered,Yorkshire,6,13,54.35,6.45,0.00,47.90,2,40,Repeat
1866,587,2024-12-20,2024-12-01,delivered,London,2,3,15.95,3.31,3.95,16.59,1,,New
1867,587,2025-12-11,2025-12-01,delivered,London,4,6,27.70,1.19,0.00,26.51,2,356,Repeat
1868,588,2024-03-01,2024-03-01,delivered,Scotland,2,2,5.62,0.00,3.95,9.57,1,,New
1869,588,2024-03-03,2024-03-01,delivered,Scotland,2,4,15.58,0.00,3.95,19.53,2,2,Repeat
1870,588,2024-05-08,2024-05-01,delivered,Scotland,3,3,11.71,0.00,3.95,15.66,3,66,Repeat
1871,588,2024-07-16,2024-07-01,delivered,Scotland,3,5,9.27,0.66,3.95,12.56,4,69,Repeat
1872,588,2024-07-23,2024-07-01,delivered,Scotland,3,5,18.72,0.46,3.95,22.21,5,7,Repeat
1873,588,2024-08-25,2024-08-01,delivered,Scotland,2,4,11.72,0.26,3.95,15.41,6,33,Repeat
1874,588,2024-09-23,2024-09-01,delivered,Scotland,1,1,3.05,0.00,3.95,7.00,7,29,Repeat
1876,588,2025-04-19,2025-04-01,delivered,Scotland,2,2,8.45,0.00,3.95,12.40,9,175,Repeat
1877,588,2025-06-16,2025-06-01,delivered,Scotland,3,4,9.30,0.67,3.95,12.58,10,58,Repeat
1878,588,2025-07-29,2025-07-01,delivered,Scotland,2,5,13.20,0.54,3.95,16.61,11,43,Repeat
1879,588,2025-08-09,2025-08-01,delivered,Scotland,4,5,14.15,0.22,3.95,17.88,12,11,Repeat
1880,588,2025-08-25,2025-08-01,delivered,Scotland,5,8,34.25,0.10,0.00,34.15,13,16,Repeat
1881,588,2025-08-29,2025-08-01,delivered,Scotland,2,3,8.00,0.00,3.95,11.95,14,4,Repeat
1882,588,2025-09-25,2025-09-01,delivered,Scotland,1,2,5.40,0.00,3.95,9.35,15,27,Repeat
1883,588,2025-11-12,2025-11-01,delivered,Scotland,2,4,21.35,0.00,3.95,25.30,16,48,Repeat
1884,588,2025-11-16,2025-11-01,delivered,Scotland,2,3,10.60,0.00,3.95,14.55,17,4,Repeat
1885,588,2025-12-04,2025-12-01,delivered,Scotland,1,1,3.75,0.94,3.95,6.76,18,18,Repeat
1886,589,2025-04-15,2025-04-01,delivered,North West,4,8,26.65,0.00,0.00,26.65,1,,New
1887,590,2025-12-02,2025-12-01,delivered,Midlands,5,7,33.95,0.00,0.00,33.95,1,,New
1888,591,2025-11-22,2025-11-01,delivered,Midlands,3,6,17.25,0.00,3.95,21.20,1,,New
1889,592,2024-10-17,2024-10-01,delivered,Yorkshire,2,2,5.09,0.48,3.95,8.56,1,,New
1890,592,2025-08-29,2025-08-01,delivered,Yorkshire,3,3,8.85,0.27,3.95,12.53,2,316,Repeat
1891,593,2024-01-13,2024-01-01,delivered,London,2,5,13.68,0.00,3.95,17.63,1,,New
1892,593,2024-01-26,2024-01-01,delivered,London,3,4,10.39,0.00,3.95,14.34,2,13,Repeat
1893,593,2024-06-13,2024-06-01,delivered,London,3,5,15.58,0.00,3.95,19.53,3,139,Repeat
1894,593,2024-08-13,2024-08-01,delivered,London,4,8,28.17,0.00,0.00,28.17,4,61,Repeat
1895,593,2024-10-22,2024-10-01,delivered,London,2,3,15.61,1.88,3.95,17.68,5,70,Repeat
1896,593,2024-10-31,2024-10-01,delivered,London,3,5,17.52,1.88,3.95,19.59,6,9,Repeat
1897,593,2024-12-11,2024-12-01,delivered,London,4,6,36.14,3.31,0.00,32.83,7,41,Repeat
1898,593,2024-12-12,2024-12-01,delivered,London,2,4,19.72,3.31,3.95,20.36,8,1,Repeat
1899,593,2024-12-27,2024-12-01,delivered,London,1,3,19.86,0.00,3.95,23.81,9,15,Repeat
1900,593,2025-02-13,2025-02-01,delivered,London,2,4,23.75,0.00,3.95,27.70,10,48,Repeat
1902,593,2025-07-14,2025-07-01,delivered,London,3,3,17.05,0.21,3.95,20.79,12,84,Repeat
1903,593,2025-08-31,2025-08-01,delivered,London,1,1,3.10,0.00,3.95,7.05,13,48,Repeat
1907,594,2025-07-26,2025-07-01,delivered,South East,2,5,12.35,1.14,3.95,15.16,1,,New
1908,595,2024-12-11,2024-12-01,delivered,Yorkshire,2,5,20.21,5.05,3.95,19.11,1,,New
1909,595,2025-04-10,2025-04-01,delivered,Yorkshire,2,2,15.90,0.00,3.95,19.85,2,120,Repeat
1910,595,2025-05-16,2025-05-01,delivered,Yorkshire,4,4,32.80,0.00,0.00,32.80,3,36,Repeat
1911,595,2025-06-28,2025-06-01,delivered,Yorkshire,2,3,17.50,0.00,3.95,21.45,4,43,Repeat
1912,595,2025-07-27,2025-07-01,delivered,Yorkshire,3,7,12.30,1.11,3.95,15.14,5,29,Repeat
1913,595,2025-10-29,2025-10-01,delivered,Yorkshire,2,4,13.80,0.00,3.95,17.75,6,94,Repeat
1914,596,2024-05-15,2024-05-01,delivered,London,4,5,18.00,0.00,3.95,21.95,1,,New
1916,596,2025-05-20,2025-05-01,delivered,London,2,4,12.05,0.00,3.95,16.00,3,89,Repeat
1917,596,2025-06-02,2025-06-01,delivered,London,1,2,5.20,0.00,3.95,9.15,4,13,Repeat
1918,596,2025-11-21,2025-11-01,delivered,London,3,4,13.25,0.00,3.95,17.20,5,172,Repeat
1919,597,2024-05-26,2024-05-01,delivered,London,6,9,49.01,0.00,0.00,49.01,1,,New
1920,597,2025-09-13,2025-09-01,delivered,London,4,6,17.65,1.08,3.95,20.53,2,475,Repeat
1921,598,2024-06-03,2024-06-01,delivered,South East,4,5,32.23,0.00,0.00,32.23,1,,New
1922,599,2024-04-06,2024-04-01,delivered,South East,5,10,48.53,3.71,0.00,44.82,1,,New
1923,599,2024-05-01,2024-05-01,delivered,South East,1,2,5.14,0.00,3.95,9.09,2,25,Repeat
1924,599,2024-06-12,2024-06-01,delivered,South East,2,4,11.61,0.00,3.95,15.56,3,42,Repeat
1925,599,2024-06-23,2024-06-01,delivered,South East,3,5,33.77,0.00,0.00,33.77,4,11,Repeat
1926,599,2024-08-07,2024-08-01,delivered,South East,4,8,28.86,0.00,0.00,28.86,5,45,Repeat
1927,599,2024-08-10,2024-08-01,delivered,South East,3,3,9.48,0.00,3.95,13.43,6,3,Repeat
1928,599,2024-08-13,2024-08-01,delivered,South East,5,7,23.70,0.24,3.95,27.41,7,3,Repeat
1929,599,2024-11-12,2024-11-01,delivered,South East,2,3,14.86,0.00,3.95,18.81,8,91,Repeat
1930,599,2024-12-09,2024-12-01,delivered,South East,1,4,20.00,0.00,3.95,23.95,9,27,Repeat
1931,599,2024-12-12,2024-12-01,delivered,South East,1,1,3.05,0.76,3.95,6.24,10,3,Repeat
1932,599,2024-12-19,2024-12-01,delivered,South East,2,2,8.95,1.55,3.95,11.35,11,7,Repeat
1933,599,2025-03-07,2025-03-01,delivered,South East,3,6,19.40,0.00,3.95,23.35,12,78,Repeat
1934,599,2025-03-23,2025-03-01,delivered,South East,3,5,24.50,2.42,3.95,26.04,13,16,Repeat
1935,599,2025-04-16,2025-04-01,delivered,South East,1,2,5.80,0.00,3.95,9.75,14,24,Repeat
1936,599,2025-04-17,2025-04-01,delivered,South East,2,5,16.90,0.00,3.95,20.85,15,1,Repeat
1937,599,2025-05-17,2025-05-01,delivered,South East,6,7,26.90,0.00,0.00,26.90,16,30,Repeat
1938,599,2025-05-26,2025-05-01,delivered,South East,3,3,21.30,0.00,3.95,25.25,17,9,Repeat
1939,599,2025-06-09,2025-06-01,delivered,South East,2,2,4.15,0.00,3.95,8.10,18,14,Repeat
1940,599,2025-07-23,2025-07-01,delivered,South East,1,1,3.20,0.00,3.95,7.15,19,44,Repeat
1941,599,2025-08-13,2025-08-01,delivered,South East,2,2,5.60,0.11,3.95,9.44,20,21,Repeat
1942,599,2025-09-04,2025-09-01,delivered,South East,3,4,7.50,0.00,3.95,11.45,21,22,Repeat
1943,599,2025-10-19,2025-10-01,delivered,South East,1,1,2.70,0.54,3.95,6.11,22,45,Repeat
1944,599,2025-11-02,2025-11-01,delivered,South East,1,1,4.25,0.00,3.95,8.20,23,14,Repeat
1945,599,2025-12-01,2025-12-01,delivered,South East,6,11,50.30,4.50,0.00,45.80,24,29,Repeat
1946,599,2025-12-21,2025-12-01,delivered,South East,1,1,15.95,0.00,3.95,19.90,25,20,Repeat
1947,600,2024-12-21,2024-12-01,delivered,Scotland,3,5,26.52,0.76,0.00,25.76,1,,New
1948,601,2024-02-09,2024-02-01,delivered,Scotland,3,4,19.15,0.93,3.95,22.17,1,,New
1949,601,2025-02-12,2025-02-01,delivered,Scotland,1,1,4.25,0.00,3.95,8.20,2,369,Repeat
1950,601,2025-04-05,2025-04-01,delivered,Scotland,1,1,2.90,0.00,3.95,6.85,3,52,Repeat
1951,601,2025-09-16,2025-09-01,delivered,Scotland,2,2,15.10,0.26,3.95,18.79,4,164,Repeat
1952,602,2024-09-02,2024-09-01,delivered,Midlands,3,3,26.62,0.00,0.00,26.62,1,,New
1953,602,2024-09-28,2024-09-01,delivered,Midlands,2,4,12.48,0.00,3.95,16.43,2,26,Repeat
1954,602,2024-12-29,2024-12-01,delivered,Midlands,1,3,7.44,0.00,3.95,11.39,3,92,Repeat
1955,602,2025-05-17,2025-05-01,delivered,Midlands,3,6,16.90,0.00,3.95,20.85,4,139,Repeat
1956,602,2025-10-02,2025-10-01,delivered,Midlands,3,6,9.00,0.00,3.95,12.95,5,138,Repeat
1957,602,2025-10-13,2025-10-01,delivered,Midlands,2,3,8.00,0.00,3.95,11.95,6,11,Repeat
1958,602,2025-11-04,2025-11-01,delivered,Midlands,2,2,3.55,0.00,3.95,7.50,7,22,Repeat
1959,603,2025-04-14,2025-04-01,delivered,London,1,2,7.90,0.00,3.95,11.85,1,,New
1960,603,2025-04-20,2025-04-01,delivered,London,2,2,3.95,0.00,3.95,7.90,2,6,Repeat
1961,603,2025-07-06,2025-07-01,delivered,London,3,6,23.45,0.00,3.95,27.40,3,77,Repeat
1962,603,2025-10-04,2025-10-01,delivered,London,2,2,4.05,0.00,3.95,8.00,4,90,Repeat
1963,603,2025-11-24,2025-11-01,delivered,London,5,9,43.40,0.00,0.00,43.40,5,51,Repeat
1964,604,2024-11-14,2024-11-01,delivered,Yorkshire,4,4,13.86,0.00,3.95,17.81,1,,New
1965,604,2024-11-25,2024-11-01,delivered,Yorkshire,3,3,10.43,0.00,3.95,14.38,2,11,Repeat
1966,604,2025-04-13,2025-04-01,delivered,Yorkshire,4,6,46.35,0.00,0.00,46.35,3,139,Repeat
1967,604,2025-11-09,2025-11-01,delivered,Yorkshire,1,1,4.75,0.00,3.95,8.70,4,210,Repeat
1968,605,2025-10-15,2025-10-01,delivered,South East,3,3,11.85,1.07,3.95,14.73,1,,New
1969,605,2025-12-21,2025-12-01,delivered,South East,3,6,32.95,3.75,0.00,29.20,2,67,Repeat
1970,606,2024-08-30,2024-08-01,delivered,London,2,3,11.19,0.00,3.95,15.14,1,,New
1971,606,2025-01-12,2025-01-01,delivered,London,3,7,20.80,0.00,3.95,24.75,2,135,Repeat
1972,607,2025-05-28,2025-05-01,delivered,Midlands,2,3,12.30,0.00,3.95,16.25,1,,New
1973,608,2025-02-28,2025-02-01,delivered,Yorkshire,2,5,29.75,0.00,0.00,29.75,1,,New
1974,608,2025-03-30,2025-03-01,delivered,Yorkshire,1,3,19.50,2.93,3.95,20.53,2,30,Repeat
1975,608,2025-03-31,2025-03-01,delivered,Yorkshire,3,3,19.85,0.98,3.95,22.83,3,1,Repeat
1976,608,2025-05-30,2025-05-01,delivered,Yorkshire,4,7,21.65,0.00,3.95,25.60,4,60,Repeat
1977,608,2025-07-04,2025-07-01,delivered,Yorkshire,3,5,19.10,0.61,3.95,22.44,5,35,Repeat
1978,608,2025-10-18,2025-10-01,delivered,Yorkshire,2,2,6.20,0.00,3.95,10.15,6,106,Repeat
1979,608,2025-11-01,2025-11-01,delivered,Yorkshire,2,4,11.10,0.00,3.95,15.05,7,14,Repeat
1980,609,2025-05-21,2025-05-01,delivered,North West,2,5,13.70,0.00,3.95,17.65,1,,New
1981,610,2024-11-22,2024-11-01,delivered,North West,1,1,2.71,0.00,3.95,6.66,1,,New
1982,610,2025-04-08,2025-04-01,delivered,North West,1,1,6.50,0.00,3.95,10.45,2,137,Repeat
1983,611,2025-07-18,2025-07-01,delivered,London,1,1,12.50,0.00,3.95,16.45,1,,New
1984,611,2025-08-05,2025-08-01,delivered,London,2,2,3.95,0.40,3.95,7.51,2,18,Repeat
1985,611,2025-11-16,2025-11-01,delivered,London,3,4,14.25,0.00,3.95,18.20,3,103,Repeat
1986,611,2025-11-19,2025-11-01,delivered,London,3,4,21.05,0.00,3.95,25.00,4,3,Repeat
1987,611,2025-11-22,2025-11-01,delivered,London,4,6,17.60,0.00,3.95,21.55,5,3,Repeat
1988,611,2025-11-26,2025-11-01,delivered,London,3,4,15.60,0.00,3.95,19.55,6,4,Repeat
1989,612,2025-05-10,2025-05-01,delivered,Midlands,2,2,4.40,0.00,3.95,8.35,1,,New
1990,613,2025-10-20,2025-10-01,delivered,Yorkshire,2,3,22.15,0.00,3.95,26.10,1,,New
1991,614,2024-10-04,2024-10-01,delivered,London,2,3,11.80,0.00,3.95,15.75,1,,New
1992,614,2024-10-06,2024-10-01,delivered,London,2,5,14.29,0.00,3.95,18.24,2,2,Repeat
1993,614,2024-10-15,2024-10-01,delivered,London,4,7,34.24,3.28,0.00,30.96,3,9,Repeat
1994,614,2024-11-06,2024-11-01,delivered,London,5,9,35.24,0.00,0.00,35.24,4,22,Repeat
1995,614,2024-11-25,2024-11-01,delivered,London,4,9,39.48,0.00,0.00,39.48,5,19,Repeat
1996,614,2024-12-30,2024-12-01,delivered,London,5,9,33.94,0.00,0.00,33.94,6,35,Repeat
1997,614,2025-02-10,2025-02-01,delivered,London,2,3,8.70,0.00,3.95,12.65,7,42,Repeat
1998,614,2025-02-26,2025-02-01,delivered,London,1,1,3.10,0.00,3.95,7.05,8,16,Repeat
1999,614,2025-03-09,2025-03-01,delivered,London,4,6,19.95,0.00,3.95,23.90,9,11,Repeat
2000,614,2025-03-15,2025-03-01,delivered,London,2,6,17.40,1.44,3.95,19.91,10,6,Repeat
2001,614,2025-07-23,2025-07-01,delivered,London,3,6,11.90,0.00,3.95,15.85,11,130,Repeat
2002,614,2025-09-07,2025-09-01,delivered,London,3,6,18.80,0.79,3.95,21.96,12,46,Repeat
2003,614,2025-10-03,2025-10-01,delivered,London,2,4,10.30,0.00,3.95,14.25,13,26,Repeat
2004,614,2025-10-25,2025-10-01,delivered,London,3,3,10.95,1.14,3.95,13.76,14,22,Repeat
2005,614,2025-10-28,2025-10-01,delivered,London,3,6,15.75,1.00,3.95,18.70,15,3,Repeat
2006,614,2025-11-22,2025-11-01,delivered,London,1,1,3.10,0.00,3.95,7.05,16,25,Repeat
2007,614,2025-12-07,2025-12-01,delivered,London,3,3,21.40,0.00,3.95,25.35,17,15,Repeat
2008,614,2025-12-12,2025-12-01,delivered,London,3,5,16.10,1.13,3.95,18.93,18,5,Repeat
2009,614,2025-12-30,2025-12-01,delivered,London,1,1,15.95,0.00,3.95,19.90,19,18,Repeat
2010,615,2025-12-10,2025-12-01,delivered,North West,3,5,14.20,0.95,3.95,17.20,1,,New
2011,615,2025-12-24,2025-12-01,delivered,North West,2,3,21.85,1.48,3.95,24.33,2,14,Repeat
2012,616,2024-11-05,2024-11-01,delivered,Yorkshire,2,3,8.29,0.00,3.95,12.24,1,,New
2013,617,2024-02-06,2024-02-01,delivered,Yorkshire,3,4,18.71,0.00,3.95,22.66,1,,New
2014,617,2024-03-08,2024-03-01,delivered,Yorkshire,2,2,16.19,0.00,3.95,20.14,2,31,Repeat
2015,617,2024-03-20,2024-03-01,delivered,Yorkshire,2,2,7.00,0.64,3.95,10.31,3,12,Repeat
2016,617,2024-05-18,2024-05-01,delivered,Yorkshire,1,1,2.81,0.00,3.95,6.76,4,59,Repeat
2017,617,2024-08-08,2024-08-01,delivered,Yorkshire,2,3,7.53,0.26,3.95,11.22,5,82,Repeat
2018,617,2024-10-09,2024-10-01,delivered,Yorkshire,1,1,4.71,0.00,3.95,8.66,6,62,Repeat
2019,617,2024-10-28,2024-10-01,delivered,North West,1,1,4.71,0.94,3.95,7.72,7,19,Repeat
2020,617,2024-11-06,2024-11-01,delivered,Yorkshire,1,1,2.71,0.00,3.95,6.66,8,9,Repeat
2021,617,2025-03-05,2025-03-01,delivered,Yorkshire,4,8,24.05,0.00,3.95,28.00,9,119,Repeat
2022,617,2025-07-13,2025-07-01,delivered,Yorkshire,1,1,2.95,0.00,3.95,6.90,10,130,Repeat
2023,617,2025-10-30,2025-10-01,delivered,Yorkshire,2,2,19.90,0.00,3.95,23.85,11,109,Repeat
2024,617,2025-12-18,2025-12-01,delivered,Yorkshire,3,3,22.00,0.80,3.95,25.15,12,49,Repeat
2025,618,2025-05-28,2025-05-01,delivered,South East,1,1,6.50,0.00,3.95,10.45,1,,New
2026,619,2024-06-01,2024-06-01,delivered,South East,2,2,5.91,0.00,3.95,9.86,1,,New
2027,619,2025-02-03,2025-02-01,delivered,South East,3,5,13.95,0.48,3.95,17.42,2,247,Repeat
2028,619,2025-08-11,2025-08-01,delivered,South East,6,9,45.55,1.38,0.00,44.18,3,189,Repeat
2029,620,2024-03-22,2024-03-01,delivered,London,1,2,7.24,0.00,3.95,11.19,1,,New
2030,620,2024-04-02,2024-04-01,delivered,London,2,3,12.15,1.29,3.95,14.81,2,11,Repeat
2031,620,2024-05-10,2024-05-01,delivered,London,6,9,49.37,0.00,0.00,49.37,3,38,Repeat
2032,620,2024-07-30,2024-07-01,delivered,London,2,3,9.25,0.00,3.95,13.20,4,81,Repeat
2033,620,2024-08-31,2024-08-01,delivered,London,4,5,20.25,0.00,3.95,24.20,5,32,Repeat
2034,620,2024-12-18,2024-12-01,delivered,London,3,4,31.61,0.94,0.00,30.67,6,109,Repeat
2035,620,2025-01-09,2025-01-01,delivered,London,4,8,21.85,0.00,3.95,25.80,7,22,Repeat
2036,620,2025-11-24,2025-11-01,delivered,London,1,1,2.60,0.00,3.95,6.55,8,319,Repeat
2037,620,2025-12-31,2025-12-01,delivered,London,3,7,35.30,0.00,0.00,35.30,9,37,Repeat
2038,621,2024-04-17,2024-04-01,delivered,Midlands,1,1,2.81,0.00,3.95,6.76,1,,New
2039,621,2024-10-19,2024-10-01,delivered,Midlands,4,8,34.62,1.37,0.00,33.25,2,185,Repeat
2040,621,2025-01-05,2025-01-01,delivered,Midlands,5,6,48.15,0.00,0.00,48.15,3,78,Repeat
2041,621,2025-03-09,2025-03-01,delivered,Midlands,3,4,21.35,0.00,3.95,25.30,4,63,Repeat
2042,621,2025-06-23,2025-06-01,delivered,Midlands,1,2,6.40,0.00,3.95,10.35,5,106,Repeat
2043,621,2025-09-04,2025-09-01,delivered,Midlands,6,10,31.40,0.00,0.00,31.40,6,73,Repeat
2044,621,2025-10-07,2025-10-01,delivered,Midlands,2,4,17.80,0.00,3.95,21.75,7,33,Repeat
2045,621,2025-12-24,2025-12-01,delivered,Midlands,3,7,26.90,6.05,3.95,24.80,8,78,Repeat
2046,622,2024-07-13,2024-07-01,delivered,London,1,2,5.34,0.00,3.95,9.29,1,,New
2047,622,2025-12-10,2025-12-01,delivered,London,3,5,15.70,2.68,3.95,16.98,2,515,Repeat
2048,623,2025-10-02,2025-10-01,delivered,Scotland,1,1,6.50,0.00,3.95,10.45,1,,New
2049,624,2024-04-01,2024-04-01,delivered,Yorkshire,1,2,8.58,1.29,3.95,11.24,1,,New
2050,624,2024-07-22,2024-07-01,delivered,Yorkshire,1,1,2.57,0.26,3.95,6.26,2,112,Repeat
2051,624,2024-07-28,2024-07-01,delivered,Yorkshire,3,6,12.62,1.17,3.95,15.40,3,6,Repeat
2052,624,2024-09-14,2024-09-01,delivered,Yorkshire,3,3,13.86,0.51,3.95,17.30,4,48,Repeat
2053,624,2024-10-12,2024-10-01,delivered,Yorkshire,1,1,2.48,0.00,3.95,6.43,5,28,Repeat
2054,624,2024-11-09,2024-11-01,delivered,Yorkshire,3,3,15.76,0.00,3.95,19.71,6,28,Repeat
2055,624,2024-11-15,2024-11-01,delivered,Yorkshire,2,4,10.39,0.00,3.95,14.34,7,6,Repeat
2056,624,2025-03-03,2025-03-01,delivered,Yorkshire,1,1,2.60,0.00,3.95,6.55,8,108,Repeat
2057,624,2025-05-18,2025-05-01,delivered,Yorkshire,3,6,16.25,0.00,3.95,20.20,9,76,Repeat
2058,624,2025-12-13,2025-12-01,delivered,Yorkshire,2,2,11.70,1.19,3.95,14.46,10,209,Repeat
2059,625,2024-07-23,2024-07-01,delivered,South East,5,7,35.91,0.46,0.00,35.45,1,,New
2060,626,2024-04-27,2024-04-01,delivered,Midlands,5,11,52.36,0.00,0.00,52.36,1,,New
2061,626,2024-10-10,2024-10-01,delivered,Midlands,1,2,8.10,0.00,3.95,12.05,2,166,Repeat
2062,626,2024-12-24,2024-12-01,delivered,Midlands,1,1,2.48,0.00,3.95,6.43,3,75,Repeat
2063,627,2024-02-13,2024-02-01,delivered,London,3,5,25.57,0.93,3.95,28.59,1,,New
2064,627,2024-08-17,2024-08-01,delivered,London,5,7,17.75,0.73,3.95,20.97,2,186,Repeat
2065,627,2024-09-03,2024-09-01,delivered,London,1,3,9.15,0.00,3.95,13.10,3,17,Repeat
2066,627,2024-11-17,2024-11-01,delivered,London,3,5,18.63,0.00,3.95,22.58,4,75,Repeat
2067,627,2025-05-11,2025-05-01,delivered,London,4,6,40.55,0.00,0.00,40.55,5,175,Repeat
2068,627,2025-07-30,2025-07-01,delivered,London,2,2,24.45,0.00,3.95,28.40,6,80,Repeat
2069,627,2025-10-29,2025-10-01,delivered,London,2,5,23.30,2.16,3.95,25.09,7,91,Repeat
2070,627,2025-12-01,2025-12-01,delivered,London,2,7,29.25,7.31,3.95,25.89,8,33,Repeat
2071,628,2025-07-17,2025-07-01,delivered,Scotland,1,4,10.00,1.00,3.95,12.95,1,,New
2072,628,2025-11-03,2025-11-01,delivered,Scotland,1,1,4.75,0.00,3.95,8.70,2,109,Repeat
2073,629,2024-11-25,2024-11-01,delivered,Midlands,4,4,17.61,0.00,3.95,21.56,1,,New
2074,629,2025-12-10,2025-12-01,delivered,Midlands,2,5,24.20,0.00,3.95,28.15,2,380,Repeat
2075,630,2024-11-13,2024-11-01,delivered,Scotland,2,3,16.86,0.00,3.95,20.81,1,,New
2076,630,2025-10-28,2025-10-01,delivered,Scotland,1,1,2.70,0.54,3.95,6.11,2,349,Repeat
2077,630,2025-11-27,2025-11-01,delivered,Scotland,4,6,23.45,0.00,3.95,27.40,3,30,Repeat
2078,630,2025-12-27,2025-12-01,delivered,Scotland,5,10,44.00,0.00,0.00,44.00,4,30,Repeat
2079,631,2024-12-06,2024-12-01,delivered,London,3,5,6.46,0.00,3.95,10.41,1,,New
2080,632,2024-08-17,2024-08-01,delivered,North West,1,3,2.70,0.00,3.95,6.65,1,,New
2081,633,2025-04-12,2025-04-01,delivered,Midlands,1,1,1.20,0.00,3.95,5.15,1,,New
2082,634,2025-11-05,2025-11-01,delivered,Midlands,2,2,7.85,0.00,3.95,11.80,1,,New
2083,635,2025-01-07,2025-01-01,delivered,London,2,5,16.60,0.00,3.95,20.55,1,,New
2084,635,2025-12-16,2025-12-01,delivered,London,5,7,26.45,3.58,3.95,26.83,2,343,Repeat
2085,636,2025-12-21,2025-12-01,delivered,London,2,3,6.15,0.00,3.95,10.10,1,,New
2086,637,2024-03-30,2024-03-01,delivered,Midlands,2,3,10.58,0.00,3.95,14.53,1,,New
2087,637,2024-04-19,2024-04-01,delivered,Yorkshire,1,2,5.34,0.00,3.95,9.29,2,20,Repeat
2088,637,2025-11-01,2025-11-01,delivered,Yorkshire,5,6,20.35,0.00,3.95,24.30,3,561,Repeat
2089,638,2025-10-08,2025-10-01,delivered,Yorkshire,3,5,33.55,0.00,0.00,33.55,1,,New
2090,639,2025-04-05,2025-04-01,delivered,London,3,5,18.95,0.00,3.95,22.90,1,,New
2091,639,2025-06-01,2025-06-01,delivered,London,3,6,12.75,0.00,3.95,16.70,2,57,Repeat
2092,639,2025-11-16,2025-11-01,delivered,London,3,4,16.90,0.00,3.95,20.85,3,168,Repeat
2093,640,2025-09-08,2025-09-01,delivered,Yorkshire,2,2,12.90,0.00,3.95,16.85,1,,New
2095,641,2025-04-07,2025-04-01,delivered,London,3,6,23.70,1.01,3.95,26.65,1,,New
2096,641,2025-11-25,2025-11-01,delivered,London,2,3,11.55,0.00,3.95,15.50,2,232,Repeat
2097,642,2024-02-13,2024-02-01,delivered,Midlands,3,5,16.09,0.93,3.95,19.11,1,,New
2098,642,2025-06-18,2025-06-01,delivered,Midlands,4,6,51.70,0.00,0.00,51.70,2,491,Repeat
2099,642,2025-12-06,2025-12-01,delivered,Midlands,5,6,27.10,1.60,0.00,25.50,3,171,Repeat
2100,643,2025-08-28,2025-08-01,delivered,Midlands,4,7,26.35,0.75,0.00,25.60,1,,New
2101,644,2024-01-07,2024-01-01,delivered,London,2,2,6.77,0.00,3.95,10.72,1,,New
2102,644,2024-04-15,2024-04-01,delivered,London,1,2,6.28,0.00,3.95,10.23,2,99,Repeat
2103,644,2024-05-09,2024-05-01,delivered,London,2,2,3.85,0.00,3.95,7.80,3,24,Repeat
2104,644,2024-10-03,2024-10-01,delivered,London,2,5,13.70,0.00,3.95,17.65,4,147,Repeat
2105,644,2024-10-07,2024-10-01,delivered,London,3,3,9.80,0.00,3.95,13.75,5,4,Repeat
2106,644,2024-12-16,2024-12-01,delivered,London,2,4,47.44,3.31,0.00,44.13,6,70,Repeat
2108,644,2025-01-07,2025-01-01,delivered,London,5,6,11.45,0.00,3.95,15.40,8,18,Repeat
2109,644,2025-02-19,2025-02-01,delivered,London,4,9,22.65,0.00,3.95,26.60,9,43,Repeat
2110,644,2025-02-20,2025-02-01,delivered,London,5,7,23.00,0.00,3.95,26.95,10,1,Repeat
2111,644,2025-03-13,2025-03-01,delivered,London,2,5,12.35,0.00,3.95,16.30,11,21,Repeat
2112,644,2025-03-16,2025-03-01,delivered,London,2,3,18.40,0.89,3.95,21.47,12,3,Repeat
2113,644,2025-03-25,2025-03-01,delivered,London,1,2,29.90,0.00,0.00,29.90,13,9,Repeat
2114,644,2025-03-29,2025-03-01,delivered,London,2,2,13.70,0.00,3.95,17.65,14,4,Repeat
2115,644,2025-04-17,2025-04-01,delivered,London,1,1,4.50,0.00,3.95,8.45,15,19,Repeat
2116,644,2025-04-19,2025-04-01,delivered,London,3,4,12.70,0.00,3.95,16.65,16,2,Repeat
2117,644,2025-07-07,2025-07-01,delivered,London,1,1,2.50,0.25,3.95,6.20,17,79,Repeat
2118,644,2025-07-19,2025-07-01,delivered,London,1,1,0.95,0.00,3.95,4.90,18,12,Repeat
2119,644,2025-09-22,2025-09-01,delivered,London,6,10,52.35,0.00,0.00,52.35,19,65,Repeat
2120,644,2025-10-14,2025-10-01,delivered,London,3,4,8.40,0.00,3.95,12.35,20,22,Repeat
2121,644,2025-10-17,2025-10-01,delivered,London,1,1,12.50,0.00,3.95,16.45,21,3,Repeat
2122,644,2025-10-18,2025-10-01,delivered,London,2,2,12.15,0.00,3.95,16.10,22,1,Repeat
2123,644,2025-10-22,2025-10-01,delivered,London,4,6,18.50,0.57,3.95,21.88,23,4,Repeat
2124,644,2025-11-03,2025-11-01,delivered,London,3,3,17.10,0.00,3.95,21.05,24,12,Repeat
2125,644,2025-11-16,2025-11-01,delivered,London,4,5,14.40,0.00,3.95,18.35,25,13,Repeat
2126,644,2025-12-06,2025-12-01,delivered,London,1,1,1.20,0.00,3.95,5.15,26,20,Repeat
2127,645,2024-10-25,2024-10-01,delivered,Yorkshire,2,2,8.05,0.00,3.95,12.00,1,,New
2128,646,2025-10-03,2025-10-01,delivered,Midlands,2,3,12.40,0.00,3.95,16.35,1,,New
2129,646,2025-12-22,2025-12-01,delivered,Midlands,3,5,20.30,1.13,3.95,23.13,2,80,Repeat
2130,647,2024-11-30,2024-11-01,delivered,London,3,5,18.76,0.00,3.95,22.71,1,,New
2131,648,2024-03-08,2024-03-01,delivered,Yorkshire,4,5,11.20,0.00,3.95,15.15,1,,New
2132,648,2024-03-13,2024-03-01,delivered,Yorkshire,1,3,9.15,0.00,3.95,13.10,2,5,Repeat
2133,648,2025-02-06,2025-02-01,delivered,Yorkshire,1,1,3.50,0.00,3.95,7.45,3,330,Repeat
2135,648,2025-09-17,2025-09-01,delivered,Yorkshire,4,5,14.70,0.00,3.95,18.65,5,147,Repeat
2136,648,2025-12-15,2025-12-01,delivered,Yorkshire,6,14,73.50,3.56,0.00,69.94,6,89,Repeat
2137,649,2025-10-08,2025-10-01,delivered,South East,1,3,8.55,0.00,3.95,12.50,1,,New
2138,649,2025-12-11,2025-12-01,delivered,South East,2,3,11.35,1.19,3.95,14.11,2,64,Repeat
2139,650,2025-02-26,2025-02-01,delivered,North West,1,3,12.75,0.00,3.95,16.70,1,,New
2140,650,2025-06-23,2025-06-01,delivered,North West,3,5,17.10,0.33,3.95,20.72,2,117,Repeat
2141,650,2025-11-15,2025-11-01,delivered,North West,3,3,10.85,0.00,3.95,14.80,3,145,Repeat
2142,651,2025-12-20,2025-12-01,delivered,Scotland,1,1,2.85,0.00,3.95,6.80,1,,New
2143,652,2025-07-09,2025-07-01,delivered,London,1,1,2.85,0.00,3.95,6.80,1,,New
2144,653,2025-08-06,2025-08-01,delivered,South East,5,11,39.15,0.60,0.00,38.55,1,,New
2145,654,2024-01-14,2024-01-01,delivered,North West,3,5,13.38,0.00,3.95,17.33,1,,New
2146,654,2024-03-25,2024-03-01,delivered,North West,1,1,2.71,0.00,3.95,6.66,2,71,Repeat
2147,654,2024-05-09,2024-05-01,delivered,North West,1,1,2.48,0.00,3.95,6.43,3,45,Repeat
2148,654,2024-09-29,2024-09-01,delivered,North West,2,3,7.47,0.00,3.95,11.42,4,143,Repeat
2149,654,2024-10-19,2024-10-01,delivered,North West,3,3,7.67,0.00,3.95,11.62,5,20,Repeat
2150,654,2024-10-20,2024-10-01,delivered,North West,5,9,21.25,2.46,3.95,22.74,6,1,Repeat
2151,654,2024-11-03,2024-11-01,delivered,North West,4,5,36.38,0.00,0.00,36.38,7,14,Repeat
2152,654,2024-11-04,2024-11-01,delivered,North West,3,6,19.37,0.00,3.95,23.32,8,1,Repeat
2153,654,2024-12-27,2024-12-01,delivered,North West,3,4,9.54,0.00,3.95,13.49,9,53,Repeat
2154,654,2025-01-17,2025-01-01,delivered,North West,5,9,29.10,0.00,0.00,29.10,10,21,Repeat
2155,654,2025-09-11,2025-09-01,delivered,North West,4,5,23.70,0.24,3.95,27.41,11,237,Repeat
2157,654,2025-12-11,2025-12-01,delivered,North West,4,6,32.05,0.00,0.00,32.05,13,43,Repeat
2158,655,2025-07-03,2025-07-01,delivered,North West,1,2,5.00,0.50,3.95,8.45,1,,New
2159,655,2025-10-28,2025-10-01,delivered,North West,5,5,37.25,0.57,0.00,36.68,2,117,Repeat
2160,655,2025-12-12,2025-12-01,delivered,North West,1,4,4.00,0.00,3.95,7.95,3,45,Repeat
2161,656,2024-10-13,2024-10-01,delivered,North West,5,10,29.61,0.00,0.00,29.61,1,,New
2162,656,2025-01-31,2025-01-01,delivered,North West,2,2,8.45,0.00,3.95,12.40,2,110,Repeat
2163,656,2025-07-08,2025-07-01,delivered,North West,2,7,21.60,1.14,3.95,24.41,3,158,Repeat
2164,656,2025-12-17,2025-12-01,delivered,North West,2,2,9.30,0.00,3.95,13.25,4,162,Repeat
2165,657,2025-07-07,2025-07-01,delivered,North West,3,3,17.00,0.00,3.95,20.95,1,,New
2166,657,2025-09-20,2025-09-01,delivered,North West,6,8,25.65,0.31,0.00,25.34,2,75,Repeat
2167,658,2025-03-31,2025-03-01,delivered,Yorkshire,1,1,14.95,0.00,3.95,18.90,1,,New
2168,658,2025-05-12,2025-05-01,delivered,Yorkshire,3,3,14.65,0.00,3.95,18.60,2,42,Repeat
2169,659,2024-10-15,2024-10-01,delivered,Scotland,3,5,12.30,0.48,3.95,15.77,1,,New
2170,660,2024-08-11,2024-08-01,delivered,London,1,4,4.56,0.46,3.95,8.05,1,,New
2171,660,2024-11-09,2024-11-01,delivered,London,3,5,15.91,0.00,3.95,19.86,2,90,Repeat
2172,660,2024-12-16,2024-12-01,delivered,London,1,2,17.52,0.00,3.95,21.47,3,37,Repeat
2173,660,2025-02-09,2025-02-01,delivered,London,4,6,20.10,1.95,3.95,22.10,4,55,Repeat
2174,660,2025-10-04,2025-10-01,delivered,London,3,6,24.20,0.00,3.95,28.15,5,237,Repeat
2175,661,2024-12-30,2024-12-01,delivered,London,4,8,28.67,0.00,0.00,28.67,1,,New
2176,662,2025-04-21,2025-04-01,delivered,North West,2,6,16.10,0.00,3.95,20.05,1,,New
2177,663,2024-07-18,2024-07-01,delivered,London,5,10,34.96,0.00,0.00,34.96,1,,New
2178,663,2024-11-09,2024-11-01,delivered,London,4,8,56.06,0.00,0.00,56.06,2,114,Repeat
2179,663,2025-03-18,2025-03-01,delivered,London,5,8,47.05,3.14,0.00,43.91,3,129,Repeat
2180,663,2025-04-27,2025-04-01,delivered,London,3,5,20.80,0.00,3.95,24.75,4,40,Repeat
2181,664,2025-02-19,2025-02-01,delivered,London,1,3,7.20,0.00,3.95,11.15,1,,New
2182,665,2025-01-06,2025-01-01,delivered,London,4,6,30.45,0.00,0.00,30.45,1,,New
2183,665,2025-04-28,2025-04-01,delivered,London,4,6,17.30,0.00,3.95,21.25,2,112,Repeat
2184,666,2025-09-03,2025-09-01,delivered,London,4,7,29.75,1.19,0.00,28.56,1,,New
2185,666,2025-10-09,2025-10-01,delivered,London,1,1,10.95,0.00,3.95,14.90,2,36,Repeat
2186,667,2025-12-05,2025-12-01,delivered,North West,3,5,12.70,0.80,3.95,15.85,1,,New
2187,668,2024-08-16,2024-08-01,delivered,Yorkshire,1,1,2.95,0.00,3.95,6.90,1,,New
2188,668,2024-08-16,2024-08-01,delivered,Yorkshire,4,5,28.39,0.00,0.00,28.39,2,0,Repeat
2189,668,2025-09-17,2025-09-01,delivered,Yorkshire,1,1,2.95,0.30,3.95,6.61,3,397,Repeat
2190,669,2024-04-04,2024-04-01,delivered,Scotland,1,1,4.29,0.64,3.95,7.60,1,,New
2191,669,2024-07-26,2024-07-01,delivered,Scotland,2,3,7.15,0.72,3.95,10.39,2,113,Repeat
2192,669,2024-07-27,2024-07-01,delivered,Scotland,2,2,3.24,0.23,3.95,6.96,3,1,Repeat
2193,669,2024-08-14,2024-08-01,delivered,Scotland,3,6,12.00,1.20,3.95,14.75,4,18,Repeat
2194,669,2024-10-16,2024-10-01,delivered,Scotland,3,6,19.43,1.88,3.95,21.50,5,63,Repeat
2195,669,2024-11-07,2024-11-01,delivered,Scotland,1,1,6.62,0.00,3.95,10.57,6,22,Repeat
2196,669,2024-12-14,2024-12-01,delivered,Scotland,3,5,32.19,5.86,0.00,26.33,7,37,Repeat
2197,669,2024-12-24,2024-12-01,delivered,Scotland,3,4,18.81,3.57,3.95,19.19,8,10,Repeat
2198,669,2025-01-24,2025-01-01,delivered,Scotland,2,2,18.25,0.00,3.95,22.20,9,31,Repeat
2199,669,2025-06-04,2025-06-01,delivered,Scotland,2,4,7.20,0.00,3.95,11.15,10,131,Repeat
2200,669,2025-06-15,2025-06-01,delivered,Scotland,4,7,14.50,0.69,3.95,17.77,11,11,Repeat
2201,670,2024-07-17,2024-07-01,delivered,South East,1,3,8.13,0.00,3.95,12.08,1,,New
2203,671,2024-04-25,2024-04-01,delivered,Scotland,1,4,17.16,0.00,3.95,21.11,1,,New
2204,671,2024-08-07,2024-08-01,delivered,Scotland,1,1,2.48,0.00,3.95,6.43,2,104,Repeat
2205,671,2024-10-04,2024-10-01,delivered,Scotland,2,4,10.80,0.00,3.95,14.75,3,58,Repeat
2206,671,2025-05-04,2025-05-01,delivered,Scotland,2,2,4.05,0.00,3.95,8.00,4,212,Repeat
2207,671,2025-09-06,2025-09-01,delivered,Scotland,6,9,29.10,0.00,0.00,29.10,5,125,Repeat
2208,671,2025-09-14,2025-09-01,delivered,Scotland,2,2,9.30,0.00,3.95,13.25,6,8,Repeat
2209,672,2025-02-26,2025-02-01,delivered,London,1,1,3.80,0.00,3.95,7.75,1,,New
2210,672,2025-03-20,2025-03-01,delivered,London,4,7,18.30,0.00,3.95,22.25,2,22,Repeat
2211,672,2025-05-13,2025-05-01,delivered,London,2,2,3.75,0.00,3.95,7.70,3,54,Repeat
2212,672,2025-11-25,2025-11-01,delivered,London,3,8,44.05,0.00,0.00,44.05,4,196,Repeat
2213,673,2025-01-31,2025-01-01,delivered,Yorkshire,4,10,34.85,0.00,0.00,34.85,1,,New
2214,673,2025-02-18,2025-02-01,delivered,Yorkshire,3,5,25.20,0.00,0.00,25.20,2,18,Repeat
2215,674,2024-11-03,2024-11-01,delivered,South East,2,2,6.71,0.00,3.95,10.66,1,,New
2216,675,2025-03-08,2025-03-01,delivered,South East,2,5,16.45,0.00,3.95,20.40,1,,New
2217,675,2025-12-14,2025-12-01,delivered,South East,5,9,48.95,1.19,0.00,47.76,2,281,Repeat
2218,676,2025-11-25,2025-11-01,delivered,London,3,3,17.80,0.00,3.95,21.75,1,,New
2219,677,2025-04-28,2025-04-01,delivered,South East,3,5,11.45,0.00,3.95,15.40,1,,New
2220,677,2025-05-06,2025-05-01,delivered,South East,1,2,5.20,0.00,3.95,9.15,2,8,Repeat
2221,677,2025-12-04,2025-12-01,delivered,South East,2,4,23.15,0.00,3.95,27.10,3,212,Repeat
2222,677,2025-12-12,2025-12-01,delivered,South East,2,4,19.70,0.00,3.95,23.65,4,8,Repeat
2223,678,2025-11-24,2025-11-01,delivered,North West,1,4,15.80,0.00,3.95,19.75,1,,New
2224,679,2024-10-21,2024-10-01,delivered,North West,1,1,6.19,0.00,3.95,10.14,1,,New
2225,680,2025-12-28,2025-12-01,delivered,Midlands,3,7,35.55,0.00,0.00,35.55,1,,New
2226,681,2025-12-24,2025-12-01,delivered,North West,1,1,4.75,1.19,3.95,7.51,1,,New
2227,682,2025-10-23,2025-10-01,delivered,North West,2,5,17.60,0.00,3.95,21.55,1,,New
2228,682,2025-11-04,2025-11-01,delivered,North West,2,4,13.75,0.00,3.95,17.70,2,12,Repeat
2229,682,2025-11-08,2025-11-01,delivered,North West,4,6,20.75,0.00,3.95,24.70,3,4,Repeat
2230,682,2025-11-18,2025-11-01,delivered,North West,6,9,25.30,0.00,0.00,25.30,4,10,Repeat
2231,683,2024-02-01,2024-02-01,delivered,Scotland,1,1,6.19,0.93,3.95,9.21,1,,New
2232,683,2024-09-23,2024-09-01,delivered,Scotland,2,2,6.67,0.00,3.95,10.62,2,235,Repeat
2233,683,2024-10-15,2024-10-01,delivered,Scotland,5,10,25.68,0.00,0.00,25.68,3,22,Repeat
2234,683,2024-12-25,2024-12-01,delivered,Yorkshire,1,2,8.10,0.00,3.95,12.05,4,71,Repeat
2235,684,2024-12-23,2024-12-01,delivered,Scotland,3,3,24.71,0.00,3.95,28.66,1,,New
2236,684,2025-02-15,2025-02-01,delivered,Scotland,3,5,31.65,0.00,0.00,31.65,2,54,Repeat
2237,684,2025-04-02,2025-04-01,delivered,Scotland,5,9,36.05,2.42,0.00,33.64,3,46,Repeat
2238,684,2025-04-08,2025-04-01,delivered,Scotland,4,8,26.40,0.00,0.00,26.40,4,6,Repeat
2239,685,2024-02-16,2024-02-01,delivered,London,4,8,17.08,0.00,3.95,21.03,1,,New
2240,686,2025-08-14,2025-08-01,delivered,London,4,6,14.70,0.00,3.95,18.65,1,,New
2241,686,2025-10-05,2025-10-01,delivered,London,5,8,31.20,0.00,0.00,31.20,2,52,Repeat
2242,686,2025-11-27,2025-11-01,delivered,London,2,5,13.40,0.00,3.95,17.35,3,53,Repeat
2243,687,2024-06-21,2024-06-01,delivered,London,3,6,25.81,0.48,0.00,25.33,1,,New
2244,687,2024-07-30,2024-07-01,delivered,London,1,2,6.10,0.00,3.95,10.05,2,39,Repeat
2245,687,2024-10-07,2024-10-01,delivered,London,6,10,40.09,0.00,0.00,40.09,3,69,Repeat
2246,687,2024-11-30,2024-11-01,delivered,London,4,6,28.92,0.00,0.00,28.92,4,54,Repeat
2247,687,2025-03-25,2025-03-01,delivered,London,3,6,14.85,1.33,3.95,17.47,5,115,Repeat
2248,687,2025-08-14,2025-08-01,delivered,London,3,8,22.00,1.16,3.95,24.79,6,142,Repeat
2249,687,2025-10-07,2025-10-01,delivered,London,4,4,13.35,0.00,3.95,17.30,7,54,Repeat
2250,687,2025-12-03,2025-12-01,delivered,London,2,6,11.00,0.00,3.95,14.95,8,57,Repeat
2251,688,2025-07-27,2025-07-01,delivered,South East,1,1,2.70,0.27,3.95,6.38,1,,New
2252,688,2025-11-07,2025-11-01,delivered,South East,3,9,35.55,0.00,0.00,35.55,2,103,Repeat
2253,689,2024-07-17,2024-07-01,delivered,Yorkshire,1,3,7.71,0.77,3.95,10.89,1,,New
2254,689,2024-10-01,2024-10-01,delivered,Yorkshire,1,1,4.05,0.00,3.95,8.00,2,76,Repeat
2255,689,2024-11-09,2024-11-01,delivered,Yorkshire,2,6,29.72,0.00,0.00,29.72,3,39,Repeat
2256,689,2025-05-06,2025-05-01,delivered,Yorkshire,4,4,8.90,0.00,3.95,12.85,4,178,Repeat
2257,689,2025-07-06,2025-07-01,delivered,Yorkshire,1,1,11.50,0.00,3.95,15.45,5,61,Repeat
2258,689,2025-11-28,2025-11-01,delivered,Yorkshire,2,2,16.10,0.00,3.95,20.05,6,145,Repeat
2259,690,2025-08-22,2025-08-01,delivered,North West,1,1,2.70,0.27,3.95,6.38,1,,New
2260,690,2025-10-21,2025-10-01,delivered,North West,4,4,16.80,1.04,3.95,19.71,2,60,Repeat
2261,690,2025-12-23,2025-12-01,delivered,North West,4,8,33.55,1.48,0.00,32.08,3,63,Repeat
2263,691,2024-11-17,2024-11-01,delivered,Scotland,3,4,12.20,0.00,3.95,16.15,1,,New
2264,692,2024-08-12,2024-08-01,delivered,Yorkshire,3,3,7.48,0.23,3.95,11.20,1,,New
2265,692,2025-02-11,2025-02-01,delivered,Yorkshire,2,3,10.40,0.00,3.95,14.35,2,183,Repeat
2267,692,2025-11-21,2025-11-01,delivered,Yorkshire,2,4,12.30,0.00,3.95,16.25,4,231,Repeat
2268,693,2024-04-09,2024-04-01,delivered,Midlands,3,5,31.92,2.86,0.00,29.06,1,,New
2269,693,2024-11-24,2024-11-01,delivered,Midlands,2,2,15.47,0.00,3.95,19.42,2,229,Repeat
2270,693,2025-04-14,2025-04-01,delivered,Midlands,2,3,7.95,0.00,3.95,11.90,3,141,Repeat
2271,693,2025-08-02,2025-08-01,delivered,Midlands,3,3,21.10,0.11,3.95,24.94,4,110,Repeat
2272,693,2025-08-06,2025-08-01,delivered,Midlands,3,5,20.40,0.00,3.95,24.35,5,4,Repeat
2273,693,2025-09-25,2025-09-01,delivered,Yorkshire,2,4,12.70,0.00,3.95,16.65,6,50,Repeat
2274,693,2025-09-26,2025-09-01,delivered,Midlands,1,1,3.20,0.00,3.95,7.15,7,1,Repeat
2275,693,2025-12-09,2025-12-01,delivered,Midlands,1,1,1.10,0.00,3.95,5.05,8,74,Repeat
2276,694,2025-12-30,2025-12-01,delivered,North West,6,9,29.35,0.00,0.00,29.35,1,,New
2277,695,2025-09-21,2025-09-01,delivered,Scotland,2,2,6.85,0.40,3.95,10.41,1,,New
2278,695,2025-11-26,2025-11-01,delivered,Scotland,1,1,2.85,0.00,3.95,6.80,2,66,Repeat
2280,696,2025-12-23,2025-12-01,delivered,South East,2,2,26.90,0.00,0.00,26.90,2,409,Repeat
2281,697,2025-10-04,2025-10-01,delivered,London,5,8,24.50,0.00,3.95,28.45,1,,New
2282,697,2025-12-04,2025-12-01,delivered,London,5,8,32.05,1.93,0.00,30.13,2,61,Repeat
2283,698,2025-10-01,2025-10-01,delivered,South East,1,1,4.95,0.00,3.95,8.90,1,,New
2284,699,2024-10-15,2024-10-01,delivered,Yorkshire,1,1,2.38,0.48,3.95,5.85,1,,New
2285,699,2025-04-26,2025-04-01,delivered,Yorkshire,1,1,1.10,0.00,3.95,5.05,2,193,Repeat
2286,699,2025-08-03,2025-08-01,delivered,Yorkshire,1,4,13.20,1.32,3.95,15.83,3,99,Repeat
2287,700,2025-01-02,2025-01-01,delivered,South East,5,9,35.50,0.00,0.00,35.50,1,,New
2288,700,2025-03-17,2025-03-01,delivered,South East,2,3,16.20,2.43,3.95,17.72,2,74,Repeat
2289,700,2025-03-17,2025-03-01,delivered,South East,5,8,36.50,1.52,0.00,34.98,3,0,Repeat
2290,701,2025-03-13,2025-03-01,delivered,Yorkshire,3,4,19.25,0.00,3.95,23.20,1,,New
2291,701,2025-12-13,2025-12-01,delivered,Yorkshire,1,3,14.25,3.56,3.95,14.64,2,275,Repeat
2292,702,2025-12-23,2025-12-01,delivered,Midlands,3,4,28.40,3.11,0.00,25.29,1,,New
2293,703,2025-09-09,2025-09-01,delivered,South East,6,6,42.40,0.00,0.00,42.40,1,,New
2294,703,2025-12-17,2025-12-01,delivered,North West,1,1,4.75,1.19,3.95,7.51,2,99,Repeat
2295,704,2024-02-06,2024-02-01,delivered,Midlands,2,2,18.76,0.54,3.95,22.17,1,,New
2296,704,2024-04-07,2024-04-01,delivered,Midlands,4,6,46.57,0.00,0.00,46.57,2,61,Repeat
2297,704,2024-11-29,2024-11-01,delivered,Midlands,3,3,14.05,0.00,3.95,18.00,3,236,Repeat
2298,704,2025-03-05,2025-03-01,delivered,Midlands,6,9,26.80,0.00,0.00,26.80,4,96,Repeat
2299,704,2025-09-20,2025-09-01,delivered,Midlands,3,3,12.30,0.26,3.95,15.99,5,199,Repeat
2300,704,2025-09-28,2025-09-01,delivered,Midlands,1,1,6.50,0.00,3.95,10.45,6,8,Repeat
2301,704,2025-12-18,2025-12-01,delivered,Midlands,1,2,6.40,1.60,3.95,8.75,7,81,Repeat
2302,704,2025-12-27,2025-12-01,delivered,Midlands,2,4,16.70,0.00,3.95,20.65,8,9,Repeat
2303,705,2025-08-23,2025-08-01,delivered,Scotland,6,8,26.75,0.39,0.00,26.37,1,,New
2304,706,2025-11-26,2025-11-01,delivered,London,5,9,34.75,0.00,0.00,34.75,1,,New
2305,707,2025-12-20,2025-12-01,delivered,London,2,4,13.10,2.21,3.95,14.84,1,,New
2306,708,2024-06-16,2024-06-01,delivered,Yorkshire,3,5,26.43,0.51,0.00,25.92,1,,New
2307,708,2025-03-17,2025-03-01,delivered,Yorkshire,2,2,7.00,0.48,3.95,10.47,2,274,Repeat
2308,709,2024-03-02,2024-03-01,delivered,North West,2,7,22.63,0.00,3.95,26.58,1,,New
2309,709,2024-08-17,2024-08-01,delivered,North West,1,1,8.76,0.00,3.95,12.71,2,168,Repeat
2310,709,2024-11-08,2024-11-01,delivered,North West,2,2,12.81,0.00,3.95,16.76,3,83,Repeat
2311,709,2024-12-03,2024-12-01,delivered,North West,5,6,35.58,2.03,0.00,33.56,4,25,Repeat
2312,709,2024-12-18,2024-12-01,delivered,North West,1,2,6.10,1.53,3.95,8.53,5,15,Repeat
2313,709,2025-10-03,2025-10-01,delivered,North West,1,1,4.50,0.00,3.95,8.45,6,289,Repeat
2314,709,2025-10-05,2025-10-01,delivered,North West,5,11,33.75,0.00,0.00,33.75,7,2,Repeat
2315,709,2025-10-13,2025-10-01,delivered,North West,1,3,7.80,0.00,3.95,11.75,8,8,Repeat
2316,709,2025-10-16,2025-10-01,delivered,North West,5,7,26.80,0.00,0.00,26.80,9,3,Repeat
2317,709,2025-10-26,2025-10-01,delivered,North West,2,3,11.35,0.00,3.95,15.30,10,10,Repeat
2318,709,2025-11-11,2025-11-01,delivered,North West,1,1,3.80,0.00,3.95,7.75,11,16,Repeat
2319,710,2024-09-15,2024-09-01,delivered,Scotland,3,4,16.99,0.00,3.95,20.94,1,,New
2320,710,2024-11-17,2024-11-01,delivered,Scotland,4,5,33.86,0.00,0.00,33.86,2,63,Repeat
2321,710,2025-09-05,2025-09-01,delivered,Scotland,3,4,13.15,0.00,3.95,17.10,3,292,Repeat
2322,711,2025-10-27,2025-10-01,delivered,London,2,3,8.75,0.57,3.95,12.13,1,,New
2323,712,2024-01-23,2024-01-01,delivered,South East,3,4,11.91,0.00,3.95,15.86,1,,New
2324,712,2024-12-31,2024-12-01,delivered,South East,3,3,28.01,0.00,0.00,28.01,2,343,Repeat
2325,712,2025-04-16,2025-04-01,delivered,South East,6,14,62.00,0.00,0.00,62.00,3,106,Repeat
2326,712,2025-09-01,2025-09-01,delivered,South East,3,4,11.90,0.62,3.95,15.23,4,138,Repeat
2327,712,2025-09-14,2025-09-01,delivered,South East,1,2,5.20,0.00,3.95,9.15,5,13,Repeat
2328,712,2025-10-14,2025-10-01,delivered,South East,2,3,18.25,0.00,3.95,22.20,6,30,Repeat
2329,712,2025-12-10,2025-12-01,delivered,South East,1,1,4.50,1.13,3.95,7.33,7,57,Repeat
2330,713,2025-03-25,2025-03-01,delivered,London,6,11,38.60,0.48,0.00,38.12,1,,New
2331,713,2025-09-24,2025-09-01,delivered,London,3,3,10.50,0.00,3.95,14.45,2,183,Repeat
2332,714,2025-08-20,2025-08-01,delivered,London,2,2,13.65,0.27,3.95,17.33,1,,New
2333,714,2025-12-24,2025-12-01,delivered,London,4,6,26.30,1.93,3.95,28.33,2,126,Repeat
2334,715,2024-03-20,2024-03-01,delivered,North West,5,10,65.16,2.02,0.00,63.14,1,,New
2335,715,2024-05-08,2024-05-01,delivered,North West,3,3,8.99,0.00,3.95,12.94,2,49,Repeat
2336,715,2024-10-21,2024-10-01,delivered,North West,2,5,20.41,4.08,3.95,20.28,3,166,Repeat
2337,715,2024-10-27,2024-10-01,delivered,Scotland,2,4,10.28,0.95,3.95,13.28,4,6,Repeat
2338,715,2025-04-17,2025-04-01,delivered,Scotland,3,5,20.70,0.00,3.95,24.65,5,172,Repeat
2339,715,2025-08-12,2025-08-01,delivered,North West,2,2,5.55,0.56,3.95,8.95,6,117,Repeat
2340,716,2025-01-24,2025-01-01,delivered,North West,1,2,5.90,0.00,3.95,9.85,1,,New
2341,716,2025-04-27,2025-04-01,delivered,North West,2,2,5.70,0.00,3.95,9.65,2,93,Repeat
2342,716,2025-08-04,2025-08-01,delivered,North West,1,2,2.40,0.00,3.95,6.35,3,99,Repeat
2343,716,2025-10-11,2025-10-01,delivered,North West,2,2,20.90,0.00,3.95,24.85,4,68,Repeat
2344,716,2025-12-07,2025-12-01,delivered,North West,2,2,6.60,0.94,3.95,9.61,5,57,Repeat
2345,716,2025-12-20,2025-12-01,delivered,North West,3,4,26.60,2.66,3.95,27.89,6,13,Repeat
2346,717,2025-11-17,2025-11-01,delivered,Midlands,4,6,32.80,0.00,0.00,32.80,1,,New
2347,718,2025-05-26,2025-05-01,delivered,Yorkshire,3,5,17.80,0.00,3.95,21.75,1,,New
2348,718,2025-11-10,2025-11-01,delivered,Yorkshire,3,6,27.85,0.00,0.00,27.85,2,168,Repeat
2349,718,2025-11-28,2025-11-01,delivered,Yorkshire,2,2,5.70,0.00,3.95,9.65,3,18,Repeat
2350,718,2025-12-16,2025-12-01,delivered,Yorkshire,1,2,9.00,2.25,3.95,10.70,4,18,Repeat
2351,719,2025-09-30,2025-09-01,delivered,London,2,2,15.30,0.00,3.95,19.25,1,,New
2352,720,2024-05-22,2024-05-01,delivered,Scotland,2,2,14.48,0.00,3.95,18.43,1,,New
2353,720,2025-01-18,2025-01-01,delivered,Scotland,4,6,16.65,0.00,3.95,20.60,2,241,Repeat
2354,720,2025-07-02,2025-07-01,delivered,Scotland,1,1,8.40,0.00,3.95,12.35,3,165,Repeat
2355,720,2025-08-01,2025-08-01,delivered,Scotland,2,3,23.45,0.00,3.95,27.40,4,30,Repeat
2356,721,2024-01-23,2024-01-01,delivered,South East,4,10,25.65,0.00,0.00,25.65,1,,New
2357,721,2024-02-01,2024-02-01,delivered,South East,3,4,13.52,0.00,3.95,17.47,2,9,Repeat
2358,721,2024-02-04,2024-02-01,delivered,South East,2,2,18.76,0.54,3.95,22.17,3,3,Repeat
2359,721,2024-02-22,2024-02-01,delivered,South East,2,5,13.06,0.00,3.95,17.01,4,18,Repeat
2360,721,2024-03-08,2024-03-01,delivered,South East,1,2,1.80,0.00,3.95,5.75,5,15,Repeat
2361,721,2024-05-26,2024-05-01,delivered,South East,2,4,10.34,0.00,3.95,14.29,6,79,Repeat
2362,721,2024-07-31,2024-07-01,delivered,South East,2,3,7.67,0.00,3.95,11.62,7,66,Repeat
2363,721,2024-09-16,2024-09-01,delivered,South East,3,3,9.33,0.30,3.95,12.99,8,47,Repeat
2364,721,2024-09-17,2024-09-01,delivered,South East,3,4,12.24,0.59,3.95,15.60,9,1,Repeat
2365,721,2024-09-24,2024-09-01,delivered,South East,3,5,20.05,0.00,3.95,24.00,10,7,Repeat
2366,721,2024-10-01,2024-10-01,delivered,South East,6,7,35.39,0.00,0.00,35.39,11,7,Repeat
2367,721,2024-10-30,2024-10-01,delivered,South East,2,3,4.51,0.00,3.95,8.46,12,29,Repeat
2368,721,2024-12-26,2024-12-01,delivered,South East,2,2,4.00,0.00,3.95,7.95,13,57,Repeat
2369,721,2025-04-05,2025-04-01,delivered,South East,2,2,7.60,0.68,3.95,10.88,14,100,Repeat
2370,721,2025-05-08,2025-05-01,delivered,South East,2,3,8.80,0.00,3.95,12.75,15,33,Repeat
2371,721,2025-06-08,2025-06-01,delivered,South East,3,5,16.65,0.00,3.95,20.60,16,31,Repeat
2372,721,2025-06-09,2025-06-01,delivered,South East,4,6,19.50,0.00,3.95,23.45,17,1,Repeat
2373,721,2025-08-11,2025-08-01,delivered,South East,2,3,12.20,0.57,3.95,15.58,18,63,Repeat
2374,721,2025-08-18,2025-08-01,delivered,South East,3,6,18.25,0.00,3.95,22.20,19,7,Repeat
2375,721,2025-08-23,2025-08-01,delivered,South East,2,3,8.20,0.82,3.95,11.33,20,5,Repeat
2376,721,2025-10-03,2025-10-01,delivered,South East,6,10,38.85,0.00,0.00,38.85,21,41,Repeat
2377,721,2025-10-05,2025-10-01,delivered,South East,2,2,7.55,0.00,3.95,11.50,22,2,Repeat
2378,721,2025-10-15,2025-10-01,delivered,South East,4,5,36.30,0.00,0.00,36.30,23,10,Repeat
2379,721,2025-11-02,2025-11-01,delivered,South East,1,2,2.20,0.00,3.95,6.15,24,18,Repeat
2380,721,2025-11-08,2025-11-01,delivered,South East,4,5,29.80,0.00,0.00,29.80,25,6,Repeat
2381,721,2025-12-05,2025-12-01,delivered,South East,1,3,7.20,0.00,3.95,11.15,26,27,Repeat
2382,721,2025-12-24,2025-12-01,delivered,South East,4,6,34.30,3.94,0.00,30.36,27,19,Repeat
2383,722,2025-11-02,2025-11-01,delivered,Yorkshire,1,1,3.95,0.00,3.95,7.90,1,,New
2384,723,2024-05-10,2024-05-01,delivered,South East,1,1,2.48,0.00,3.95,6.43,1,,New
2385,724,2024-12-29,2024-12-01,delivered,North West,1,4,4.56,0.00,3.95,8.51,1,,New
2386,724,2025-01-27,2025-01-01,delivered,North West,2,3,10.15,0.00,3.95,14.10,2,29,Repeat
2387,724,2025-02-18,2025-02-01,delivered,North West,4,10,28.85,0.00,0.00,28.85,3,22,Repeat
2388,724,2025-02-28,2025-02-01,delivered,North West,4,8,35.00,0.00,0.00,35.00,4,10,Repeat
2389,724,2025-11-16,2025-11-01,delivered,North West,1,1,2.60,0.00,3.95,6.55,5,261,Repeat
2390,724,2025-11-17,2025-11-01,delivered,North West,1,1,15.95,0.00,3.95,19.90,6,1,Repeat
2391,725,2025-06-02,2025-06-01,delivered,Midlands,4,5,17.90,0.00,3.95,21.85,1,,New
2392,726,2025-10-19,2025-10-01,delivered,North West,5,5,19.25,1.04,3.95,22.16,1,,New
2393,727,2025-09-12,2025-09-01,delivered,Scotland,3,6,19.50,0.26,3.95,23.19,1,,New
2394,728,2025-11-01,2025-11-01,delivered,South East,3,4,26.85,0.00,0.00,26.85,1,,New
2395,729,2024-12-02,2024-12-01,delivered,North West,2,5,16.57,3.57,3.95,16.95,1,,New
2397,731,2024-09-01,2024-09-01,delivered,South East,3,6,20.19,0.25,3.95,23.89,1,,New
2398,731,2024-10-13,2024-10-01,delivered,South East,3,6,26.84,0.00,0.00,26.84,2,42,Repeat
2399,731,2025-11-15,2025-11-01,delivered,South East,4,8,26.05,0.00,0.00,26.05,3,398,Repeat
2400,732,2025-06-21,2025-06-01,delivered,Scotland,4,12,41.10,0.57,0.00,40.53,1,,New
2401,733,2025-09-10,2025-09-01,delivered,Yorkshire,3,6,32.90,0.00,0.00,32.90,1,,New
2402,734,2025-10-03,2025-10-01,delivered,North West,1,2,5.40,0.00,3.95,9.35,1,,New
2403,734,2025-11-05,2025-11-01,delivered,North West,1,3,7.20,0.00,3.95,11.15,2,33,Repeat
2404,735,2024-03-28,2024-03-01,delivered,North West,1,1,2.48,0.00,3.95,6.43,1,,New
2405,735,2024-04-12,2024-04-01,delivered,North West,3,3,9.25,0.00,3.95,13.20,2,15,Repeat
2407,735,2024-10-21,2024-10-01,delivered,North West,3,6,14.97,0.00,3.95,18.92,4,1,Repeat
2409,735,2025-06-01,2025-06-01,delivered,North West,3,6,32.95,0.00,0.00,32.95,6,197,Repeat
2410,735,2025-06-25,2025-06-01,delivered,North West,6,10,33.25,0.65,0.00,32.60,7,24,Repeat
2411,735,2025-07-10,2025-07-01,delivered,North West,1,1,2.70,0.27,3.95,6.38,8,15,Repeat
2412,735,2025-10-07,2025-10-01,delivered,North West,2,2,10.30,0.00,3.95,14.25,9,89,Repeat
2414,737,2025-12-14,2025-12-01,delivered,Midlands,4,9,52.85,1.60,0.00,51.25,1,,New
2415,738,2025-10-19,2025-10-01,delivered,North West,1,2,8.50,0.00,3.95,12.45,1,,New
2416,739,2025-08-30,2025-08-01,delivered,London,3,5,6.90,0.30,3.95,10.55,1,,New
2417,740,2025-08-05,2025-08-01,delivered,London,1,1,3.80,0.00,3.95,7.75,1,,New
2418,741,2025-07-24,2025-07-01,delivered,London,3,3,25.20,0.33,3.95,28.82,1,,New
2419,742,2025-11-20,2025-11-01,delivered,North West,3,7,19.70,0.00,3.95,23.65,1,,New
2420,743,2025-06-04,2025-06-01,delivered,South East,2,2,7.45,0.00,3.95,11.40,1,,New
2421,744,2025-10-01,2025-10-01,delivered,South East,3,3,19.15,0.00,3.95,23.10,1,,New
2422,745,2024-12-07,2024-12-01,delivered,Midlands,3,8,37.66,8.40,0.00,29.26,1,,New
2423,746,2024-11-28,2024-11-01,delivered,Midlands,1,2,5.34,0.00,3.95,9.29,1,,New
2424,747,2025-11-18,2025-11-01,delivered,North West,1,2,8.50,0.00,3.95,12.45,1,,New
2425,748,2025-12-18,2025-12-01,delivered,South East,2,2,20.70,1.19,3.95,23.46,1,,New
2426,749,2025-07-12,2025-07-01,delivered,London,3,3,8.90,0.62,3.95,12.24,1,,New
2427,750,2025-08-26,2025-08-01,delivered,Yorkshire,2,3,8.20,0.00,3.95,12.15,1,,New
2428,751,2024-02-10,2024-02-01,delivered,South East,5,13,42.57,0.93,0.00,41.64,1,,New
2429,751,2024-03-31,2024-03-01,delivered,South East,5,16,44.82,2.12,0.00,42.70,2,50,Repeat
2430,751,2024-05-03,2024-05-01,delivered,South East,2,3,9.72,0.00,3.95,13.67,3,33,Repeat
2431,751,2024-06-19,2024-06-01,delivered,South East,2,2,29.00,0.00,0.00,29.00,4,47,Repeat
2432,751,2024-07-06,2024-07-01,delivered,South East,2,3,5.66,0.48,3.95,9.13,5,17,Repeat
2433,751,2025-01-11,2025-01-01,delivered,South East,1,2,5.20,0.00,3.95,9.15,6,189,Repeat
2434,751,2025-01-19,2025-01-01,delivered,South East,2,2,6.65,0.00,3.95,10.60,7,8,Repeat
2435,751,2025-03-12,2025-03-01,delivered,South East,1,2,7.90,0.00,3.95,11.85,8,52,Repeat
2436,751,2025-03-18,2025-03-01,delivered,South East,2,2,12.10,0.00,3.95,16.05,9,6,Repeat
2437,751,2025-08-30,2025-08-01,delivered,South East,1,1,1.00,0.10,3.95,4.85,10,165,Repeat
2438,751,2025-12-03,2025-12-01,delivered,South East,2,6,22.00,0.00,3.95,25.95,11,95,Repeat
2439,751,2025-12-28,2025-12-01,delivered,South East,4,5,14.90,0.00,3.95,18.85,12,25,Repeat
2440,752,2025-09-21,2025-09-01,delivered,Yorkshire,2,4,13.70,0.00,3.95,17.65,1,,New
2441,753,2025-11-05,2025-11-01,delivered,South East,5,12,27.90,0.00,0.00,27.90,1,,New
2442,754,2025-11-23,2025-11-01,delivered,Scotland,2,3,8.45,0.00,3.95,12.40,1,,New
2443,755,2025-10-02,2025-10-01,delivered,Midlands,4,7,22.40,0.00,3.95,26.35,1,,New
2444,756,2025-03-18,2025-03-01,delivered,Yorkshire,1,2,6.20,0.00,3.95,10.15,1,,New
2445,757,2024-06-18,2024-06-01,delivered,London,1,1,2.57,0.26,3.95,6.26,1,,New
2446,757,2024-10-31,2024-10-01,delivered,London,3,7,18.05,0.00,3.95,22.00,2,135,Repeat
2447,757,2025-03-27,2025-03-01,delivered,London,2,2,6.10,0.00,3.95,10.05,3,147,Repeat
2448,758,2024-03-12,2024-03-01,delivered,North West,3,6,21.28,0.00,3.95,25.23,1,,New
2449,758,2025-11-30,2025-11-01,delivered,North West,3,4,25.15,0.00,0.00,25.15,2,628,Repeat
2450,759,2025-11-02,2025-11-01,delivered,Yorkshire,4,7,27.35,0.00,0.00,27.35,1,,New
2451,760,2025-10-21,2025-10-01,delivered,London,1,1,3.30,0.00,3.95,7.25,1,,New
2452,761,2025-02-06,2025-02-01,delivered,Scotland,4,9,29.90,0.96,0.00,28.94,1,,New
2453,761,2025-06-03,2025-06-01,delivered,Scotland,2,3,6.40,0.00,3.95,10.35,2,117,Repeat
2454,761,2025-12-06,2025-12-01,delivered,Scotland,5,7,31.20,4.63,0.00,26.58,3,186,Repeat
2455,762,2024-04-21,2024-04-01,delivered,Scotland,4,6,14.13,0.00,3.95,18.08,1,,New
2456,762,2025-04-28,2025-04-01,delivered,Scotland,6,7,26.70,0.00,0.00,26.70,2,372,Repeat
2457,762,2025-08-10,2025-08-01,delivered,Scotland,1,1,2.60,0.00,3.95,6.55,3,104,Repeat
2458,763,2025-03-08,2025-03-01,delivered,South East,3,5,16.50,0.00,3.95,20.45,1,,New
2459,764,2025-12-08,2025-12-01,delivered,London,3,5,26.65,0.00,0.00,26.65,1,,New
2460,765,2025-02-08,2025-02-01,delivered,North West,1,2,8.50,0.00,3.95,12.45,1,,New
2461,765,2025-06-27,2025-06-01,delivered,North West,1,1,2.85,0.00,3.95,6.80,2,139,Repeat
2462,766,2025-11-22,2025-11-01,delivered,Yorkshire,2,2,5.45,0.00,3.95,9.40,1,,New
2463,767,2025-04-04,2025-04-01,delivered,South East,2,2,20.00,0.98,3.95,22.98,1,,New
2464,767,2025-11-08,2025-11-01,delivered,South East,2,2,5.55,0.00,3.95,9.50,2,218,Repeat
2465,768,2025-08-06,2025-08-01,delivered,North West,2,3,34.80,0.00,0.00,34.80,1,,New
2466,768,2025-08-27,2025-08-01,delivered,North West,1,1,1.00,0.10,3.95,4.85,2,21,Repeat
2467,768,2025-10-11,2025-10-01,delivered,North West,1,1,3.30,0.00,3.95,7.25,3,45,Repeat
2468,769,2025-01-23,2025-01-01,delivered,Yorkshire,5,7,23.20,0.00,3.95,27.15,1,,New
2469,770,2025-04-10,2025-04-01,delivered,South East,1,4,11.40,0.00,3.95,15.35,1,,New
2470,771,2025-10-31,2025-10-01,delivered,South East,1,3,14.85,0.00,3.95,18.80,1,,New
2471,772,2025-12-04,2025-12-01,delivered,South East,1,1,5.25,0.00,3.95,9.20,1,,New
2472,773,2025-10-25,2025-10-01,delivered,North West,1,1,2.70,0.54,3.95,6.11,1,,New
2473,774,2025-01-03,2025-01-01,delivered,Midlands,1,2,13.00,0.00,3.95,16.95,1,,New
2474,774,2025-05-06,2025-05-01,delivered,Midlands,3,4,14.20,0.00,3.95,18.15,2,123,Repeat
2475,774,2025-05-15,2025-05-01,delivered,Midlands,2,3,9.20,0.00,3.95,13.15,3,9,Repeat
2476,774,2025-07-10,2025-07-01,delivered,Midlands,1,1,2.50,0.25,3.95,6.20,4,56,Repeat
2477,774,2025-10-02,2025-10-01,delivered,Midlands,2,3,31.10,0.00,0.00,31.10,5,84,Repeat
2478,775,2025-12-03,2025-12-01,delivered,Yorkshire,5,6,17.90,2.54,3.95,19.31,1,,New
2479,776,2024-02-03,2024-02-01,delivered,North West,1,3,15.00,2.25,3.95,16.70,1,,New
2480,776,2024-03-17,2024-03-01,delivered,North West,5,8,36.39,0.93,0.00,35.46,2,43,Repeat
2481,776,2024-09-27,2024-09-01,delivered,North West,3,4,7.95,0.00,3.95,11.90,3,194,Repeat
2482,776,2024-11-20,2024-11-01,delivered,North West,4,5,11.96,0.00,3.95,15.91,4,54,Repeat
2483,776,2025-04-20,2025-04-01,delivered,North West,2,3,30.20,0.00,0.00,30.20,5,151,Repeat
2484,776,2025-08-18,2025-08-01,delivered,North West,5,9,38.50,0.27,0.00,38.23,6,120,Repeat
2485,776,2025-09-21,2025-09-01,delivered,North West,2,4,14.45,1.19,3.95,17.22,7,34,Repeat
2486,776,2025-10-22,2025-10-01,delivered,North West,2,2,7.80,0.57,3.95,11.18,8,31,Repeat
2487,776,2025-11-14,2025-11-01,delivered,North West,6,7,43.65,0.00,0.00,43.65,9,23,Repeat
2488,776,2025-12-20,2025-12-01,delivered,North West,4,7,30.55,0.74,0.00,29.81,10,36,Repeat
2489,777,2025-08-24,2025-08-01,delivered,London,1,1,2.50,0.25,3.95,6.20,1,,New
2490,778,2025-12-27,2025-12-01,delivered,London,3,4,13.80,0.00,3.95,17.75,1,,New
2491,779,2025-03-28,2025-03-01,delivered,London,3,4,23.95,0.68,3.95,27.23,1,,New
2492,779,2025-04-17,2025-04-01,delivered,London,1,1,2.50,0.00,3.95,6.45,2,20,Repeat
2493,779,2025-05-27,2025-05-01,delivered,London,5,9,32.40,0.00,0.00,32.40,3,40,Repeat
2494,779,2025-09-09,2025-09-01,delivered,London,1,4,12.40,1.24,3.95,15.11,4,105,Repeat
2495,779,2025-10-09,2025-10-01,delivered,London,2,2,7.85,0.00,3.95,11.80,5,30,Repeat
2496,780,2025-10-23,2025-10-01,delivered,South East,4,8,37.45,0.00,0.00,37.45,1,,New
2497,780,2025-12-29,2025-12-01,delivered,South East,4,5,37.25,0.00,0.00,37.25,2,67,Repeat
2498,781,2025-03-09,2025-03-01,delivered,South East,2,4,14.10,0.00,3.95,18.05,1,,New
2499,781,2025-06-14,2025-06-01,delivered,South East,1,1,2.90,0.00,3.95,6.85,2,97,Repeat
2500,781,2025-07-18,2025-07-01,delivered,South East,1,1,3.80,0.00,3.95,7.75,3,34,Repeat
2501,782,2025-10-09,2025-10-01,delivered,Yorkshire,2,3,13.00,0.00,3.95,16.95,1,,New
2502,783,2025-11-21,2025-11-01,delivered,Midlands,1,3,7.80,0.00,3.95,11.75,1,,New
2503,783,2025-12-09,2025-12-01,delivered,Midlands,2,4,23.50,0.00,3.95,27.45,2,18,Repeat
2504,784,2024-10-01,2024-10-01,delivered,Scotland,1,1,3.24,0.00,3.95,7.19,1,,New
2505,785,2025-05-16,2025-05-01,delivered,South East,2,4,16.70,0.00,3.95,20.65,1,,New
2506,785,2025-09-06,2025-09-01,delivered,South East,1,2,6.80,0.00,3.95,10.75,2,113,Repeat
2507,786,2025-07-09,2025-07-01,delivered,South East,3,4,14.70,0.82,3.95,17.83,1,,New
2508,787,2024-04-30,2024-04-01,delivered,North West,6,11,75.49,0.00,0.00,75.49,1,,New
2509,787,2024-10-18,2024-10-01,delivered,North West,1,1,2.76,0.00,3.95,6.71,2,171,Repeat
2510,787,2024-12-20,2024-12-01,delivered,North West,1,1,6.19,1.55,3.95,8.59,3,63,Repeat
2511,787,2025-08-17,2025-08-01,delivered,North West,3,5,51.40,0.27,0.00,51.13,4,240,Repeat
2512,787,2025-09-17,2025-09-01,delivered,North West,3,5,13.70,0.00,3.95,17.65,5,31,Repeat
2513,787,2025-11-27,2025-11-01,delivered,North West,2,4,20.00,0.00,3.95,23.95,6,71,Repeat
2514,788,2024-10-23,2024-10-01,delivered,Midlands,3,3,13.29,0.00,3.95,17.24,1,,New
2515,788,2024-11-15,2024-11-01,delivered,Midlands,1,1,4.29,0.00,3.95,8.24,2,23,Repeat
2516,788,2024-11-15,2024-11-01,delivered,Midlands,2,2,6.43,0.00,3.95,10.38,3,0,Repeat
2517,788,2025-02-12,2025-02-01,delivered,Midlands,3,6,18.25,0.48,3.95,21.72,4,89,Repeat
2518,788,2025-09-21,2025-09-01,delivered,Midlands,3,4,22.00,0.00,3.95,25.95,5,221,Repeat
2519,789,2025-04-29,2025-04-01,delivered,Midlands,2,3,23.85,0.00,3.95,27.80,1,,New
2520,789,2025-09-26,2025-09-01,delivered,Midlands,2,3,4.75,0.00,3.95,8.70,2,150,Repeat
2521,789,2025-10-30,2025-10-01,delivered,Midlands,2,3,8.55,1.71,3.95,10.79,3,34,Repeat
2522,789,2025-12-26,2025-12-01,delivered,Midlands,4,5,18.20,0.00,3.95,22.15,4,57,Repeat
2523,790,2024-10-26,2024-10-01,delivered,London,1,1,2.95,0.00,3.95,6.90,1,,New
2524,791,2025-05-25,2025-05-01,delivered,North West,5,7,39.80,0.00,0.00,39.80,1,,New
2525,791,2025-06-15,2025-06-01,delivered,North West,2,4,11.40,0.00,3.95,15.35,2,21,Repeat
2526,791,2025-12-28,2025-12-01,delivered,North West,2,2,14.90,0.00,3.95,18.85,3,196,Repeat
2527,792,2025-08-22,2025-08-01,delivered,North West,4,5,27.00,0.10,0.00,26.90,1,,New
2528,793,2025-10-19,2025-10-01,delivered,London,1,3,14.85,0.00,3.95,18.80,1,,New
2529,794,2025-04-29,2025-04-01,delivered,London,3,6,31.50,0.00,0.00,31.50,1,,New
2530,795,2025-01-28,2025-01-01,delivered,Midlands,1,2,29.90,0.00,0.00,29.90,1,,New
2531,795,2025-04-21,2025-04-01,delivered,Midlands,1,2,5.20,0.00,3.95,9.15,2,83,Repeat
2532,795,2025-06-06,2025-06-01,delivered,Midlands,3,3,20.35,0.00,3.95,24.30,3,46,Repeat
2533,795,2025-12-02,2025-12-01,delivered,Midlands,2,2,9.00,1.19,3.95,11.76,4,179,Repeat
2534,796,2024-09-10,2024-09-01,delivered,Scotland,3,4,15.19,0.25,3.95,18.89,1,,New
2535,796,2024-10-05,2024-10-01,delivered,Scotland,1,1,10.43,0.00,3.95,14.38,2,25,Repeat
2536,796,2024-11-14,2024-11-01,delivered,Scotland,2,2,3.53,0.00,3.95,7.48,3,40,Repeat
2537,796,2024-12-19,2024-12-01,delivered,Scotland,1,1,6.62,1.66,3.95,8.92,4,35,Repeat
2538,796,2025-02-18,2025-02-01,delivered,Scotland,3,4,11.20,0.00,3.95,15.15,5,61,Repeat
2539,796,2025-05-10,2025-05-01,delivered,Scotland,1,1,2.50,0.00,3.95,6.45,6,81,Repeat
2541,798,2024-06-26,2024-06-01,delivered,South East,3,5,14.86,0.24,3.95,18.57,1,,New
2542,798,2025-09-24,2025-09-01,delivered,South East,1,4,4.00,0.00,3.95,7.95,2,455,Repeat
2543,799,2024-08-25,2024-08-01,delivered,London,2,3,15.95,0.00,3.95,19.90,1,,New
2544,799,2024-09-14,2024-09-01,delivered,London,3,6,13.95,0.00,3.95,17.90,2,20,Repeat
2545,799,2024-10-09,2024-10-01,delivered,London,2,4,8.08,0.00,3.95,12.03,3,25,Repeat
2546,799,2024-10-27,2024-10-01,delivered,London,1,2,10.00,0.00,3.95,13.95,4,18,Repeat
2547,799,2024-11-06,2024-11-01,delivered,London,3,5,23.75,0.00,3.95,27.70,5,10,Repeat
2548,799,2024-11-19,2024-11-01,delivered,London,6,8,32.81,0.00,0.00,32.81,6,13,Repeat
2549,799,2025-01-16,2025-01-01,delivered,London,3,3,7.55,0.00,3.95,11.50,7,58,Repeat
2550,799,2025-03-19,2025-03-01,delivered,London,3,4,24.60,2.43,3.95,26.12,8,62,Repeat
2551,799,2025-04-10,2025-04-01,delivered,London,6,9,63.55,1.94,0.00,61.62,9,22,Repeat
2552,799,2025-04-15,2025-04-01,delivered,London,3,7,29.40,0.00,0.00,29.40,10,5,Repeat
2553,799,2025-06-16,2025-06-01,delivered,London,3,4,21.50,0.54,3.95,24.91,11,62,Repeat
2554,799,2025-09-02,2025-09-01,delivered,London,4,6,37.90,0.00,0.00,37.90,12,78,Repeat
2555,799,2025-09-23,2025-09-01,delivered,London,3,8,27.35,0.00,0.00,27.35,13,21,Repeat
2556,799,2025-12-14,2025-12-01,delivered,London,1,1,4.50,1.13,3.95,7.33,14,82,Repeat
2557,800,2024-01-12,2024-01-01,delivered,Yorkshire,4,5,16.34,0.00,3.95,20.29,1,,New
2558,800,2025-04-11,2025-04-01,delivered,Yorkshire,1,2,5.20,0.00,3.95,9.15,2,455,Repeat
2559,800,2025-08-20,2025-08-01,delivered,Yorkshire,4,10,28.50,1.33,0.00,27.17,3,131,Repeat
2560,801,2025-02-26,2025-02-01,delivered,Midlands,5,8,29.35,0.00,0.00,29.35,1,,New
2561,802,2025-10-27,2025-10-01,delivered,North West,4,5,20.55,0.57,3.95,23.93,1,,New
2562,803,2025-06-05,2025-06-01,delivered,Midlands,2,5,14.95,0.00,3.95,18.90,1,,New
2563,804,2025-10-31,2025-10-01,delivered,South East,2,4,10.40,2.08,3.95,12.27,1,,New
2565,806,2025-08-17,2025-08-01,delivered,South East,3,3,8.60,0.27,3.95,12.28,1,,New
2566,806,2025-08-19,2025-08-01,delivered,South East,1,2,6.20,0.00,3.95,10.15,2,2,Repeat
2567,807,2025-12-17,2025-12-01,delivered,North West,1,2,6.40,1.60,3.95,8.75,1,,New
2568,808,2025-07-29,2025-07-01,delivered,London,1,1,1.00,0.10,3.95,4.85,1,,New
2569,809,2025-11-24,2025-11-01,delivered,Midlands,3,4,39.70,0.00,0.00,39.70,1,,New
2570,810,2024-12-08,2024-12-01,delivered,South East,2,2,11.14,1.66,3.95,13.44,1,,New
2571,810,2024-12-13,2024-12-01,delivered,South East,1,4,18.08,0.00,3.95,22.03,2,5,Repeat
2572,810,2025-02-12,2025-02-01,delivered,South East,1,3,11.25,1.69,3.95,13.51,3,61,Repeat
2573,810,2025-03-30,2025-03-01,delivered,South East,5,6,25.05,1.90,3.95,27.10,4,46,Repeat
2574,810,2025-04-02,2025-04-01,delivered,South East,2,3,8.80,0.48,3.95,12.27,5,3,Repeat
2575,810,2025-04-05,2025-04-01,delivered,South East,1,1,2.90,0.00,3.95,6.85,6,3,Repeat
2576,810,2025-04-14,2025-04-01,delivered,South East,1,1,4.50,0.00,3.95,8.45,7,9,Repeat
2577,810,2025-05-02,2025-05-01,delivered,South East,1,1,3.20,0.00,3.95,7.15,8,18,Repeat
2578,810,2025-07-16,2025-07-01,delivered,South East,2,5,11.80,0.22,3.95,15.53,9,75,Repeat
2579,810,2025-07-21,2025-07-01,delivered,South East,2,2,5.00,0.00,3.95,8.95,10,5,Repeat
2580,810,2025-08-19,2025-08-01,delivered,South East,2,5,17.05,0.00,3.95,21.00,11,29,Repeat
2581,810,2025-12-24,2025-12-01,delivered,South East,1,1,3.10,0.00,3.95,7.05,12,127,Repeat
2582,811,2024-06-08,2024-06-01,delivered,North West,1,1,2.48,0.00,3.95,6.43,1,,New
2583,811,2024-11-29,2024-11-01,delivered,North West,1,1,6.19,0.00,3.95,10.14,2,174,Repeat
2584,811,2024-12-04,2024-12-01,delivered,Scotland,1,1,5.00,0.00,3.95,8.95,3,5,Repeat
2585,811,2025-02-27,2025-02-01,delivered,Scotland,4,8,28.35,0.00,0.00,28.35,4,85,Repeat
2586,811,2025-08-03,2025-08-01,delivered,Scotland,4,6,18.00,1.08,3.95,20.87,5,157,Repeat
2587,811,2025-09-17,2025-09-01,delivered,Scotland,1,2,5.20,0.52,3.95,8.63,6,45,Repeat
2588,811,2025-12-09,2025-12-01,delivered,Scotland,1,2,9.00,2.25,3.95,10.70,7,83,Repeat
2589,811,2025-12-14,2025-12-01,delivered,Scotland,2,5,14.15,0.00,3.95,18.10,8,5,Repeat
2590,812,2024-04-23,2024-04-01,delivered,Midlands,4,7,28.57,0.00,0.00,28.57,1,,New
2591,813,2024-10-11,2024-10-01,delivered,North West,2,3,19.85,0.00,3.95,23.80,1,,New
2592,813,2025-06-06,2025-06-01,delivered,North West,3,5,27.85,0.00,0.00,27.85,2,238,Repeat
2593,814,2024-08-16,2024-08-01,delivered,South East,1,2,5.42,0.00,3.95,9.37,1,,New
2594,814,2025-07-13,2025-07-01,delivered,South East,3,6,15.85,0.00,3.95,19.80,2,331,Repeat
2595,814,2025-12-03,2025-12-01,delivered,South East,6,9,46.75,0.00,0.00,46.75,3,143,Repeat
2596,815,2025-04-17,2025-04-01,delivered,North West,2,3,15.50,0.00,3.95,19.45,1,,New
2597,815,2025-09-11,2025-09-01,delivered,North West,1,4,15.20,0.00,3.95,19.15,2,147,Repeat
2599,816,2024-11-01,2024-11-01,delivered,London,5,6,21.10,0.00,3.95,25.05,2,100,Repeat
2600,816,2025-07-19,2025-07-01,delivered,London,3,4,16.35,0.00,3.95,20.30,3,260,Repeat
2601,817,2025-09-13,2025-09-01,delivered,Scotland,3,4,27.25,0.00,0.00,27.25,1,,New
2602,817,2025-10-14,2025-10-01,delivered,Scotland,1,1,12.50,0.00,3.95,16.45,2,31,Repeat
2603,817,2025-10-25,2025-10-01,delivered,Scotland,3,6,14.20,0.00,3.95,18.15,3,11,Repeat
2604,818,2025-06-23,2025-06-01,delivered,Scotland,4,7,23.40,0.00,3.95,27.35,1,,New
2605,818,2025-07-01,2025-07-01,delivered,Scotland,4,7,35.10,0.00,0.00,35.10,2,8,Repeat
2606,818,2025-07-07,2025-07-01,delivered,Scotland,5,7,20.00,1.11,3.95,22.85,3,6,Repeat
2607,818,2025-08-10,2025-08-01,delivered,Scotland,1,1,2.70,0.27,3.95,6.38,4,34,Repeat
2608,818,2025-09-16,2025-09-01,delivered,Scotland,4,8,36.30,1.24,0.00,35.06,5,37,Repeat
2609,818,2025-09-18,2025-09-01,delivered,Scotland,4,6,22.20,0.30,3.95,25.86,6,2,Repeat
2610,818,2025-10-11,2025-10-01,delivered,Scotland,1,1,4.95,0.00,3.95,8.90,7,23,Repeat
2611,818,2025-11-13,2025-11-01,delivered,Scotland,4,6,42.40,0.00,0.00,42.40,8,33,Repeat
2612,819,2024-12-10,2024-12-01,delivered,South East,1,1,4.29,1.07,3.95,7.17,1,,New
2613,819,2025-10-26,2025-10-01,delivered,South East,3,3,7.70,0.54,3.95,11.11,2,320,Repeat
2614,820,2025-09-13,2025-09-01,delivered,Yorkshire,3,4,17.65,0.52,3.95,21.08,1,,New
2615,820,2025-10-26,2025-10-01,delivered,Yorkshire,1,1,2.60,0.00,3.95,6.55,2,43,Repeat
2616,820,2025-12-21,2025-12-01,delivered,Yorkshire,4,7,29.25,3.06,0.00,26.19,3,56,Repeat
2617,821,2025-10-04,2025-10-01,delivered,North West,3,6,16.10,0.00,3.95,20.05,1,,New
2618,822,2024-05-05,2024-05-01,delivered,North West,2,3,22.72,0.00,3.95,26.67,1,,New
2619,823,2024-12-29,2024-12-01,delivered,London,5,5,18.90,0.00,3.95,22.85,1,,New
2620,823,2025-03-15,2025-03-01,delivered,London,5,10,49.45,2.03,0.00,47.43,2,76,Repeat
2621,823,2025-03-28,2025-03-01,delivered,London,5,9,30.85,0.00,0.00,30.85,3,13,Repeat
2622,823,2025-05-30,2025-05-01,delivered,London,2,2,16.25,0.00,3.95,20.20,4,63,Repeat
2623,823,2025-07-28,2025-07-01,delivered,London,5,7,22.30,0.25,3.95,26.00,5,59,Repeat
2624,823,2025-09-07,2025-09-01,delivered,London,3,6,35.10,0.40,0.00,34.71,6,41,Repeat
2625,823,2025-10-09,2025-10-01,delivered,London,2,2,13.35,0.00,3.95,17.30,7,32,Repeat
2626,823,2025-11-02,2025-11-01,delivered,London,2,3,7.30,0.00,3.95,11.25,8,24,Repeat
2627,823,2025-11-26,2025-11-01,delivered,London,4,8,33.70,0.00,0.00,33.70,9,24,Repeat
2628,823,2025-12-03,2025-12-01,delivered,London,1,1,4.75,1.19,3.95,7.51,10,7,Repeat
2629,823,2025-12-04,2025-12-01,delivered,London,3,6,30.60,1.60,0.00,29.00,11,1,Repeat
2630,823,2025-12-19,2025-12-01,delivered,London,1,2,1.90,0.00,3.95,5.85,12,15,Repeat
2631,824,2025-12-19,2025-12-01,delivered,South East,1,2,21.90,0.00,3.95,25.85,1,,New
2632,825,2024-08-13,2024-08-01,delivered,South East,2,5,8.84,0.34,3.95,12.45,1,,New
2633,825,2025-05-12,2025-05-01,delivered,South East,3,5,18.05,0.00,3.95,22.00,2,272,Repeat
2634,826,2024-01-04,2024-01-01,delivered,Midlands,5,6,20.38,0.00,3.95,24.33,1,,New
2635,826,2024-04-07,2024-04-01,delivered,Midlands,2,5,21.53,3.23,3.95,22.25,2,94,Repeat
2636,826,2024-11-16,2024-11-01,delivered,Midlands,3,7,19.61,0.00,3.95,23.56,3,223,Repeat
2637,826,2024-12-04,2024-12-01,delivered,Midlands,2,3,19.00,4.75,3.95,18.20,4,18,Repeat
2638,826,2024-12-23,2024-12-01,delivered,Midlands,2,4,14.76,1.88,3.95,16.83,5,19,Repeat
2639,826,2025-08-23,2025-08-01,delivered,Midlands,1,1,3.80,0.00,3.95,7.75,6,243,Repeat
2640,826,2025-11-13,2025-11-01,delivered,Midlands,2,6,19.40,0.00,3.95,23.35,7,82,Repeat
2641,826,2025-12-27,2025-12-01,delivered,Midlands,6,13,46.05,0.00,0.00,46.05,8,44,Repeat
2642,827,2025-02-02,2025-02-01,delivered,Yorkshire,4,5,31.95,0.00,0.00,31.95,1,,New
2643,827,2025-04-03,2025-04-01,delivered,Yorkshire,2,3,21.00,0.00,3.95,24.95,2,60,Repeat
2644,827,2025-04-24,2025-04-01,delivered,Yorkshire,4,6,35.25,0.00,0.00,35.25,3,21,Repeat
2645,827,2025-10-18,2025-10-01,delivered,Yorkshire,2,5,14.00,2.28,3.95,15.67,4,177,Repeat
2646,827,2025-11-06,2025-11-01,delivered,Yorkshire,2,2,6.70,0.00,3.95,10.65,5,19,Repeat
2647,828,2024-11-25,2024-11-01,delivered,Scotland,4,5,16.20,0.00,3.95,20.15,1,,New
2648,828,2025-02-19,2025-02-01,delivered,Scotland,2,3,8.30,0.00,3.95,12.25,2,86,Repeat
2649,829,2025-02-06,2025-02-01,delivered,South East,4,6,33.50,0.98,0.00,32.53,1,,New
2650,829,2025-02-16,2025-02-01,delivered,South East,5,11,31.90,0.00,0.00,31.90,2,10,Repeat
2651,830,2024-09-24,2024-09-01,delivered,South East,1,2,12.38,0.00,3.95,16.33,1,,New
2652,830,2025-04-14,2025-04-01,delivered,South East,1,1,2.95,0.00,3.95,6.90,2,202,Repeat
2653,830,2025-12-03,2025-12-01,delivered,South East,5,10,37.45,8.26,0.00,29.19,3,233,Repeat
2654,831,2024-06-09,2024-06-01,delivered,London,4,5,34.66,0.00,0.00,34.66,1,,New
2656,831,2025-10-15,2025-10-01,delivered,London,2,3,18.90,0.00,3.95,22.85,3,315,Repeat
2657,831,2025-11-28,2025-11-01,delivered,London,3,6,23.95,0.00,3.95,27.90,4,44,Repeat
2658,832,2025-12-29,2025-12-01,delivered,South East,1,2,5.20,0.00,3.95,9.15,1,,New
2659,833,2024-04-30,2024-04-01,delivered,London,2,2,10.71,0.00,3.95,14.66,1,,New
2660,833,2024-06-30,2024-06-01,delivered,London,3,3,19.29,0.26,3.95,22.98,2,61,Repeat
2661,833,2024-08-05,2024-08-01,delivered,London,3,5,24.82,0.69,3.95,28.08,3,36,Repeat
2662,833,2024-12-14,2024-12-01,delivered,London,3,4,21.95,1.41,3.95,24.50,4,131,Repeat
2663,833,2025-03-09,2025-03-01,delivered,London,5,7,22.30,0.00,3.95,26.25,5,85,Repeat
2664,833,2025-05-05,2025-05-01,delivered,London,2,2,5.45,0.00,3.95,9.40,6,57,Repeat
2665,833,2025-05-21,2025-05-01,delivered,London,2,3,8.00,0.00,3.95,11.95,7,16,Repeat
2666,833,2025-10-16,2025-10-01,delivered,London,4,4,38.25,0.57,0.00,37.68,8,148,Repeat
2667,834,2024-09-01,2024-09-01,delivered,London,1,2,7.14,0.00,3.95,11.09,1,,New
2668,834,2024-09-21,2024-09-01,delivered,London,4,5,16.76,0.25,3.95,20.46,2,20,Repeat
2669,834,2025-02-17,2025-02-01,delivered,London,2,4,19.30,0.00,3.95,23.25,3,149,Repeat
2670,834,2025-05-21,2025-05-01,delivered,London,1,1,3.95,0.00,3.95,7.90,4,93,Repeat
2671,834,2025-10-27,2025-10-01,delivered,London,3,6,26.85,0.54,0.00,26.31,5,159,Repeat
2672,835,2025-04-14,2025-04-01,delivered,London,5,9,27.95,0.00,0.00,27.95,1,,New
2673,835,2025-08-15,2025-08-01,delivered,London,2,4,19.65,0.00,3.95,23.60,2,123,Repeat
2674,835,2025-12-10,2025-12-01,delivered,London,4,5,19.45,4.21,3.95,19.19,3,117,Repeat
2675,835,2025-12-15,2025-12-01,delivered,London,1,3,8.55,0.00,3.95,12.50,4,5,Repeat
2676,836,2025-09-15,2025-09-01,delivered,Scotland,2,4,11.40,1.14,3.95,14.21,1,,New
2677,836,2025-10-06,2025-10-01,delivered,Scotland,2,4,14.25,0.00,3.95,18.20,2,21,Repeat
2678,837,2025-02-19,2025-02-01,delivered,South East,2,2,6.40,0.00,3.95,10.35,1,,New
2679,838,2025-10-25,2025-10-01,delivered,London,3,4,17.40,1.64,3.95,19.71,1,,New
2680,838,2025-12-13,2025-12-01,delivered,London,3,5,31.35,2.38,0.00,28.98,2,49,Repeat
2681,839,2025-12-09,2025-12-01,delivered,South East,5,7,22.00,1.99,3.95,23.96,1,,New
2682,840,2025-08-26,2025-08-01,delivered,Scotland,2,2,20.20,0.00,3.95,24.15,1,,New
2683,841,2024-10-05,2024-10-01,delivered,London,3,5,9.24,0.00,3.95,13.19,1,,New
2684,841,2025-11-29,2025-11-01,delivered,London,2,3,9.15,0.00,3.95,13.10,2,420,Repeat
2685,842,2024-09-13,2024-09-01,delivered,London,1,1,2.76,0.00,3.95,6.71,1,,New
2686,842,2025-08-27,2025-08-01,delivered,London,1,4,9.60,0.00,3.95,13.55,2,348,Repeat
2687,842,2025-08-28,2025-08-01,delivered,London,2,4,14.10,0.00,3.95,18.05,3,1,Repeat
2688,842,2025-09-25,2025-09-01,delivered,London,3,6,21.75,0.00,3.95,25.70,4,28,Repeat
2690,842,2025-11-30,2025-11-01,delivered,London,3,4,25.75,0.00,0.00,25.75,6,2,Repeat
2691,842,2025-12-17,2025-12-01,delivered,London,2,3,8.50,0.00,3.95,12.45,7,17,Repeat
2692,843,2025-07-18,2025-07-01,delivered,Midlands,2,3,6.30,0.11,3.95,10.14,1,,New
2693,843,2025-08-31,2025-08-01,delivered,Midlands,1,2,1.90,0.00,3.95,5.85,2,44,Repeat
2694,843,2025-10-27,2025-10-01,delivered,Midlands,2,4,10.25,1.50,3.95,12.70,3,57,Repeat
2695,843,2025-11-03,2025-11-01,delivered,Midlands,2,2,11.70,0.00,3.95,15.65,4,7,Repeat
2696,844,2025-10-19,2025-10-01,delivered,South East,3,3,10.20,0.54,3.95,13.61,1,,New
2697,844,2025-12-28,2025-12-01,delivered,South East,4,6,18.90,0.00,3.95,22.85,2,70,Repeat
2698,845,2025-02-25,2025-02-01,delivered,Midlands,2,3,16.50,0.00,3.95,20.45,1,,New
2699,846,2024-09-12,2024-09-01,delivered,Scotland,2,3,14.86,0.25,3.95,18.56,1,,New
2700,846,2025-12-28,2025-12-01,delivered,Scotland,2,4,16.10,0.00,3.95,20.05,2,472,Repeat
2701,847,2025-12-03,2025-12-01,delivered,Yorkshire,3,6,18.20,1.75,3.95,20.40,1,,New
2702,848,2025-05-19,2025-05-01,delivered,London,5,5,14.45,0.00,3.95,18.40,1,,New
2703,849,2024-10-06,2024-10-01,delivered,South East,1,1,8.76,0.00,3.95,12.71,1,,New
2704,849,2024-12-02,2024-12-01,delivered,South East,4,8,42.57,9.51,0.00,33.06,2,57,Repeat
2705,849,2024-12-18,2024-12-01,delivered,South East,1,4,24.76,6.19,3.95,22.52,3,16,Repeat
2706,849,2025-01-13,2025-01-01,delivered,South East,3,8,33.30,0.00,0.00,33.30,4,26,Repeat
2707,849,2025-03-11,2025-03-01,delivered,South East,2,3,9.60,0.00,3.95,13.55,5,57,Repeat
2708,849,2025-05-05,2025-05-01,delivered,South East,4,5,13.25,0.00,3.95,17.20,6,55,Repeat
2709,849,2025-06-26,2025-06-01,delivered,South East,3,5,27.20,0.00,0.00,27.20,7,52,Repeat
2710,849,2025-07-31,2025-07-01,delivered,South East,2,2,9.00,0.25,3.95,12.70,8,35,Repeat
2711,849,2025-08-02,2025-08-01,delivered,South East,4,4,22.15,0.38,3.95,25.72,9,2,Repeat
2712,849,2025-12-27,2025-12-01,delivered,South East,1,1,6.50,0.00,3.95,10.45,10,147,Repeat
2713,850,2024-10-05,2024-10-01,delivered,London,3,7,32.90,0.00,0.00,32.90,1,,New
2714,850,2025-02-08,2025-02-01,delivered,London,1,2,5.20,0.00,3.95,9.15,2,126,Repeat
2715,850,2025-03-20,2025-03-01,delivered,London,4,8,37.95,3.45,0.00,34.50,3,40,Repeat
2716,851,2024-01-01,2024-01-01,delivered,London,1,1,3.14,0.00,3.95,7.09,1,,New
2717,851,2024-01-01,2024-01-01,delivered,London,2,6,32.70,0.00,0.00,32.70,2,0,Repeat
2718,851,2024-03-02,2024-03-01,delivered,London,3,4,19.43,0.00,3.95,23.38,3,61,Repeat
2719,851,2024-08-24,2024-08-01,delivered,London,1,1,10.95,0.00,3.95,14.90,4,175,Repeat
2720,851,2024-10-09,2024-10-01,delivered,London,5,9,25.80,0.00,0.00,25.80,5,46,Repeat
2721,851,2024-12-08,2024-12-01,delivered,London,4,7,28.48,3.55,3.95,28.88,6,60,Repeat
2722,851,2025-04-11,2025-04-01,delivered,London,2,5,19.20,0.00,3.95,23.15,7,124,Repeat
2724,851,2025-07-01,2025-07-01,delivered,London,2,2,5.20,0.00,3.95,9.15,9,1,Repeat
2725,851,2025-08-22,2025-08-01,delivered,London,2,3,5.70,0.00,3.95,9.65,10,52,Repeat
2726,851,2025-08-22,2025-08-01,delivered,London,1,2,35.90,0.00,0.00,35.90,11,0,Repeat
2727,851,2025-08-29,2025-08-01,delivered,London,4,6,12.05,0.47,3.95,15.53,12,7,Repeat
2728,851,2025-09-13,2025-09-01,delivered,London,5,10,27.20,0.72,0.00,26.48,13,15,Repeat
2730,851,2025-11-18,2025-11-01,delivered,London,5,8,33.40,0.00,0.00,33.40,15,8,Repeat
2731,851,2025-12-29,2025-12-01,delivered,London,2,2,19.90,0.00,3.95,23.85,16,41,Repeat
2732,852,2024-04-06,2024-04-01,delivered,South East,2,2,7.00,0.64,3.95,10.31,1,,New
2733,852,2024-12-25,2024-12-01,delivered,South East,2,3,5.86,0.00,3.95,9.81,2,263,Repeat
2734,852,2025-08-14,2025-08-01,delivered,South East,2,4,11.00,0.20,3.95,14.75,3,232,Repeat
2735,852,2025-10-15,2025-10-01,delivered,South East,3,7,31.05,1.08,0.00,29.97,4,62,Repeat
2736,853,2024-08-13,2024-08-01,delivered,Midlands,2,3,6.67,0.11,3.95,10.52,1,,New
2737,853,2025-04-17,2025-04-01,delivered,Midlands,2,3,8.70,0.00,3.95,12.65,2,247,Repeat
2738,853,2025-07-04,2025-07-01,delivered,Midlands,3,3,18.05,0.21,3.95,21.79,3,78,Repeat
2739,853,2025-09-13,2025-09-01,delivered,Midlands,2,2,5.45,0.26,3.95,9.14,4,71,Repeat
2740,853,2025-09-28,2025-09-01,delivered,Midlands,1,2,5.70,0.00,3.95,9.65,5,15,Repeat
2741,853,2025-11-11,2025-11-01,delivered,Midlands,5,6,14.20,0.00,3.95,18.15,6,44,Repeat
2742,853,2025-12-15,2025-12-01,delivered,Midlands,5,6,29.90,0.00,0.00,29.90,7,34,Repeat
2743,853,2025-12-28,2025-12-01,delivered,Midlands,3,7,13.25,0.00,3.95,17.20,8,13,Repeat
2744,854,2024-12-21,2024-12-01,delivered,South East,2,5,12.10,0.00,3.95,16.05,1,,New
2745,855,2025-10-01,2025-10-01,delivered,Yorkshire,3,11,41.15,0.00,0.00,41.15,1,,New
2746,856,2025-10-12,2025-10-01,delivered,London,3,6,23.85,0.00,3.95,27.80,1,,New
2747,857,2025-12-23,2025-12-01,delivered,Scotland,4,6,18.75,2.79,3.95,19.91,1,,New
2748,858,2024-02-21,2024-02-01,delivered,Scotland,1,3,8.13,0.00,3.95,12.08,1,,New
2749,858,2024-02-25,2024-02-01,delivered,Scotland,1,3,15.00,0.00,3.95,18.95,2,4,Repeat
2750,858,2024-09-18,2024-09-01,delivered,Scotland,2,4,10.10,0.00,3.95,14.05,3,206,Repeat
2751,858,2024-10-13,2024-10-01,delivered,Scotland,1,1,3.33,0.00,3.95,7.28,4,25,Repeat
2752,858,2024-10-20,2024-10-01,delivered,Scotland,3,4,13.04,1.26,3.95,15.73,5,7,Repeat
2753,858,2024-11-07,2024-11-01,delivered,Scotland,2,4,10.10,0.00,3.95,14.05,6,18,Repeat
2754,858,2024-11-12,2024-11-01,delivered,Scotland,1,1,2.29,0.00,3.95,6.24,7,5,Repeat
2755,858,2024-11-16,2024-11-01,delivered,Scotland,4,5,17.91,0.00,3.95,21.86,8,4,Repeat
2756,858,2025-02-21,2025-02-01,delivered,Scotland,3,4,14.70,0.00,3.95,18.65,9,97,Repeat
2757,858,2025-05-19,2025-05-01,delivered,Scotland,3,3,19.00,0.00,3.95,22.95,10,87,Repeat
2758,858,2025-07-03,2025-07-01,delivered,Scotland,1,1,2.50,0.25,3.95,6.20,11,45,Repeat
2759,858,2025-08-26,2025-08-01,delivered,Scotland,4,4,11.15,0.62,3.95,14.49,12,54,Repeat
2760,858,2025-10-05,2025-10-01,delivered,Scotland,2,4,18.40,0.00,3.95,22.35,13,40,Repeat
2761,858,2025-12-04,2025-12-01,delivered,Scotland,5,6,36.30,3.61,0.00,32.69,14,60,Repeat
2762,858,2025-12-14,2025-12-01,delivered,Scotland,3,3,34.85,0.00,0.00,34.85,15,10,Repeat
2763,858,2025-12-18,2025-12-01,delivered,Scotland,3,3,16.40,0.74,3.95,19.61,16,4,Repeat
2764,859,2024-08-03,2024-08-01,delivered,South East,4,7,32.00,1.13,0.00,30.87,1,,New
2765,859,2024-08-16,2024-08-01,delivered,South East,1,2,5.42,0.00,3.95,9.37,2,13,Repeat
2766,859,2024-12-21,2024-12-01,delivered,South East,2,4,8.56,0.00,3.95,12.51,3,127,Repeat
2767,859,2025-03-16,2025-03-01,delivered,South East,3,7,27.20,0.00,0.00,27.20,4,85,Repeat
2768,859,2025-03-29,2025-03-01,delivered,South East,4,4,33.75,0.00,0.00,33.75,5,13,Repeat
2769,859,2025-08-01,2025-08-01,delivered,South East,1,1,4.50,0.00,3.95,8.45,6,125,Repeat
2770,859,2025-08-21,2025-08-01,delivered,South East,5,5,22.85,0.85,3.95,25.95,7,20,Repeat
2771,859,2025-08-31,2025-08-01,delivered,South East,2,4,4.60,0.22,3.95,8.33,8,10,Repeat
2772,859,2025-12-24,2025-12-01,delivered,South East,2,4,9.00,0.00,3.95,12.95,9,115,Repeat
2773,860,2025-11-29,2025-11-01,delivered,Midlands,5,9,22.90,0.00,3.95,26.85,1,,New
2774,861,2024-03-27,2024-03-01,delivered,Midlands,2,5,34.26,2.57,0.00,31.69,1,,New
2775,861,2024-05-31,2024-05-01,delivered,Midlands,5,11,23.01,0.00,3.95,26.96,2,65,Repeat
2776,861,2025-12-25,2025-12-01,delivered,Midlands,6,11,40.25,0.00,0.00,40.25,3,573,Repeat
2777,862,2024-12-31,2024-12-01,delivered,Midlands,4,7,17.81,0.00,3.95,21.76,1,,New
2778,862,2025-02-09,2025-02-01,delivered,Midlands,1,1,3.80,0.00,3.95,7.75,2,40,Repeat
2779,862,2025-07-28,2025-07-01,delivered,Midlands,3,3,14.70,0.00,3.95,18.65,3,169,Repeat
2780,862,2025-09-16,2025-09-01,delivered,Midlands,1,2,7.60,0.00,3.95,11.55,4,50,Repeat
2781,862,2025-10-07,2025-10-01,delivered,Midlands,5,8,24.35,0.00,3.95,28.30,5,21,Repeat
2782,862,2025-12-07,2025-12-01,delivered,Midlands,3,6,61.15,0.00,0.00,61.15,6,61,Repeat
2783,863,2025-04-08,2025-04-01,delivered,Yorkshire,1,3,8.70,0.00,3.95,12.65,1,,New
2784,864,2025-11-14,2025-11-01,delivered,Yorkshire,1,1,3.75,0.00,3.95,7.70,1,,New
2785,865,2024-04-20,2024-04-01,delivered,Scotland,2,3,14.29,0.00,3.95,18.24,1,,New
2786,866,2025-11-30,2025-11-01,delivered,Midlands,4,7,23.65,0.00,3.95,27.60,1,,New
2787,867,2025-06-17,2025-06-01,delivered,Midlands,2,3,4.85,0.49,3.95,8.32,1,,New
2788,868,2025-01-04,2025-01-01,delivered,South East,2,3,9.15,0.00,3.95,13.10,1,,New
2789,868,2025-01-14,2025-01-01,delivered,South East,4,7,32.45,0.00,0.00,32.45,2,10,Repeat
2790,868,2025-04-22,2025-04-01,delivered,South East,4,6,16.80,0.00,3.95,20.75,3,98,Repeat
2791,868,2025-09-16,2025-09-01,delivered,South East,1,3,11.85,0.00,3.95,15.80,4,147,Repeat
2792,868,2025-09-20,2025-09-01,delivered,South East,1,1,2.60,0.00,3.95,6.55,5,4,Repeat
2793,868,2025-11-19,2025-11-01,delivered,South East,4,6,15.75,0.00,3.95,19.70,6,60,Repeat
2794,869,2024-12-20,2024-12-01,delivered,North West,3,3,10.09,1.66,3.95,12.39,1,,New
2795,869,2025-04-05,2025-04-01,delivered,North West,4,7,28.80,1.24,0.00,27.56,2,106,Repeat
2796,869,2025-11-01,2025-11-01,delivered,North West,1,2,6.60,0.00,3.95,10.55,3,210,Repeat
2797,870,2025-01-29,2025-01-01,delivered,Scotland,2,8,20.40,0.00,3.95,24.35,1,,New
2798,870,2025-03-26,2025-03-01,delivered,Scotland,4,6,31.25,0.00,0.00,31.25,2,56,Repeat
2799,870,2025-07-17,2025-07-01,delivered,Scotland,1,1,2.70,0.27,3.95,6.38,3,113,Repeat
2800,870,2025-09-18,2025-09-01,delivered,Scotland,4,8,25.80,0.24,0.00,25.56,4,63,Repeat
2801,870,2025-11-26,2025-11-01,delivered,Scotland,4,6,37.20,0.00,0.00,37.20,5,69,Repeat
2802,871,2024-10-02,2024-10-01,delivered,London,4,8,26.55,0.00,0.00,26.55,1,,New
2803,872,2025-02-26,2025-02-01,delivered,South East,3,6,25.60,0.00,0.00,25.60,1,,New
2804,872,2025-11-19,2025-11-01,delivered,South East,1,1,3.95,0.00,3.95,7.90,2,266,Repeat
2805,872,2025-12-25,2025-12-01,delivered,South East,3,5,47.00,0.00,0.00,47.00,3,36,Repeat
2806,873,2025-09-01,2025-09-01,delivered,South East,3,5,15.50,0.26,3.95,19.19,1,,New
2807,874,2025-05-11,2025-05-01,delivered,North West,4,5,16.55,0.00,3.95,20.50,1,,New
2808,874,2025-08-22,2025-08-01,delivered,North West,6,15,41.80,1.85,0.00,39.96,2,103,Repeat
2809,875,2024-09-11,2024-09-01,delivered,Midlands,1,2,8.10,0.00,3.95,12.05,1,,New
2810,875,2024-11-01,2024-11-01,delivered,Midlands,2,3,26.51,0.00,0.00,26.51,2,51,Repeat
2811,875,2024-11-24,2024-11-01,delivered,Midlands,4,6,24.14,0.00,3.95,28.09,3,23,Repeat
2812,875,2024-12-08,2024-12-01,delivered,Midlands,3,5,24.05,5.34,3.95,22.67,4,14,Repeat
2813,875,2024-12-15,2024-12-01,delivered,Midlands,2,5,42.53,0.00,0.00,42.53,5,7,Repeat
2814,875,2025-02-23,2025-02-01,delivered,Midlands,1,3,10.50,0.00,3.95,14.45,6,70,Repeat
2815,875,2025-02-28,2025-02-01,delivered,Midlands,3,6,20.20,0.00,3.95,24.15,7,5,Repeat
2816,875,2025-04-20,2025-04-01,delivered,Midlands,5,5,20.30,0.00,3.95,24.25,8,51,Repeat
2817,875,2025-04-23,2025-04-01,delivered,Midlands,1,1,14.95,0.00,3.95,18.90,9,3,Repeat
2818,875,2025-05-05,2025-05-01,delivered,Midlands,1,1,0.95,0.00,3.95,4.90,10,12,Repeat
2819,875,2025-05-21,2025-05-01,delivered,Midlands,4,5,17.85,0.00,3.95,21.80,11,16,Repeat
2820,875,2025-07-17,2025-07-01,delivered,Midlands,1,3,8.55,0.00,3.95,12.50,12,57,Repeat
2821,875,2025-10-23,2025-10-01,delivered,Midlands,2,3,13.25,0.00,3.95,17.20,13,98,Repeat
2822,875,2025-11-03,2025-11-01,delivered,Midlands,1,2,7.60,0.00,3.95,11.55,14,11,Repeat
2823,875,2025-12-02,2025-12-01,delivered,Midlands,1,1,6.95,0.00,3.95,10.90,15,29,Repeat
2824,875,2025-12-15,2025-12-01,delivered,Midlands,3,3,10.75,2.69,3.95,12.01,16,13,Repeat
2825,876,2025-10-31,2025-10-01,delivered,Midlands,3,3,11.85,0.00,3.95,15.80,1,,New
2826,877,2025-02-10,2025-02-01,delivered,London,1,3,9.60,1.44,3.95,12.11,1,,New
2827,877,2025-06-04,2025-06-01,delivered,London,1,1,2.60,0.00,3.95,6.55,2,114,Repeat
2828,878,2024-12-09,2024-12-01,delivered,Midlands,2,2,9.00,2.25,3.95,10.70,1,,New
2829,878,2024-12-10,2024-12-01,delivered,Midlands,2,3,16.05,1.41,3.95,18.60,2,1,Repeat
2830,878,2024-12-17,2024-12-01,delivered,Midlands,3,3,18.62,0.70,3.95,21.87,3,7,Repeat
2831,878,2025-01-25,2025-01-01,delivered,Midlands,5,10,32.10,0.00,0.00,32.10,4,39,Repeat
2832,878,2025-02-01,2025-02-01,delivered,Midlands,1,2,5.20,0.00,3.95,9.15,5,7,Repeat
2833,878,2025-02-02,2025-02-01,delivered,Midlands,2,3,14.80,0.96,3.95,17.79,6,1,Repeat
2834,878,2025-03-06,2025-03-01,delivered,Midlands,3,4,11.25,0.00,3.95,15.20,7,32,Repeat
2835,878,2025-03-20,2025-03-01,delivered,Midlands,1,1,4.50,0.00,3.95,8.45,8,14,Repeat
2836,878,2025-08-23,2025-08-01,delivered,Midlands,2,4,8.80,0.10,3.95,12.65,9,156,Repeat
2837,878,2025-11-02,2025-11-01,delivered,Midlands,2,2,6.20,0.00,3.95,10.15,10,71,Repeat
2838,878,2025-11-06,2025-11-01,delivered,Midlands,6,11,40.20,0.00,0.00,40.20,11,4,Repeat
2839,878,2025-12-15,2025-12-01,delivered,Midlands,2,4,22.00,0.00,3.95,25.95,12,39,Repeat
2840,878,2025-12-21,2025-12-01,delivered,Midlands,3,6,17.35,0.74,3.95,20.56,13,6,Repeat
2841,879,2024-12-14,2024-12-01,delivered,Midlands,5,9,52.18,3.31,0.00,48.87,1,,New
2842,880,2024-01-27,2024-01-01,delivered,Yorkshire,3,3,6.48,0.00,3.95,10.43,1,,New
2843,880,2024-08-11,2024-08-01,delivered,Yorkshire,4,7,15.85,1.31,3.95,18.49,2,197,Repeat
2844,881,2025-12-31,2025-12-01,delivered,North West,2,4,18.35,0.00,3.95,22.30,1,,New
2845,882,2025-02-03,2025-02-01,delivered,South East,1,1,3.30,0.00,3.95,7.25,1,,New
2846,882,2025-02-05,2025-02-01,delivered,South East,1,1,2.75,0.00,3.95,6.70,2,2,Repeat
2847,882,2025-08-31,2025-08-01,delivered,South East,4,4,19.25,0.00,3.95,23.20,3,207,Repeat
2848,883,2025-12-09,2025-12-01,delivered,North West,2,3,10.05,0.00,3.95,14.00,1,,New
2849,884,2024-08-18,2024-08-01,delivered,Yorkshire,2,4,10.00,0.46,3.95,13.49,1,,New
2850,884,2024-09-16,2024-09-01,delivered,Yorkshire,3,4,31.29,0.00,0.00,31.29,2,29,Repeat
2851,884,2024-12-17,2024-12-01,delivered,Yorkshire,4,10,29.93,1.41,0.00,28.53,3,92,Repeat
2852,884,2025-05-23,2025-05-01,delivered,Yorkshire,2,2,16.75,0.00,3.95,20.70,4,157,Repeat
2853,884,2025-07-26,2025-07-01,delivered,Yorkshire,3,4,12.55,0.29,3.95,16.22,5,64,Repeat
2854,885,2025-02-04,2025-02-01,delivered,North West,1,2,27.00,0.00,0.00,27.00,1,,New
2855,886,2024-06-16,2024-06-01,delivered,Yorkshire,3,4,13.25,0.46,3.95,16.74,1,,New
2856,886,2024-07-16,2024-07-01,delivered,Yorkshire,3,4,38.86,0.23,0.00,38.63,2,30,Repeat
2857,886,2024-07-21,2024-07-01,delivered,Yorkshire,1,1,2.95,0.00,3.95,6.90,3,5,Repeat
2858,886,2024-08-15,2024-08-01,delivered,Yorkshire,2,2,5.53,0.00,3.95,9.48,4,25,Repeat
2859,886,2024-09-09,2024-09-01,delivered,Yorkshire,5,5,29.53,0.25,0.00,29.28,5,25,Repeat
2860,886,2024-09-21,2024-09-01,delivered,Yorkshire,1,1,1.14,0.00,3.95,5.09,6,12,Repeat
2861,886,2025-04-28,2025-04-01,delivered,Yorkshire,1,1,3.95,0.00,3.95,7.90,7,219,Repeat
2862,886,2025-04-28,2025-04-01,delivered,Yorkshire,5,5,28.40,0.00,0.00,28.40,8,0,Repeat
2863,886,2025-09-25,2025-09-01,delivered,Yorkshire,3,8,22.15,0.00,3.95,26.10,9,150,Repeat
2864,886,2025-11-03,2025-11-01,delivered,Yorkshire,6,10,37.00,0.00,0.00,37.00,10,39,Repeat
2865,886,2025-11-08,2025-11-01,delivered,Yorkshire,2,3,10.15,0.00,3.95,14.10,11,5,Repeat
2866,886,2025-12-04,2025-12-01,delivered,Yorkshire,2,2,18.15,0.80,3.95,21.30,12,26,Repeat
2868,887,2024-05-21,2024-05-01,delivered,North West,2,2,5.91,0.00,3.95,9.86,2,43,Repeat
2869,887,2024-08-05,2024-08-01,delivered,North West,3,4,20.00,0.00,3.95,23.95,3,76,Repeat
2870,887,2024-08-16,2024-08-01,delivered,North West,1,2,4.96,0.00,3.95,8.91,4,11,Repeat
2871,887,2025-01-09,2025-01-01,delivered,North West,3,3,20.55,0.00,3.95,24.50,5,146,Repeat
2872,887,2025-05-27,2025-05-01,delivered,North West,1,1,3.30,0.00,3.95,7.25,6,138,Repeat
2873,887,2025-06-10,2025-06-01,delivered,North West,3,3,8.30,0.00,3.95,12.25,7,14,Repeat
2874,887,2025-07-08,2025-07-01,delivered,North West,5,7,27.45,0.10,0.00,27.35,8,28,Repeat
2875,887,2025-08-10,2025-08-01,delivered,North West,2,2,5.20,0.00,3.95,9.15,9,33,Repeat
2876,887,2025-12-28,2025-12-01,delivered,North West,3,5,24.95,0.00,3.95,28.90,10,140,Repeat
2877,888,2025-08-24,2025-08-01,delivered,London,5,9,37.30,0.57,0.00,36.73,1,,New
2878,888,2025-12-05,2025-12-01,delivered,London,3,4,14.70,3.44,3.95,15.21,2,103,Repeat
2879,889,2024-09-08,2024-09-01,delivered,North West,3,3,11.53,0.25,3.95,15.23,1,,New
2880,889,2024-12-21,2024-12-01,delivered,North West,5,6,32.86,2.55,0.00,30.31,2,104,Repeat
2881,889,2024-12-25,2024-12-01,delivered,North West,2,5,23.24,0.00,3.95,27.19,3,4,Repeat
2882,889,2025-10-12,2025-10-01,delivered,North West,2,5,13.60,0.00,3.95,17.55,4,291,Repeat
2883,890,2025-03-01,2025-03-01,delivered,Yorkshire,1,1,11.50,0.00,3.95,15.45,1,,New
2884,890,2025-12-30,2025-12-01,delivered,Yorkshire,3,5,14.90,0.00,3.95,18.85,2,304,Repeat
2885,891,2024-12-22,2024-12-01,delivered,North West,4,6,23.47,5.13,3.95,22.29,1,,New
2886,891,2025-05-08,2025-05-01,delivered,North West,3,7,20.50,0.00,3.95,24.45,2,137,Repeat
2887,891,2025-05-19,2025-05-01,delivered,North West,1,2,21.90,0.00,3.95,25.85,3,11,Repeat
2888,891,2025-11-10,2025-11-01,delivered,North West,2,2,8.75,0.00,3.95,12.70,4,175,Repeat
2889,891,2025-12-02,2025-12-01,delivered,North West,3,4,16.80,0.80,3.95,19.95,5,22,Repeat
2890,891,2025-12-03,2025-12-01,delivered,North West,3,3,10.10,1.93,3.95,12.13,6,1,Repeat
2891,892,2024-12-21,2024-12-01,delivered,Scotland,1,4,20.00,0.00,3.95,23.95,1,,New
2892,892,2025-01-11,2025-01-01,delivered,Scotland,5,7,46.30,0.00,0.00,46.30,2,21,Repeat
2893,892,2025-05-10,2025-05-01,delivered,Scotland,6,11,41.65,0.00,0.00,41.65,3,119,Repeat
2894,892,2025-06-30,2025-06-01,delivered,Scotland,2,2,4.05,0.11,3.95,7.89,4,51,Repeat
2895,892,2025-08-04,2025-08-01,delivered,Scotland,4,7,43.85,0.50,0.00,43.35,5,35,Repeat
2896,892,2025-12-16,2025-12-01,delivered,Scotland,5,8,40.15,3.01,0.00,37.14,6,134,Repeat
2897,892,2025-12-23,2025-12-01,delivered,Scotland,1,1,15.95,0.00,3.95,19.90,7,7,Repeat
2898,893,2024-01-18,2024-01-01,delivered,North West,2,6,16.38,0.00,3.95,20.33,1,,New
2899,894,2024-12-03,2024-12-01,delivered,London,1,1,1.14,0.00,3.95,5.09,1,,New
2900,894,2025-07-05,2025-07-01,delivered,London,1,3,9.60,0.00,3.95,13.55,2,214,Repeat
2901,895,2025-04-23,2025-04-01,delivered,Scotland,3,4,20.05,0.00,3.95,24.00,1,,New
2902,896,2025-07-27,2025-07-01,delivered,North West,3,5,17.20,0.81,3.95,20.34,1,,New
2903,897,2025-03-13,2025-03-01,delivered,South East,1,2,2.20,0.00,3.95,6.15,1,,New
2905,898,2024-07-12,2024-07-01,delivered,London,1,2,2.10,0.21,3.95,5.84,2,54,Repeat
2906,898,2024-10-08,2024-10-01,delivered,London,4,6,18.96,0.00,3.95,22.91,3,88,Repeat
2907,898,2024-10-21,2024-10-01,delivered,London,3,8,29.42,3.74,0.00,25.68,4,13,Repeat
2908,898,2024-12-02,2024-12-01,delivered,London,4,8,51.00,9.50,0.00,41.50,5,42,Repeat
2909,898,2025-01-09,2025-01-01,delivered,London,3,5,22.35,0.00,3.95,26.30,6,38,Repeat
2910,898,2025-03-18,2025-03-01,delivered,London,1,2,5.90,0.89,3.95,8.97,7,68,Repeat
2911,899,2024-01-28,2024-01-01,delivered,South East,4,7,36.15,0.00,0.00,36.15,1,,New
2912,899,2024-02-16,2024-02-01,delivered,South East,3,7,22.52,0.00,3.95,26.47,2,19,Repeat
2913,899,2024-07-01,2024-07-01,delivered,South East,4,5,13.24,0.59,3.95,16.60,3,136,Repeat
2914,899,2024-11-01,2024-11-01,delivered,South East,2,3,11.52,0.00,3.95,15.47,4,123,Repeat
2915,900,2024-10-12,2024-10-01,delivered,North West,2,3,10.34,0.00,3.95,14.29,1,,New
2916,900,2025-12-29,2025-12-01,delivered,North West,4,6,20.35,0.00,3.95,24.30,2,443,Repeat
2917,901,2024-12-02,2024-12-01,delivered,North West,4,8,41.56,3.31,0.00,38.25,1,,New
2918,902,2024-06-28,2024-06-01,delivered,Midlands,3,6,18.72,0.00,3.95,22.67,1,,New
2919,902,2025-10-19,2025-10-01,delivered,Midlands,3,4,20.35,0.00,3.95,24.30,2,478,Repeat
2920,902,2025-11-28,2025-11-01,delivered,Midlands,2,4,11.70,0.00,3.95,15.65,3,40,Repeat
2921,903,2025-12-21,2025-12-01,delivered,London,3,5,19.55,3.44,3.95,20.06,1,,New
2922,904,2025-03-30,2025-03-01,delivered,Midlands,2,4,14.00,0.96,3.95,16.99,1,,New
2923,905,2025-03-13,2025-03-01,delivered,North West,5,7,24.10,0.00,3.95,28.05,1,,New
2924,906,2025-04-04,2025-04-01,delivered,North West,2,4,16.45,0.44,3.95,19.96,1,,New
2925,906,2025-04-07,2025-04-01,delivered,North West,2,4,16.10,0.00,3.95,20.05,2,3,Repeat
2926,907,2025-07-26,2025-07-01,delivered,North West,4,7,16.70,0.27,3.95,20.38,1,,New
2927,908,2025-06-01,2025-06-01,delivered,Yorkshire,3,5,18.00,0.00,3.95,21.95,1,,New
2928,909,2025-01-01,2025-01-01,delivered,North West,2,2,9.75,0.00,3.95,13.70,1,,New
2929,909,2025-08-11,2025-08-01,delivered,North West,3,4,14.25,0.00,3.95,18.20,2,222,Repeat
2930,910,2025-11-19,2025-11-01,delivered,Midlands,3,6,18.95,0.00,3.95,22.90,1,,New
2931,911,2024-02-07,2024-02-01,delivered,Scotland,2,2,15.57,0.00,3.95,19.52,1,,New
2932,911,2024-05-28,2024-05-01,delivered,Scotland,2,5,16.24,0.00,3.95,20.19,2,111,Repeat
2933,911,2024-06-19,2024-06-01,delivered,Scotland,5,8,44.81,0.00,0.00,44.81,3,22,Repeat
2934,911,2024-08-22,2024-08-01,delivered,Scotland,2,3,7.52,0.75,3.95,10.72,4,64,Repeat
2935,911,2024-10-15,2024-10-01,delivered,Scotland,5,8,51.05,0.63,0.00,50.42,5,54,Repeat
2936,911,2025-02-14,2025-02-01,delivered,Scotland,4,6,18.10,1.44,3.95,20.61,6,122,Repeat
2937,911,2025-02-18,2025-02-01,delivered,Scotland,1,2,1.90,0.00,3.95,5.85,7,4,Repeat
2938,911,2025-03-09,2025-03-01,delivered,Scotland,4,7,21.50,0.00,3.95,25.45,8,19,Repeat
2939,911,2025-04-10,2025-04-01,delivered,Scotland,3,8,19.10,0.00,3.95,23.05,9,32,Repeat
2940,911,2025-05-25,2025-05-01,delivered,Scotland,3,4,5.60,0.00,3.95,9.55,10,45,Repeat
2941,911,2025-09-11,2025-09-01,delivered,Scotland,2,4,12.30,0.00,3.95,16.25,11,109,Repeat
2942,911,2025-12-26,2025-12-01,delivered,Scotland,1,1,15.95,0.00,3.95,19.90,12,106,Repeat
2943,912,2025-12-13,2025-12-01,delivered,South East,6,9,36.10,0.94,0.00,35.16,1,,New
2944,913,2024-06-09,2024-06-01,delivered,London,3,4,11.58,0.00,3.95,15.53,1,,New
2945,913,2025-05-14,2025-05-01,delivered,London,3,3,8.50,0.00,3.95,12.45,2,339,Repeat
2946,913,2025-07-02,2025-07-01,delivered,London,4,7,35.60,0.86,0.00,34.75,3,49,Repeat
2947,913,2025-07-17,2025-07-01,delivered,London,5,9,39.65,0.87,0.00,38.78,4,15,Repeat
2948,913,2025-07-22,2025-07-01,delivered,London,6,10,50.50,0.29,0.00,50.22,5,5,Repeat
2949,913,2025-08-10,2025-08-01,delivered,London,3,4,21.10,0.50,3.95,24.55,6,19,Repeat
2950,914,2025-04-22,2025-04-01,delivered,Scotland,1,1,2.70,0.00,3.95,6.65,1,,New
2951,914,2025-10-05,2025-10-01,delivered,Scotland,5,11,28.90,0.00,0.00,28.90,2,166,Repeat
2952,915,2025-07-27,2025-07-01,delivered,North West,2,3,12.90,0.00,3.95,16.85,1,,New
2953,915,2025-11-24,2025-11-01,delivered,North West,2,2,20.70,0.00,3.95,24.65,2,120,Repeat
2954,916,2024-04-07,2024-04-01,delivered,London,1,2,4.96,0.00,3.95,8.91,1,,New
2955,916,2024-06-18,2024-06-01,delivered,London,1,3,8.13,0.00,3.95,12.08,2,72,Repeat
2956,916,2024-07-01,2024-07-01,delivered,London,3,3,8.48,0.42,3.95,12.01,3,13,Repeat
2957,916,2024-11-02,2024-11-01,delivered,London,3,7,23.92,0.00,3.95,27.87,4,124,Repeat
2958,916,2024-11-27,2024-11-01,delivered,London,3,4,8.20,0.00,3.95,12.15,5,25,Repeat
2959,916,2024-12-09,2024-12-01,delivered,London,5,11,21.11,0.00,3.95,25.06,6,12,Repeat
2960,916,2025-04-21,2025-04-01,delivered,London,3,5,14.30,0.00,3.95,18.25,7,133,Repeat
2961,916,2025-05-20,2025-05-01,delivered,London,3,4,34.65,0.00,0.00,34.65,8,29,Repeat
2962,916,2025-11-01,2025-11-01,delivered,London,2,5,13.60,0.00,3.95,17.55,9,165,Repeat
2963,916,2025-12-28,2025-12-01,delivered,London,3,6,21.35,0.00,3.95,25.30,10,57,Repeat
2964,917,2024-11-18,2024-11-01,delivered,North West,1,1,3.62,0.00,3.95,7.57,1,,New
2965,918,2024-10-25,2024-10-01,delivered,South East,2,4,26.76,0.00,0.00,26.76,1,,New
2966,918,2024-11-02,2024-11-01,delivered,North West,1,1,3.62,0.00,3.95,7.57,2,8,Repeat
2967,918,2024-12-25,2024-12-01,delivered,North West,1,1,2.81,0.00,3.95,6.76,3,53,Repeat
2968,919,2024-11-29,2024-11-01,delivered,Yorkshire,4,6,15.99,0.00,3.95,19.94,1,,New
2969,920,2024-01-16,2024-01-01,delivered,London,3,4,12.29,0.00,3.95,16.24,1,,New
2970,920,2024-04-19,2024-04-01,delivered,London,2,7,13.94,0.00,3.95,17.89,2,94,Repeat
2971,920,2024-08-08,2024-08-01,delivered,London,3,3,15.81,0.26,3.95,19.50,3,111,Repeat
2972,921,2024-10-28,2024-10-01,delivered,Scotland,1,1,4.71,0.94,3.95,7.72,1,,New
2973,921,2024-11-02,2024-11-01,delivered,Scotland,1,1,8.76,0.00,3.95,12.71,2,5,Repeat
2974,921,2025-05-20,2025-05-01,delivered,Scotland,3,6,41.90,0.00,0.00,41.90,3,199,Repeat
2975,921,2025-10-10,2025-10-01,delivered,Scotland,3,5,22.30,0.00,3.95,26.25,4,143,Repeat
2976,921,2025-12-28,2025-12-01,delivered,North West,2,4,14.05,0.00,3.95,18.00,5,79,Repeat
2977,922,2025-08-02,2025-08-01,delivered,South East,1,3,7.20,0.00,3.95,11.15,1,,New
2978,922,2025-09-18,2025-09-01,delivered,South East,4,4,23.80,0.26,3.95,27.49,2,47,Repeat
2979,922,2025-11-29,2025-11-01,delivered,South East,3,3,14.45,0.00,3.95,18.40,3,72,Repeat
2980,923,2024-11-14,2024-11-01,delivered,Scotland,3,3,8.04,0.00,3.95,11.99,1,,New
2981,924,2025-10-10,2025-10-01,delivered,South East,1,3,12.75,0.00,3.95,16.70,1,,New
2982,925,2024-09-04,2024-09-01,delivered,Yorkshire,6,7,23.15,0.50,3.95,26.60,1,,New
2983,925,2024-09-27,2024-09-01,delivered,Yorkshire,6,9,39.67,0.00,0.00,39.67,2,23,Repeat
2984,925,2024-10-23,2024-10-01,delivered,Yorkshire,2,3,13.58,0.00,3.95,17.53,3,26,Repeat
2985,925,2024-11-03,2024-11-01,delivered,Yorkshire,4,9,25.52,0.00,0.00,25.52,4,11,Repeat
2986,925,2024-11-07,2024-11-01,delivered,Yorkshire,6,7,28.80,0.00,0.00,28.80,5,4,Repeat
2987,925,2024-11-22,2024-11-01,delivered,Yorkshire,2,4,8.94,0.00,3.95,12.89,6,15,Repeat
2988,925,2024-12-20,2024-12-01,delivered,Yorkshire,3,6,29.38,4.64,3.95,28.69,7,28,Repeat
2989,925,2025-01-21,2025-01-01,delivered,Yorkshire,1,1,3.40,0.00,3.95,7.35,8,32,Repeat
2990,925,2025-02-23,2025-02-01,delivered,Yorkshire,5,9,38.60,0.00,0.00,38.60,9,33,Repeat
2991,925,2025-03-23,2025-03-01,delivered,Yorkshire,2,2,7.95,0.00,3.95,11.90,10,28,Repeat
2992,925,2025-03-25,2025-03-01,delivered,Yorkshire,4,7,30.90,2.63,0.00,28.28,11,2,Repeat
2993,925,2025-05-06,2025-05-01,delivered,Yorkshire,2,2,9.20,0.00,3.95,13.15,12,42,Repeat
2994,925,2025-08-11,2025-08-01,delivered,Yorkshire,2,3,22.35,0.00,3.95,26.30,13,97,Repeat
2995,925,2025-08-13,2025-08-01,delivered,Yorkshire,1,1,17.95,0.00,3.95,21.90,14,2,Repeat
2996,925,2025-09-07,2025-09-01,delivered,Yorkshire,2,4,22.35,0.00,3.95,26.30,15,25,Repeat
2997,925,2025-09-14,2025-09-01,delivered,Yorkshire,6,10,46.10,0.52,0.00,45.58,16,7,Repeat
2998,925,2025-10-28,2025-10-01,delivered,Yorkshire,2,3,15.00,0.00,3.95,18.95,17,44,Repeat
2999,925,2025-12-09,2025-12-01,delivered,Yorkshire,1,1,3.20,0.80,3.95,6.35,18,42,Repeat
3001,926,2025-04-17,2025-04-01,delivered,North West,4,8,35.40,0.00,0.00,35.40,2,72,Repeat
3002,926,2025-09-11,2025-09-01,delivered,North West,1,1,14.95,0.00,3.95,18.90,3,147,Repeat
3003,926,2025-11-09,2025-11-01,delivered,North West,5,5,23.40,0.00,3.95,27.35,4,59,Repeat
3004,927,2025-02-19,2025-02-01,delivered,South East,2,5,16.65,0.00,3.95,20.60,1,,New
3005,927,2025-02-25,2025-02-01,delivered,South East,2,3,10.95,0.00,3.95,14.90,2,6,Repeat
3006,927,2025-08-03,2025-08-01,delivered,South East,2,3,5.95,0.20,3.95,9.70,3,159,Repeat
3007,927,2025-10-04,2025-10-01,delivered,South East,1,2,1.90,0.00,3.95,5.85,4,62,Repeat
3008,927,2025-10-12,2025-10-01,delivered,South East,2,2,9.20,0.00,3.95,13.15,5,8,Repeat
3009,928,2024-08-01,2024-08-01,delivered,North West,2,5,12.97,0.00,3.95,16.92,1,,New
3010,928,2024-12-20,2024-12-01,delivered,North West,4,6,31.81,7.22,3.95,28.55,2,141,Repeat
3011,928,2025-04-15,2025-04-01,delivered,North West,4,5,23.25,0.00,3.95,27.20,3,116,Repeat
3012,929,2024-01-16,2024-01-01,delivered,Yorkshire,1,1,0.90,0.00,3.95,4.85,1,,New
3014,929,2024-12-01,2024-12-01,delivered,Yorkshire,3,5,17.00,1.88,3.95,19.07,3,196,Repeat
3015,929,2025-01-03,2025-01-01,delivered,Yorkshire,2,4,9.80,0.00,3.95,13.75,4,33,Repeat
3016,929,2025-03-03,2025-03-01,delivered,Yorkshire,3,5,25.10,0.00,0.00,25.10,5,59,Repeat
3018,930,2024-08-26,2024-08-01,delivered,North West,2,6,10.02,1.00,3.95,12.97,1,,New
3019,930,2024-12-09,2024-12-01,delivered,North West,2,2,11.57,0.89,3.95,14.63,2,105,Repeat
3020,930,2025-01-13,2025-01-01,delivered,North West,5,5,31.65,0.00,0.00,31.65,3,35,Repeat
3021,930,2025-04-22,2025-04-01,delivered,North West,6,13,43.15,0.00,0.00,43.15,4,99,Repeat
3022,930,2025-08-03,2025-08-01,delivered,North West,3,5,14.80,0.54,3.95,18.21,5,103,Repeat
3023,931,2025-07-01,2025-07-01,delivered,London,2,3,5.70,0.00,3.95,9.65,1,,New
3024,932,2024-12-15,2024-12-01,delivered,Midlands,2,3,14.38,3.31,3.95,15.02,1,,New
3025,933,2024-11-07,2024-11-01,delivered,Scotland,1,3,8.28,0.00,3.95,12.23,1,,New
3026,933,2025-08-20,2025-08-01,delivered,Scotland,2,3,10.50,0.00,3.95,14.45,2,286,Repeat
3027,933,2025-09-29,2025-09-01,delivered,Scotland,1,1,5.25,0.00,3.95,9.20,3,40,Repeat
3028,934,2025-10-08,2025-10-01,delivered,Yorkshire,3,5,12.70,0.00,3.95,16.65,1,,New
3029,935,2024-12-14,2024-12-01,delivered,Scotland,3,4,11.38,0.76,3.95,14.57,1,,New
3030,935,2024-12-22,2024-12-01,delivered,Scotland,2,5,16.66,3.57,3.95,17.04,2,8,Repeat
3031,935,2024-12-28,2024-12-01,delivered,Scotland,2,3,15.43,0.00,3.95,19.38,3,6,Repeat
3032,935,2025-01-24,2025-01-01,delivered,Scotland,6,12,57.85,0.00,0.00,57.85,4,27,Repeat
3033,935,2025-03-01,2025-03-01,delivered,Scotland,6,11,50.50,0.00,0.00,50.50,5,36,Repeat
3034,935,2025-04-18,2025-04-01,delivered,Scotland,3,5,26.55,0.00,0.00,26.55,6,48,Repeat
3035,935,2025-05-17,2025-05-01,delivered,Scotland,1,3,15.75,0.00,3.95,19.70,7,29,Repeat
3036,935,2025-06-08,2025-06-01,delivered,Scotland,1,1,10.95,0.00,3.95,14.90,8,22,Repeat
3037,935,2025-09-18,2025-09-01,delivered,Scotland,1,1,14.95,0.00,3.95,18.90,9,102,Repeat
3038,935,2025-10-01,2025-10-01,delivered,Scotland,2,4,13.30,0.00,3.95,17.25,10,13,Repeat
3039,935,2025-10-12,2025-10-01,delivered,Scotland,1,2,2.20,0.00,3.95,6.15,11,11,Repeat
3040,935,2025-10-30,2025-10-01,delivered,Scotland,3,6,22.20,1.08,3.95,25.07,12,18,Repeat
3041,935,2025-11-13,2025-11-01,delivered,Scotland,3,5,21.75,0.00,3.95,25.70,13,14,Repeat
3042,935,2025-12-06,2025-12-01,delivered,Scotland,3,4,11.50,0.80,3.95,14.65,14,23,Repeat
3043,935,2025-12-12,2025-12-01,delivered,Scotland,3,5,25.05,1.19,3.95,27.81,15,6,Repeat
3044,935,2025-12-15,2025-12-01,delivered,Scotland,4,6,19.50,1.13,3.95,22.33,16,3,Repeat
3045,936,2025-11-01,2025-11-01,delivered,London,3,4,14.70,0.00,3.95,18.65,1,,New
3046,937,2024-09-10,2024-09-01,delivered,North West,2,3,13.90,0.00,3.95,17.85,1,,New
3047,938,2024-04-27,2024-04-01,delivered,London,4,5,13.42,0.00,3.95,17.37,1,,New
3048,938,2024-05-01,2024-05-01,delivered,London,2,6,17.26,0.00,3.95,21.21,2,4,Repeat
3049,938,2024-05-20,2024-05-01,delivered,London,5,5,13.09,0.00,3.95,17.04,3,19,Repeat
3050,938,2024-07-08,2024-07-01,delivered,North West,1,1,1.14,0.11,3.95,4.98,4,49,Repeat
3051,938,2024-09-01,2024-09-01,delivered,London,2,5,33.16,0.74,0.00,32.42,5,55,Repeat
3053,938,2025-07-04,2025-07-01,delivered,London,2,4,10.60,0.54,3.95,14.01,7,133,Repeat
3054,938,2025-10-19,2025-10-01,delivered,North West,3,4,14.60,1.14,3.95,17.41,8,107,Repeat
3055,938,2025-10-22,2025-10-01,delivered,London,2,3,22.00,0.00,3.95,25.95,9,3,Repeat
3056,938,2025-11-19,2025-11-01,delivered,London,3,9,26.50,0.00,0.00,26.50,10,28,Repeat
3057,938,2025-12-08,2025-12-01,delivered,London,2,3,9.70,2.43,3.95,11.23,11,19,Repeat
3058,939,2024-08-23,2024-08-01,delivered,London,5,8,20.99,1.83,3.95,23.11,1,,New
3059,939,2025-10-14,2025-10-01,delivered,London,3,3,21.25,0.00,3.95,25.20,2,417,Repeat
3060,940,2024-07-27,2024-07-01,delivered,Scotland,2,3,9.00,0.00,3.95,12.95,1,,New
3061,941,2024-11-29,2024-11-01,delivered,Yorkshire,3,4,21.05,0.00,3.95,25.00,1,,New
3062,941,2025-02-04,2025-02-01,delivered,Yorkshire,3,8,52.80,0.00,0.00,52.80,2,67,Repeat
3063,942,2025-03-25,2025-03-01,delivered,Yorkshire,1,2,5.20,0.00,3.95,9.15,1,,New
3064,942,2025-04-22,2025-04-01,delivered,Yorkshire,6,9,23.50,0.00,3.95,27.45,2,28,Repeat
3065,942,2025-09-15,2025-09-01,delivered,Yorkshire,3,3,14.40,0.26,3.95,18.09,3,146,Repeat
3066,943,2025-04-30,2025-04-01,delivered,Yorkshire,5,6,30.35,0.00,0.00,30.35,1,,New
3067,943,2025-07-02,2025-07-01,delivered,Yorkshire,1,2,7.50,0.00,3.95,11.45,2,63,Repeat
3068,943,2025-07-11,2025-07-01,delivered,Yorkshire,1,1,3.30,0.33,3.95,6.92,3,9,Repeat
3069,943,2025-07-24,2025-07-01,delivered,Yorkshire,4,7,38.70,0.11,0.00,38.59,4,13,Repeat
3070,943,2025-11-20,2025-11-01,delivered,Yorkshire,3,6,27.05,0.00,0.00,27.05,5,119,Repeat
3071,944,2025-05-05,2025-05-01,delivered,Scotland,1,1,2.60,0.00,3.95,6.55,1,,New
3072,945,2024-07-17,2024-07-01,delivered,Yorkshire,3,5,9.18,0.34,3.95,12.79,1,,New
3073,946,2024-12-05,2024-12-01,delivered,North West,2,2,8.91,1.66,3.95,11.21,1,,New
3074,947,2025-07-20,2025-07-01,delivered,Yorkshire,1,4,10.00,1.00,3.95,12.95,1,,New
3075,947,2025-12-01,2025-12-01,delivered,Yorkshire,3,5,22.45,0.00,3.95,26.40,2,134,Repeat
3076,948,2025-10-05,2025-10-01,delivered,South East,2,4,14.15,0.00,3.95,18.10,1,,New
3077,949,2025-03-31,2025-03-01,delivered,South East,1,1,2.95,0.44,3.95,6.46,1,,New
3078,950,2024-10-27,2024-10-01,delivered,London,2,3,19.00,0.95,3.95,22.00,1,,New
3079,951,2025-07-29,2025-07-01,delivered,Scotland,5,6,22.70,0.29,3.95,26.37,1,,New
3080,952,2025-11-28,2025-11-01,delivered,South East,1,3,7.80,0.00,3.95,11.75,1,,New
3081,953,2025-10-16,2025-10-01,delivered,South East,2,2,5.25,0.57,3.95,8.63,1,,New
3082,954,2024-08-24,2024-08-01,delivered,Yorkshire,1,3,7.44,0.00,3.95,11.39,1,,New
3083,955,2024-04-04,2024-04-01,delivered,London,3,5,31.11,2.39,0.00,28.72,1,,New
3084,955,2024-09-15,2024-09-01,delivered,London,4,4,22.58,0.25,3.95,26.28,2,164,Repeat
3085,955,2024-11-15,2024-11-01,delivered,London,2,2,5.19,0.00,3.95,9.14,3,61,Repeat
3086,955,2025-05-16,2025-05-01,delivered,London,1,1,2.50,0.00,3.95,6.45,4,182,Repeat
3087,955,2025-05-21,2025-05-01,delivered,London,4,8,14.20,0.00,3.95,18.15,5,5,Repeat
3088,955,2025-07-12,2025-07-01,delivered,London,1,1,4.50,0.00,3.95,8.45,6,52,Repeat
3089,955,2025-07-24,2025-07-01,delivered,London,6,10,28.20,1.78,0.00,26.42,7,12,Repeat
3090,955,2025-08-25,2025-08-01,delivered,London,2,2,9.70,0.00,3.95,13.65,8,32,Repeat
3091,955,2025-10-23,2025-10-01,delivered,London,1,1,2.90,0.00,3.95,6.85,9,59,Repeat
3092,956,2024-08-30,2024-08-01,delivered,South East,3,7,13.74,0.00,3.95,17.69,1,,New
3093,956,2024-12-15,2024-12-01,delivered,South East,2,3,9.09,0.89,3.95,12.15,2,107,Repeat
3094,956,2025-02-18,2025-02-01,delivered,South East,1,3,9.60,0.00,3.95,13.55,3,65,Repeat
3096,958,2025-08-08,2025-08-01,delivered,Yorkshire,2,5,13.20,1.08,3.95,16.07,1,,New
3097,959,2025-12-03,2025-12-01,delivered,Midlands,3,4,18.20,2.25,3.95,19.90,1,,New
3098,960,2024-12-05,2024-12-01,delivered,London,4,5,28.38,3.07,0.00,25.31,1,,New
3099,960,2025-02-22,2025-02-01,delivered,London,5,8,53.10,0.00,0.00,53.10,2,79,Repeat
3100,961,2024-05-25,2024-05-01,delivered,South East,1,1,1.14,0.00,3.95,5.09,1,,New
3101,961,2024-08-01,2024-08-01,delivered,South East,3,5,11.71,0.46,3.95,15.20,2,68,Repeat
3102,961,2024-09-17,2024-09-01,delivered,South East,1,1,2.76,0.00,3.95,6.71,3,47,Repeat
3103,961,2024-10-02,2024-10-01,delivered,South East,2,4,18.39,0.00,3.95,22.34,4,15,Repeat
3104,961,2024-11-15,2024-11-01,delivered,South East,2,4,6.76,0.00,3.95,10.71,5,44,Repeat
3105,961,2024-11-20,2024-11-01,delivered,South East,4,6,16.06,0.00,3.95,20.01,6,5,Repeat
3106,961,2024-12-13,2024-12-01,delivered,South East,2,2,18.00,0.00,3.95,21.95,7,23,Repeat
3107,961,2025-02-02,2025-02-01,delivered,South East,2,3,4.80,0.00,3.95,8.75,8,51,Repeat
3108,961,2025-02-11,2025-02-01,delivered,South East,2,2,7.75,0.00,3.95,11.70,9,9,Repeat
3109,961,2025-02-19,2025-02-01,delivered,South East,5,6,25.05,0.00,0.00,25.05,10,8,Repeat
3110,961,2025-03-04,2025-03-01,delivered,South East,4,7,19.90,0.00,3.95,23.85,11,13,Repeat
3111,961,2025-05-08,2025-05-01,delivered,South East,5,7,40.40,0.00,0.00,40.40,12,65,Repeat
3112,961,2025-05-22,2025-05-01,delivered,South East,3,3,8.05,0.00,3.95,12.00,13,14,Repeat
3113,961,2025-06-07,2025-06-01,delivered,South East,4,7,16.15,0.00,3.95,20.10,14,16,Repeat
3114,961,2025-06-29,2025-06-01,delivered,South East,1,1,1.20,0.00,3.95,5.15,15,22,Repeat
3115,961,2025-07-12,2025-07-01,delivered,South East,3,5,14.35,1.04,3.95,17.26,16,13,Repeat
3117,961,2025-08-03,2025-08-01,delivered,South East,2,3,8.00,0.54,3.95,11.41,18,2,Repeat
3118,961,2025-12-17,2025-12-01,delivered,South East,1,1,4.50,1.13,3.95,7.33,19,136,Repeat
3119,962,2025-12-13,2025-12-01,delivered,Midlands,5,8,29.95,6.76,3.95,27.14,1,,New
3120,963,2025-10-26,2025-10-01,delivered,South East,3,7,22.10,2.62,3.95,23.43,1,,New
3121,964,2025-03-05,2025-03-01,delivered,London,4,7,22.25,0.00,3.95,26.20,1,,New
3122,965,2025-11-04,2025-11-01,delivered,South East,3,4,12.10,0.00,3.95,16.05,1,,New
3123,966,2025-03-16,2025-03-01,delivered,London,2,4,24.80,0.00,3.95,28.75,1,,New
3124,966,2025-11-02,2025-11-01,delivered,London,3,8,26.10,0.00,0.00,26.10,2,231,Repeat
3125,966,2025-12-22,2025-12-01,delivered,London,2,5,22.20,5.55,3.95,20.60,3,50,Repeat
3126,967,2025-11-05,2025-11-01,delivered,Yorkshire,1,1,2.60,0.00,3.95,6.55,1,,New
3127,968,2024-06-26,2024-06-01,delivered,Midlands,4,6,25.87,0.57,0.00,25.30,1,,New
3128,968,2024-08-21,2024-08-01,delivered,Midlands,1,1,2.57,0.26,3.95,6.26,2,56,Repeat
3129,968,2025-04-22,2025-04-01,delivered,Midlands,5,6,33.50,0.00,0.00,33.50,3,244,Repeat
3130,968,2025-04-22,2025-04-01,delivered,Midlands,4,8,59.00,0.00,0.00,59.00,4,0,Repeat
3131,968,2025-06-04,2025-06-01,delivered,Midlands,4,5,33.75,0.00,0.00,33.75,5,43,Repeat
3132,968,2025-06-18,2025-06-01,delivered,Midlands,4,6,14.05,0.00,3.95,18.00,6,14,Repeat
3133,968,2025-06-25,2025-06-01,delivered,Midlands,6,10,38.70,0.99,0.00,37.71,7,7,Repeat
3134,968,2025-07-03,2025-07-01,delivered,Midlands,2,5,17.30,1.08,3.95,20.17,8,8,Repeat
3135,968,2025-08-22,2025-08-01,delivered,Midlands,4,7,31.30,0.00,0.00,31.30,9,50,Repeat
3136,968,2025-09-14,2025-09-01,delivered,London,1,1,3.95,0.40,3.95,7.51,10,23,Repeat
3137,968,2025-09-15,2025-09-01,delivered,Midlands,2,2,6.15,0.00,3.95,10.10,11,1,Repeat
3138,968,2025-10-10,2025-10-01,delivered,Midlands,3,4,19.50,0.00,3.95,23.45,12,25,Repeat
3139,968,2025-10-14,2025-10-01,delivered,London,2,3,14.90,0.00,3.95,18.85,13,4,Repeat
3140,968,2025-11-11,2025-11-01,delivered,London,1,1,3.75,0.00,3.95,7.70,14,28,Repeat
3141,968,2025-12-05,2025-12-01,delivered,Midlands,2,4,12.50,1.88,3.95,14.58,15,24,Repeat
3142,968,2025-12-12,2025-12-01,delivered,Midlands,3,4,12.55,0.94,3.95,15.56,16,7,Repeat
3143,968,2025-12-29,2025-12-01,delivered,Midlands,2,2,9.35,0.00,3.95,13.30,17,17,Repeat
3144,969,2025-04-11,2025-04-01,delivered,South East,3,4,18.70,0.00,3.95,22.65,1,,New
3145,970,2024-02-29,2024-02-01,delivered,Midlands,2,3,7.67,0.00,3.95,11.62,1,,New
3146,970,2024-09-22,2024-09-01,delivered,Midlands,1,1,2.71,0.00,3.95,6.66,2,206,Repeat
3147,970,2024-10-09,2024-10-01,delivered,Midlands,3,3,14.04,0.00,3.95,17.99,3,17,Repeat
3148,970,2025-04-23,2025-04-01,delivered,Midlands,4,5,14.45,0.00,3.95,18.40,4,196,Repeat
3149,970,2025-05-15,2025-05-01,delivered,Midlands,2,3,10.90,0.00,3.95,14.85,5,22,Repeat
3150,970,2025-05-31,2025-05-01,delivered,Midlands,1,2,13.00,0.00,3.95,16.95,6,16,Repeat
3151,970,2025-10-02,2025-10-01,delivered,Midlands,4,6,19.75,0.00,3.95,23.70,7,124,Repeat
3152,970,2025-11-09,2025-11-01,delivered,Midlands,2,4,16.00,0.00,3.95,19.95,8,38,Repeat
3153,970,2025-12-04,2025-12-01,delivered,Midlands,3,3,10.95,1.75,3.95,13.15,9,25,Repeat
3154,971,2025-06-21,2025-06-01,delivered,Scotland,3,7,23.95,0.90,3.95,27.00,1,,New
3155,972,2024-04-03,2024-04-01,delivered,Scotland,4,5,13.91,1.10,3.95,16.76,1,,New
3156,973,2024-12-21,2024-12-01,delivered,North West,3,3,28.19,0.00,0.00,28.19,1,,New
3157,974,2025-10-23,2025-10-01,delivered,Scotland,3,4,15.10,0.00,3.95,19.05,1,,New
3158,975,2025-10-15,2025-10-01,delivered,Midlands,4,5,30.70,0.57,0.00,30.13,1,,New
3159,976,2024-12-17,2024-12-01,delivered,Yorkshire,3,4,23.34,0.89,3.95,26.40,1,,New
3160,977,2025-09-23,2025-09-01,delivered,London,4,7,28.95,0.00,0.00,28.95,1,,New
3161,977,2025-10-07,2025-10-01,delivered,London,2,4,11.05,0.00,3.95,15.00,2,14,Repeat
3162,978,2024-08-02,2024-08-01,delivered,Yorkshire,3,4,39.05,0.00,0.00,39.05,1,,New
3163,978,2024-09-20,2024-09-01,delivered,Yorkshire,1,1,6.19,0.00,3.95,10.14,2,49,Repeat
3164,979,2025-11-25,2025-11-01,delivered,Midlands,1,1,0.95,0.00,3.95,4.90,1,,New
3165,980,2025-07-20,2025-07-01,delivered,Midlands,4,8,23.20,0.79,3.95,26.36,1,,New
3166,980,2025-09-11,2025-09-01,delivered,Midlands,2,4,15.50,0.00,3.95,19.45,2,53,Repeat
3167,981,2024-07-05,2024-07-01,delivered,London,5,7,24.28,0.55,3.95,27.68,1,,New
3168,981,2025-09-06,2025-09-01,delivered,London,4,5,19.05,0.00,3.95,23.00,2,428,Repeat
3169,982,2024-03-27,2024-03-01,delivered,Yorkshire,2,2,8.57,0.93,3.95,11.59,1,,New
3170,983,2024-06-13,2024-06-01,delivered,Midlands,2,2,4.77,0.00,3.95,8.72,1,,New
3171,983,2024-09-22,2024-09-01,delivered,Midlands,1,1,17.10,0.00,3.95,21.05,2,101,Repeat
3172,983,2024-10-17,2024-10-01,delivered,Midlands,2,2,13.47,0.94,3.95,16.48,3,25,Repeat
3173,983,2024-11-10,2024-11-01,delivered,Midlands,3,5,15.25,0.00,3.95,19.20,4,24,Repeat
3174,983,2024-11-20,2024-11-01,delivered,Midlands,2,3,7.05,0.00,3.95,11.00,5,10,Repeat
3175,983,2024-12-16,2024-12-01,delivered,Midlands,1,1,2.71,0.00,3.95,6.66,6,26,Repeat
3176,983,2025-05-06,2025-05-01,delivered,Midlands,2,2,6.45,0.00,3.95,10.40,7,141,Repeat
3177,983,2025-06-12,2025-06-01,delivered,Midlands,3,7,14.70,0.00,3.95,18.65,8,37,Repeat
3178,983,2025-07-13,2025-07-01,delivered,Midlands,2,3,3.10,0.31,3.95,6.74,9,31,Repeat
3179,983,2025-08-07,2025-08-01,delivered,Midlands,3,5,10.50,0.22,3.95,14.23,10,25,Repeat
3180,983,2025-11-28,2025-11-01,delivered,Midlands,3,5,17.70,0.00,3.95,21.65,11,113,Repeat
3181,984,2024-12-29,2024-12-01,delivered,London,1,1,2.48,0.00,3.95,6.43,1,,New
3182,984,2025-03-02,2025-03-01,delivered,London,4,5,16.70,0.00,3.95,20.65,2,63,Repeat
3183,984,2025-03-23,2025-03-01,delivered,London,4,6,22.80,1.64,3.95,25.12,3,21,Repeat
3184,984,2025-08-23,2025-08-01,delivered,London,4,5,39.55,0.00,0.00,39.55,4,153,Repeat
3185,984,2025-12-09,2025-12-01,delivered,London,4,8,49.20,0.00,0.00,49.20,5,108,Repeat
3186,985,2024-02-02,2024-02-01,delivered,London,2,2,9.52,0.93,3.95,12.54,1,,New
3187,985,2024-02-25,2024-02-01,delivered,London,6,7,24.20,0.00,3.95,28.15,2,23,Repeat
3188,985,2024-03-12,2024-03-01,delivered,London,1,1,4.29,0.00,3.95,8.24,3,16,Repeat
3189,985,2024-03-19,2024-03-01,delivered,London,1,1,4.29,0.64,3.95,7.60,4,7,Repeat
3190,985,2024-04-22,2024-04-01,delivered,London,2,5,16.96,0.00,3.95,20.91,5,34,Repeat
3191,985,2024-05-18,2024-05-01,delivered,London,1,1,8.00,0.00,3.95,11.95,6,26,Repeat
3192,985,2024-05-21,2024-05-01,delivered,London,2,3,8.19,0.00,3.95,12.14,7,3,Repeat
3193,985,2024-06-20,2024-06-01,delivered,London,1,3,7.44,0.00,3.95,11.39,8,30,Repeat
3194,985,2024-06-23,2024-06-01,delivered,London,2,4,13.14,0.00,3.95,17.09,9,3,Repeat
3195,985,2024-07-22,2024-07-01,delivered,London,4,6,9.85,0.52,3.95,13.28,10,29,Repeat
3196,985,2024-08-03,2024-08-01,delivered,London,2,2,20.86,0.00,3.95,24.81,11,12,Repeat
3198,985,2024-09-24,2024-09-01,delivered,London,2,3,19.20,0.00,3.95,23.15,13,46,Repeat
3199,985,2024-10-03,2024-10-01,delivered,London,2,2,8.76,0.00,3.95,12.71,14,9,Repeat
3200,985,2024-11-16,2024-11-01,delivered,London,5,6,20.24,0.00,3.95,24.19,15,44,Repeat
3201,985,2024-11-19,2024-11-01,delivered,London,3,3,13.43,0.00,3.95,17.38,16,3,Repeat
3202,985,2024-11-28,2024-11-01,delivered,London,1,1,2.62,0.00,3.95,6.57,17,9,Repeat
3203,985,2024-12-02,2024-12-01,delivered,London,2,5,18.82,4.71,3.95,18.07,18,4,Repeat
3204,985,2025-01-12,2025-01-01,delivered,London,4,6,14.60,0.00,3.95,18.55,19,41,Repeat
3205,985,2025-04-20,2025-04-01,delivered,London,4,7,22.80,0.00,3.95,26.75,20,98,Repeat
3206,985,2025-05-14,2025-05-01,delivered,London,3,3,14.10,0.00,3.95,18.05,21,24,Repeat
3207,985,2025-07-24,2025-07-01,delivered,London,3,5,9.45,0.85,3.95,12.55,22,71,Repeat
3208,985,2025-10-06,2025-10-01,delivered,London,1,1,4.95,0.00,3.95,8.90,23,74,Repeat
3209,985,2025-10-18,2025-10-01,delivered,London,4,5,22.10,0.57,3.95,25.48,24,12,Repeat
3210,985,2025-11-25,2025-11-01,delivered,London,2,3,5.05,0.00,3.95,9.00,25,38,Repeat
3211,985,2025-11-25,2025-11-01,delivered,London,2,3,10.65,0.00,3.95,14.60,26,0,Repeat
3212,985,2025-12-20,2025-12-01,delivered,London,5,5,15.30,0.00,3.95,19.25,27,25,Repeat
3213,985,2025-12-23,2025-12-01,delivered,London,1,2,31.90,0.00,0.00,31.90,28,3,Repeat
3214,986,2025-10-07,2025-10-01,delivered,London,2,2,14.70,0.00,3.95,18.65,1,,New
3215,987,2024-08-15,2024-08-01,delivered,London,2,2,5.24,0.26,3.95,8.93,1,,New
3216,988,2025-09-04,2025-09-01,delivered,Yorkshire,1,1,2.95,0.00,3.95,6.90,1,,New
3217,989,2025-01-03,2025-01-01,delivered,Scotland,2,3,8.05,0.00,3.95,12.00,1,,New
3218,989,2025-07-25,2025-07-01,delivered,Scotland,5,9,32.70,1.45,0.00,31.25,2,203,Repeat
3219,990,2024-06-10,2024-06-01,delivered,Scotland,4,6,41.87,0.00,0.00,41.87,1,,New
3220,990,2024-07-06,2024-07-01,delivered,Scotland,1,1,2.48,0.00,3.95,6.43,2,26,Repeat
3221,990,2024-10-26,2024-10-01,delivered,Scotland,2,5,26.94,1.88,0.00,25.06,3,112,Repeat
3222,990,2025-02-21,2025-02-01,delivered,Scotland,6,8,22.80,0.00,3.95,26.75,4,118,Repeat
3223,990,2025-03-10,2025-03-01,delivered,Scotland,2,2,17.80,0.00,3.95,21.75,5,17,Repeat
3224,990,2025-06-10,2025-06-01,delivered,Scotland,4,7,33.80,0.00,0.00,33.80,6,92,Repeat
3225,990,2025-11-23,2025-11-01,delivered,Scotland,2,5,16.75,0.00,3.95,20.70,7,166,Repeat
3226,990,2025-12-20,2025-12-01,delivered,Scotland,3,6,13.55,0.00,3.95,17.50,8,27,Repeat
3227,991,2024-05-27,2024-05-01,delivered,South East,2,2,16.14,0.00,3.95,20.09,1,,New
3228,991,2024-11-30,2024-11-01,delivered,Midlands,1,1,2.29,0.00,3.95,6.24,2,187,Repeat
3229,991,2025-03-07,2025-03-01,delivered,South East,2,5,21.40,0.00,3.95,25.35,3,97,Repeat
3231,991,2025-06-09,2025-06-01,delivered,South East,1,1,1.10,0.00,3.95,5.05,5,22,Repeat
3232,991,2025-07-30,2025-07-01,delivered,South East,5,9,48.40,1.06,0.00,47.35,6,51,Repeat
3233,991,2025-12-16,2025-12-01,delivered,South East,1,2,5.20,0.00,3.95,9.15,7,139,Repeat
3234,991,2025-12-30,2025-12-01,delivered,South East,5,8,27.80,0.00,0.00,27.80,8,14,Repeat
3235,992,2025-02-20,2025-02-01,delivered,London,2,2,6.40,0.00,3.95,10.35,1,,New
3237,993,2025-12-25,2025-12-01,delivered,South East,2,4,11.20,0.00,3.95,15.15,2,27,Repeat
3238,994,2024-12-20,2024-12-01,delivered,South East,2,2,9.57,1.66,3.95,11.87,1,,New
3239,994,2025-09-16,2025-09-01,delivered,South East,2,6,12.30,0.00,3.95,16.25,2,270,Repeat
3240,994,2025-10-31,2025-10-01,delivered,South East,5,6,33.35,0.00,0.00,33.35,3,45,Repeat
3241,995,2025-02-12,2025-02-01,delivered,South East,3,6,10.35,0.00,3.95,14.30,1,,New
3242,995,2025-06-04,2025-06-01,delivered,South East,2,2,7.60,0.00,3.95,11.55,2,112,Repeat
3244,996,2024-06-05,2024-06-01,delivered,Yorkshire,6,11,30.00,0.00,0.00,30.00,2,91,Repeat
3246,996,2024-12-24,2024-12-01,delivered,Yorkshire,1,2,6.10,1.53,3.95,8.53,4,123,Repeat
3247,996,2025-04-02,2025-04-01,delivered,Yorkshire,5,7,27.55,3.32,3.95,28.19,5,99,Repeat
3248,996,2025-06-06,2025-06-01,delivered,Yorkshire,1,1,1.20,0.00,3.95,5.15,6,65,Repeat
3249,996,2025-10-16,2025-10-01,delivered,Yorkshire,2,3,19.90,0.00,3.95,23.85,7,132,Repeat
3250,996,2025-10-24,2025-10-01,delivered,Yorkshire,3,5,20.90,0.57,3.95,24.28,8,8,Repeat
3251,996,2025-11-04,2025-11-01,delivered,Yorkshire,2,2,11.45,0.00,3.95,15.40,9,11,Repeat
3252,996,2025-11-09,2025-11-01,delivered,Yorkshire,2,3,5.25,0.00,3.95,9.20,10,5,Repeat
3253,996,2025-12-06,2025-12-01,delivered,Yorkshire,4,9,31.90,6.58,0.00,25.33,11,27,Repeat
3254,997,2024-03-23,2024-03-01,delivered,Yorkshire,1,1,4.29,0.64,3.95,7.60,1,,New
3255,998,2025-07-23,2025-07-01,delivered,Midlands,3,5,20.30,0.86,3.95,23.40,1,,New
3256,999,2025-06-25,2025-06-01,delivered,Scotland,1,3,13.50,0.00,3.95,17.45,1,,New
3257,1000,2025-07-15,2025-07-01,delivered,London,5,11,52.90,0.00,0.00,52.90,1,,New
3258,1000,2025-08-17,2025-08-01,delivered,London,1,2,8.50,0.00,3.95,12.45,2,33,Repeat
3259,1001,2025-06-19,2025-06-01,delivered,South East,1,2,5.70,0.00,3.95,9.65,1,,New
3260,1001,2025-07-31,2025-07-01,delivered,South East,4,5,33.65,0.52,0.00,33.13,2,42,Repeat
3261,1002,2025-04-23,2025-04-01,delivered,North West,2,3,25.95,0.00,0.00,25.95,1,,New
3262,1002,2025-08-03,2025-08-01,delivered,North West,2,2,17.35,0.00,3.95,21.30,2,102,Repeat
3263,1002,2025-10-25,2025-10-01,delivered,North West,3,3,20.85,0.57,3.95,24.23,3,83,Repeat
3264,1002,2025-11-21,2025-11-01,delivered,North West,1,1,5.25,0.00,3.95,9.20,4,27,Repeat
3265,1002,2025-12-31,2025-12-01,delivered,North West,5,7,38.65,0.00,0.00,38.65,5,40,Repeat
3266,1003,2025-08-07,2025-08-01,delivered,North West,2,3,24.55,0.66,3.95,27.84,1,,New
3267,1004,2024-06-23,2024-06-01,delivered,North West,1,1,15.19,0.00,3.95,19.14,1,,New
3268,1004,2024-06-23,2024-06-01,delivered,North West,3,4,14.09,0.00,3.95,18.04,2,0,Repeat
3269,1004,2024-07-26,2024-07-01,delivered,North West,4,8,35.50,0.92,0.00,34.58,3,33,Repeat
3270,1004,2024-07-26,2024-07-01,delivered,North West,1,2,2.10,0.21,3.95,5.84,4,0,Repeat
3271,1004,2024-08-11,2024-08-01,delivered,North West,1,1,2.48,0.00,3.95,6.43,5,16,Repeat
3272,1004,2024-10-15,2024-10-01,delivered,North West,3,7,38.18,0.00,0.00,38.18,6,65,Repeat
3273,1004,2024-10-24,2024-10-01,delivered,North West,1,2,4.76,0.95,3.95,7.76,7,9,Repeat
3274,1004,2025-02-22,2025-02-01,delivered,North West,1,2,25.00,0.00,0.00,25.00,8,121,Repeat
3275,1004,2025-02-23,2025-02-01,delivered,North West,2,2,5.30,0.00,3.95,9.25,9,1,Repeat
3276,1004,2025-03-24,2025-03-01,delivered,North West,2,2,5.55,0.00,3.95,9.50,10,29,Repeat
3277,1004,2025-04-21,2025-04-01,delivered,North West,3,3,12.20,0.00,3.95,16.15,11,28,Repeat
3278,1004,2025-04-22,2025-04-01,delivered,North West,1,2,5.70,0.00,3.95,9.65,12,1,Repeat
3279,1004,2025-08-03,2025-08-01,delivered,North West,4,5,15.05,0.77,3.95,18.23,13,103,Repeat
3280,1004,2025-08-05,2025-08-01,delivered,North West,1,2,6.60,0.66,3.95,9.89,14,2,Repeat
3281,1004,2025-08-26,2025-08-01,delivered,North West,2,5,9.05,0.00,3.95,13.00,15,21,Repeat
3282,1004,2025-09-12,2025-09-01,delivered,North West,3,4,15.10,0.48,3.95,18.57,16,17,Repeat
3283,1004,2025-09-21,2025-09-01,delivered,North West,3,5,12.70,0.48,3.95,16.17,17,9,Repeat
3284,1004,2025-10-24,2025-10-01,delivered,North West,2,8,22.80,4.56,3.95,22.19,18,33,Repeat
3285,1004,2025-10-28,2025-10-01,delivered,North West,2,5,15.05,2.16,3.95,16.84,19,4,Repeat
3286,1004,2025-11-07,2025-11-01,delivered,North West,5,9,45.85,0.00,0.00,45.85,20,10,Repeat
3287,1004,2025-11-28,2025-11-01,delivered,North West,5,8,31.30,0.00,0.00,31.30,21,21,Repeat
3288,1004,2025-11-29,2025-11-01,delivered,North West,3,3,12.75,0.00,3.95,16.70,22,1,Repeat
3289,1004,2025-12-28,2025-12-01,delivered,North West,2,2,7.55,0.00,3.95,11.50,23,29,Repeat
3290,1005,2024-07-12,2024-07-01,delivered,London,2,6,6.48,0.65,3.95,9.78,1,,New
3291,1005,2024-08-26,2024-08-01,delivered,London,1,1,1.05,0.11,3.95,4.90,2,45,Repeat
3292,1005,2025-02-11,2025-02-01,delivered,London,1,2,4.80,0.00,3.95,8.75,3,169,Repeat
3293,1005,2025-11-02,2025-11-01,delivered,London,1,3,12.75,0.00,3.95,16.70,4,264,Repeat
3295,1007,2024-12-16,2024-12-01,delivered,North West,2,3,16.99,0.00,3.95,20.94,1,,New
3296,1007,2025-02-15,2025-02-01,delivered,North West,3,6,19.75,0.00,3.95,23.70,2,61,Repeat
3297,1007,2025-04-05,2025-04-01,delivered,North West,3,5,29.00,0.48,0.00,28.52,3,49,Repeat
3298,1007,2025-07-21,2025-07-01,delivered,North West,4,8,16.45,0.68,3.95,19.72,4,107,Repeat
3300,1007,2025-12-02,2025-12-01,delivered,North West,2,4,24.60,0.94,3.95,27.61,6,110,Repeat
3301,1008,2024-08-25,2024-08-01,delivered,London,2,2,3.28,0.24,3.95,6.99,1,,New
3302,1008,2025-05-06,2025-05-01,delivered,London,2,2,14.90,0.00,3.95,18.85,2,254,Repeat
3303,1008,2025-06-23,2025-06-01,delivered,London,4,8,30.60,0.57,0.00,30.03,3,48,Repeat
3304,1008,2025-12-11,2025-12-01,delivered,London,5,6,28.55,1.93,0.00,26.63,4,171,Repeat
3305,1009,2025-08-03,2025-08-01,delivered,South East,2,3,3.20,0.32,3.95,6.83,1,,New
3306,1010,2025-10-08,2025-10-01,delivered,London,1,2,7.60,0.00,3.95,11.55,1,,New
3307,1011,2025-03-14,2025-03-01,delivered,Scotland,2,3,8.80,0.00,3.95,12.75,1,,New
3308,1012,2025-10-10,2025-10-01,delivered,Midlands,2,2,9.20,0.00,3.95,13.15,1,,New
3310,1014,2025-12-22,2025-12-01,delivered,Scotland,1,1,4.75,1.19,3.95,7.51,1,,New
3311,1015,2024-06-14,2024-06-01,delivered,London,1,2,8.58,0.00,3.95,12.53,1,,New
3312,1016,2025-07-30,2025-07-01,delivered,London,2,4,10.40,1.04,3.95,13.31,1,,New
3313,1016,2025-12-26,2025-12-01,delivered,London,3,9,44.25,0.00,0.00,44.25,2,149,Repeat
3314,1017,2024-09-20,2024-09-01,delivered,London,2,4,11.52,0.59,3.95,14.88,1,,New
3315,1018,2025-03-23,2025-03-01,delivered,South East,2,4,10.50,0.00,3.95,14.45,1,,New
3316,1018,2025-12-16,2025-12-01,delivered,South East,2,2,7.70,1.93,3.95,9.73,2,268,Repeat
3317,1019,2025-06-17,2025-06-01,delivered,Midlands,2,4,13.10,0.00,3.95,17.05,1,,New
3318,1020,2025-07-01,2025-07-01,delivered,London,1,4,10.40,0.00,3.95,14.35,1,,New
3320,1022,2024-09-02,2024-09-01,delivered,South East,5,10,30.87,1.63,0.00,29.24,1,,New
3321,1023,2024-04-04,2024-04-01,delivered,Scotland,3,8,33.32,4.28,0.00,29.04,1,,New
3322,1023,2025-03-06,2025-03-01,delivered,Scotland,5,8,27.05,0.00,0.00,27.05,2,336,Repeat
3323,1023,2025-04-26,2025-04-01,delivered,Scotland,6,9,23.80,0.00,3.95,27.75,3,51,Repeat
3324,1023,2025-11-14,2025-11-01,delivered,Scotland,2,2,6.10,0.00,3.95,10.05,4,202,Repeat
3325,1024,2024-12-22,2024-12-01,delivered,Yorkshire,1,2,13.24,3.31,3.95,13.88,1,,New
3326,1025,2024-02-10,2024-02-01,delivered,North West,1,2,7.14,1.07,3.95,10.02,1,,New
3328,1025,2025-12-25,2025-12-01,delivered,North West,4,9,61.30,0.00,0.00,61.30,3,178,Repeat
3329,1026,2025-08-22,2025-08-01,delivered,Midlands,5,11,44.90,2.39,0.00,42.51,1,,New
3330,1027,2025-03-11,2025-03-01,delivered,London,5,7,30.25,0.00,0.00,30.25,1,,New
3331,1027,2025-12-26,2025-12-01,delivered,London,3,6,18.10,0.00,3.95,22.05,2,290,Repeat
3332,1028,2025-03-27,2025-03-01,delivered,Midlands,2,3,10.00,0.00,3.95,13.95,1,,New
3333,1029,2024-03-12,2024-03-01,delivered,Yorkshire,1,1,4.29,0.00,3.95,8.24,1,,New
3334,1029,2024-05-07,2024-05-01,delivered,Yorkshire,1,1,2.71,0.00,3.95,6.66,2,56,Repeat
3335,1029,2024-09-12,2024-09-01,delivered,Yorkshire,1,1,3.76,0.00,3.95,7.71,3,128,Repeat
3336,1029,2024-09-14,2024-09-01,delivered,Yorkshire,2,5,14.89,0.00,3.95,18.84,4,2,Repeat
3337,1029,2024-10-16,2024-10-01,delivered,Yorkshire,2,3,7.71,0.46,3.95,11.20,5,32,Repeat
3338,1029,2025-08-29,2025-08-01,delivered,Yorkshire,1,3,8.10,0.81,3.95,11.24,6,317,Repeat
3339,1029,2025-11-24,2025-11-01,delivered,Yorkshire,2,2,5.45,0.00,3.95,9.40,7,87,Repeat
3340,1029,2025-12-07,2025-12-01,delivered,Yorkshire,3,4,24.35,0.00,3.95,28.30,8,13,Repeat
3341,1029,2025-12-07,2025-12-01,delivered,Yorkshire,4,7,22.50,2.13,3.95,24.33,9,0,Repeat
3342,1029,2025-12-30,2025-12-01,delivered,North West,6,13,38.80,0.00,0.00,38.80,10,23,Repeat
3343,1030,2025-10-12,2025-10-01,delivered,Yorkshire,1,2,9.00,0.00,3.95,12.95,1,,New
3344,1030,2025-12-09,2025-12-01,delivered,Yorkshire,1,1,3.20,0.80,3.95,6.35,2,58,Repeat
3345,1031,2025-10-02,2025-10-01,delivered,London,1,1,3.95,0.00,3.95,7.90,1,,New
3346,1032,2024-12-29,2024-12-01,delivered,London,1,4,9.92,0.00,3.95,13.87,1,,New
3347,1032,2025-07-19,2025-07-01,delivered,London,5,7,21.50,0.81,3.95,24.64,2,202,Repeat
3348,1033,2024-11-11,2024-11-01,delivered,London,2,4,14.96,0.00,3.95,18.91,1,,New
3349,1033,2024-12-09,2024-12-01,delivered,London,2,5,19.78,4.29,3.95,19.44,2,28,Repeat
3350,1033,2025-12-29,2025-12-01,delivered,London,3,6,24.70,0.00,3.95,28.65,3,385,Repeat
3351,1034,2025-03-16,2025-03-01,delivered,South East,4,6,12.00,0.00,3.95,15.95,1,,New
3352,1034,2025-06-09,2025-06-01,delivered,South East,3,5,10.00,0.00,3.95,13.95,2,85,Repeat
3353,1034,2025-06-24,2025-06-01,delivered,South East,4,6,11.65,0.81,3.95,14.80,3,15,Repeat
3354,1034,2025-07-12,2025-07-01,delivered,South East,2,6,16.80,1.68,3.95,19.07,4,18,Repeat
3355,1034,2025-08-25,2025-08-01,delivered,South East,6,16,51.05,2.66,0.00,48.39,5,44,Repeat
3356,1034,2025-10-28,2025-10-01,delivered,South East,3,8,30.50,0.00,0.00,30.50,6,64,Repeat
3357,1034,2025-11-20,2025-11-01,delivered,South East,3,5,19.20,0.00,3.95,23.15,7,23,Repeat
3358,1035,2025-08-10,2025-08-01,delivered,Yorkshire,4,8,32.90,0.90,0.00,32.00,1,,New
3359,1036,2025-01-25,2025-01-01,delivered,Yorkshire,1,2,4.80,0.00,3.95,8.75,1,,New
3360,1036,2025-12-30,2025-12-01,delivered,Yorkshire,3,5,11.00,0.00,3.95,14.95,2,339,Repeat
3361,1037,2024-06-26,2024-06-01,delivered,Yorkshire,4,5,38.10,0.11,0.00,38.00,1,,New
3362,1037,2025-10-13,2025-10-01,delivered,Yorkshire,2,4,10.30,0.00,3.95,14.25,2,474,Repeat
3363,1037,2025-10-30,2025-10-01,delivered,Yorkshire,2,4,27.55,0.00,0.00,27.55,3,17,Repeat
3364,1037,2025-11-21,2025-11-01,delivered,Yorkshire,3,5,29.60,0.00,0.00,29.60,4,22,Repeat
3365,1037,2025-12-15,2025-12-01,delivered,Yorkshire,1,1,3.30,0.00,3.95,7.25,5,24,Repeat
3366,1037,2025-12-27,2025-12-01,delivered,Yorkshire,5,8,32.15,0.00,0.00,32.15,6,12,Repeat
3367,1038,2025-04-15,2025-04-01,delivered,Midlands,2,3,5.05,0.00,3.95,9.00,1,,New
3368,1038,2025-07-09,2025-07-01,delivered,Scotland,2,3,8.70,0.87,3.95,11.78,2,85,Repeat
3369,1038,2025-10-19,2025-10-01,delivered,Midlands,2,4,11.25,0.57,3.95,14.63,3,102,Repeat
3370,1038,2025-10-21,2025-10-01,delivered,Midlands,1,3,7.80,0.00,3.95,11.75,4,2,Repeat
3371,1039,2025-03-14,2025-03-01,delivered,Scotland,4,6,17.60,0.00,3.95,21.55,1,,New
3372,1039,2025-03-16,2025-03-01,delivered,Scotland,1,1,3.75,0.56,3.95,7.14,2,2,Repeat
3373,1039,2025-04-19,2025-04-01,delivered,Scotland,2,4,15.70,0.00,3.95,19.65,3,34,Repeat
3374,1039,2025-09-08,2025-09-01,delivered,Scotland,1,4,12.80,0.00,3.95,16.75,4,142,Repeat
3375,1040,2024-09-06,2024-09-01,delivered,South East,3,6,18.02,0.50,3.95,21.47,1,,New
3376,1040,2024-10-05,2024-10-01,delivered,South East,4,4,24.86,0.00,3.95,28.81,2,29,Repeat
3377,1040,2024-11-06,2024-11-01,delivered,South East,4,6,28.91,0.00,0.00,28.91,3,32,Repeat
3379,1040,2025-04-13,2025-04-01,delivered,South East,6,7,38.35,0.00,0.00,38.35,5,61,Repeat
3380,1040,2025-07-12,2025-07-01,delivered,South East,4,6,9.65,0.11,3.95,13.49,6,90,Repeat
3381,1040,2025-07-17,2025-07-01,delivered,South East,3,5,26.45,0.29,0.00,26.17,7,5,Repeat
3382,1040,2025-12-09,2025-12-01,delivered,South East,6,10,61.15,4.55,0.00,56.60,8,145,Repeat
3383,1040,2025-12-24,2025-12-01,delivered,South East,1,2,5.90,1.48,3.95,8.38,9,15,Repeat
3384,1041,2025-06-23,2025-06-01,delivered,South East,4,5,13.25,0.79,3.95,16.41,1,,New
3385,1042,2025-07-28,2025-07-01,delivered,North West,1,1,2.40,0.00,3.95,6.35,1,,New
3386,1043,2025-06-13,2025-06-01,delivered,Scotland,2,4,13.20,0.00,3.95,17.15,1,,New
3387,1044,2025-03-08,2025-03-01,delivered,Midlands,4,6,30.25,0.00,0.00,30.25,1,,New
3388,1045,2025-05-01,2025-05-01,delivered,London,2,2,8.05,0.00,3.95,12.00,1,,New
3389,1046,2025-08-10,2025-08-01,delivered,London,3,6,24.85,0.00,3.95,28.80,1,,New
3390,1046,2025-12-27,2025-12-01,delivered,London,5,8,24.90,0.00,3.95,28.85,2,139,Repeat
3391,1047,2025-11-24,2025-11-01,delivered,South East,4,7,25.80,0.00,0.00,25.80,1,,New
3392,1048,2024-06-25,2024-06-01,delivered,Midlands,1,2,1.80,0.00,3.95,5.75,1,,New
3393,1048,2024-12-10,2024-12-01,delivered,Midlands,5,10,45.85,5.41,0.00,40.45,2,168,Repeat
3394,1048,2024-12-15,2024-12-01,delivered,Midlands,2,2,4.62,0.89,3.95,7.68,3,5,Repeat
3395,1048,2024-12-22,2024-12-01,delivered,Midlands,2,3,16.81,4.20,3.95,16.56,4,7,Repeat
3396,1048,2025-03-29,2025-03-01,delivered,Midlands,1,1,6.50,0.98,3.95,9.48,5,97,Repeat
3397,1048,2025-04-30,2025-04-01,delivered,Midlands,5,5,22.00,0.00,3.95,25.95,6,32,Repeat
3398,1048,2025-07-10,2025-07-01,delivered,Midlands,3,5,27.40,0.00,0.00,27.40,7,71,Repeat
3399,1048,2025-08-11,2025-08-01,delivered,Midlands,1,1,5.25,0.00,3.95,9.20,8,32,Repeat
3400,1048,2025-12-01,2025-12-01,delivered,Midlands,3,4,29.60,0.94,0.00,28.66,9,112,Repeat
3401,1049,2025-08-17,2025-08-01,delivered,North West,1,1,2.70,0.27,3.95,6.38,1,,New
3402,1050,2025-12-21,2025-12-01,delivered,Midlands,2,4,17.00,3.56,3.95,17.39,1,,New
3403,1051,2024-08-24,2024-08-01,delivered,Midlands,1,2,12.38,0.00,3.95,16.33,1,,New
3404,1051,2025-02-09,2025-02-01,delivered,Midlands,1,4,15.80,0.00,3.95,19.75,2,169,Repeat
3405,1051,2025-06-05,2025-06-01,delivered,Midlands,3,3,12.15,0.00,3.95,16.10,3,116,Repeat
3406,1051,2025-07-23,2025-07-01,delivered,Midlands,4,7,25.90,0.66,0.00,25.24,4,48,Repeat
3407,1051,2025-08-15,2025-08-01,delivered,Midlands,1,2,5.70,0.57,3.95,9.08,5,23,Repeat
3408,1051,2025-11-07,2025-11-01,delivered,Midlands,2,3,24.20,0.00,3.95,28.15,6,84,Repeat
3409,1051,2025-11-25,2025-11-01,delivered,Midlands,6,7,47.95,0.00,0.00,47.95,7,18,Repeat
3410,1052,2024-10-12,2024-10-01,delivered,Midlands,5,7,20.76,0.00,3.95,24.71,1,,New
3411,1053,2025-03-21,2025-03-01,delivered,Midlands,1,1,2.60,0.00,3.95,6.55,1,,New
3412,1053,2025-07-21,2025-07-01,delivered,Midlands,2,2,5.35,0.11,3.95,9.19,2,122,Repeat
3413,1053,2025-12-16,2025-12-01,delivered,Midlands,2,5,23.25,5.81,3.95,21.39,3,148,Repeat
3414,1054,2025-05-11,2025-05-01,delivered,Scotland,2,3,8.55,0.00,3.95,12.50,1,,New
3415,1054,2025-05-26,2025-05-01,delivered,Scotland,2,5,13.20,0.00,3.95,17.15,2,15,Repeat
3416,1055,2024-09-16,2024-09-01,delivered,London,2,2,9.52,0.00,3.95,13.47,1,,New
3417,1055,2024-12-12,2024-12-01,delivered,London,4,5,48.05,2.42,0.00,45.63,2,87,Repeat
3418,1055,2024-12-13,2024-12-01,delivered,London,2,2,8.91,1.66,3.95,11.21,3,1,Repeat
3419,1055,2025-06-19,2025-06-01,delivered,London,1,1,2.85,0.29,3.95,6.52,4,188,Repeat
3420,1055,2025-07-10,2025-07-01,delivered,London,3,6,25.05,1.01,3.95,27.99,5,21,Repeat
3421,1055,2025-08-29,2025-08-01,delivered,London,2,2,5.80,0.58,3.95,9.17,6,50,Repeat
3422,1055,2025-12-20,2025-12-01,delivered,London,2,2,22.90,0.00,3.95,26.85,7,113,Repeat
3423,1056,2025-12-19,2025-12-01,delivered,Yorkshire,3,10,35.10,6.15,0.00,28.95,1,,New
3424,1057,2025-12-01,2025-12-01,delivered,Midlands,3,4,42.30,0.95,0.00,41.35,1,,New
3425,1058,2024-01-09,2024-01-01,delivered,Yorkshire,6,16,50.17,0.00,0.00,50.17,1,,New
3426,1058,2024-01-26,2024-01-01,delivered,Yorkshire,2,6,23.43,0.00,3.95,27.38,2,17,Repeat
3427,1058,2024-02-21,2024-02-01,delivered,Yorkshire,2,5,15.13,0.00,3.95,19.08,3,26,Repeat
3428,1058,2024-04-01,2024-04-01,delivered,Yorkshire,1,1,17.10,0.00,3.95,21.05,4,40,Repeat
3429,1058,2024-06-10,2024-06-01,delivered,Yorkshire,2,3,8.05,0.00,3.95,12.00,5,70,Repeat
3430,1058,2024-11-28,2024-11-01,delivered,Yorkshire,3,4,36.30,0.00,0.00,36.30,6,171,Repeat
3431,1058,2024-12-21,2024-12-01,delivered,Yorkshire,3,4,18.67,3.31,3.95,19.31,7,23,Repeat
3432,1058,2024-12-26,2024-12-01,delivered,Yorkshire,3,4,24.00,0.00,3.95,27.95,8,5,Repeat
3433,1058,2025-01-02,2025-01-01,delivered,Yorkshire,4,6,27.05,0.00,0.00,27.05,9,7,Repeat
3434,1058,2025-01-12,2025-01-01,delivered,Yorkshire,2,3,7.70,0.00,3.95,11.65,10,10,Repeat
3435,1058,2025-03-08,2025-03-01,delivered,Yorkshire,1,1,2.70,0.00,3.95,6.65,11,55,Repeat
3436,1058,2025-03-11,2025-03-01,delivered,Yorkshire,2,5,15.90,0.00,3.95,19.85,12,3,Repeat
3437,1058,2025-04-13,2025-04-01,delivered,Yorkshire,4,9,25.10,0.00,0.00,25.10,13,33,Repeat
3438,1058,2025-04-21,2025-04-01,delivered,Yorkshire,1,3,7.80,0.00,3.95,11.75,14,8,Repeat
3439,1058,2025-04-24,2025-04-01,delivered,Yorkshire,2,2,3.90,0.00,3.95,7.85,15,3,Repeat
3440,1058,2025-05-18,2025-05-01,delivered,Yorkshire,3,6,31.60,0.00,0.00,31.60,16,24,Repeat
3441,1058,2025-05-27,2025-05-01,delivered,Yorkshire,6,9,23.40,0.00,3.95,27.35,17,9,Repeat
3442,1058,2025-06-10,2025-06-01,delivered,Yorkshire,2,2,3.70,0.00,3.95,7.65,18,14,Repeat
3443,1058,2025-07-22,2025-07-01,delivered,Yorkshire,2,4,12.50,0.99,3.95,15.46,19,42,Repeat
3444,1058,2025-07-27,2025-07-01,delivered,Yorkshire,5,8,22.15,1.46,3.95,24.65,20,5,Repeat
3445,1058,2025-08-24,2025-08-01,delivered,Yorkshire,4,8,31.50,1.38,0.00,30.12,21,28,Repeat
3446,1058,2025-09-29,2025-09-01,delivered,Yorkshire,1,1,2.70,0.00,3.95,6.65,22,36,Repeat
3447,1058,2025-10-07,2025-10-01,delivered,Yorkshire,2,2,11.10,0.00,3.95,15.05,23,8,Repeat
3449,1058,2025-10-23,2025-10-01,delivered,Yorkshire,6,7,42.05,0.50,0.00,41.55,25,3,Repeat
3450,1058,2025-11-01,2025-11-01,delivered,Yorkshire,1,3,8.55,0.00,3.95,12.50,26,9,Repeat
3451,1058,2025-11-24,2025-11-01,delivered,Yorkshire,1,1,5.25,0.00,3.95,9.20,27,23,Repeat
3452,1058,2025-11-28,2025-11-01,delivered,Yorkshire,3,7,18.90,0.00,3.95,22.85,28,4,Repeat
3453,1058,2025-12-05,2025-12-01,delivered,Yorkshire,3,6,18.40,1.13,3.95,21.23,29,7,Repeat
3454,1058,2025-12-26,2025-12-01,delivered,Yorkshire,3,3,22.70,0.00,3.95,26.65,30,21,Repeat
3455,1059,2025-07-11,2025-07-01,delivered,Midlands,2,2,15.10,0.00,3.95,19.05,1,,New
3456,1059,2025-10-17,2025-10-01,delivered,Midlands,2,3,8.85,0.00,3.95,12.80,2,98,Repeat
3457,1060,2025-10-19,2025-10-01,delivered,Midlands,5,7,18.95,0.00,3.95,22.90,1,,New
3458,1061,2025-10-23,2025-10-01,delivered,Midlands,3,4,24.35,0.00,3.95,28.30,1,,New
3459,1062,2024-09-08,2024-09-01,delivered,Scotland,3,7,19.91,0.25,3.95,23.61,1,,New
3460,1062,2025-04-05,2025-04-01,delivered,Scotland,4,7,19.05,1.44,3.95,21.56,2,209,Repeat
3461,1063,2025-04-14,2025-04-01,delivered,Scotland,2,3,8.70,0.00,3.95,12.65,1,,New
3462,1063,2025-08-31,2025-08-01,delivered,Scotland,2,5,13.20,1.08,3.95,16.07,2,139,Repeat
3463,1064,2024-10-05,2024-10-01,delivered,Scotland,4,6,35.47,0.00,0.00,35.47,1,,New
3464,1064,2024-11-26,2024-11-01,delivered,Scotland,1,1,1.05,0.00,3.95,5.00,2,52,Repeat
3465,1064,2025-05-18,2025-05-01,delivered,Scotland,3,3,6.55,0.00,3.95,10.50,3,173,Repeat
3467,1065,2025-07-07,2025-07-01,delivered,Midlands,4,5,17.60,0.79,3.95,20.76,2,496,Repeat
3468,1066,2024-11-30,2024-11-01,delivered,London,1,1,2.76,0.00,3.95,6.71,1,,New
3469,1066,2025-01-28,2025-01-01,delivered,London,2,2,6.40,0.00,3.95,10.35,2,59,Repeat
3470,1066,2025-11-28,2025-11-01,delivered,London,2,3,9.65,0.00,3.95,13.60,3,304,Repeat
3471,1067,2025-10-17,2025-10-01,delivered,North West,2,4,14.00,1.50,3.95,16.45,1,,New
3472,1068,2024-07-02,2024-07-01,delivered,Scotland,3,5,10.27,0.49,3.95,13.74,1,,New
3473,1068,2024-08-16,2024-08-01,delivered,Scotland,1,1,4.29,0.00,3.95,8.24,2,45,Repeat
3474,1068,2024-09-13,2024-09-01,delivered,Scotland,3,4,11.10,0.52,3.95,14.53,3,28,Repeat
3475,1068,2024-09-27,2024-09-01,delivered,Scotland,2,3,11.63,0.00,3.95,15.58,4,14,Repeat
3476,1068,2024-11-01,2024-11-01,delivered,Scotland,1,1,6.19,0.00,3.95,10.14,5,35,Repeat
3477,1068,2024-12-03,2024-12-01,delivered,Scotland,1,1,3.05,0.76,3.95,6.24,6,32,Repeat
3478,1068,2024-12-30,2024-12-01,delivered,Scotland,2,4,24.34,0.00,3.95,28.29,7,27,Repeat
3479,1068,2025-01-27,2025-01-01,delivered,Scotland,4,6,34.95,0.00,0.00,34.95,8,28,Repeat
3480,1068,2025-10-23,2025-10-01,delivered,Scotland,5,9,32.35,2.14,0.00,30.21,9,269,Repeat
3481,1068,2025-11-28,2025-11-01,delivered,Scotland,2,3,9.70,0.00,3.95,13.65,10,36,Repeat
3482,1068,2025-12-25,2025-12-01,delivered,Scotland,5,8,40.10,0.00,0.00,40.10,11,27,Repeat
3483,1069,2024-06-03,2024-06-01,delivered,Scotland,1,2,7.24,0.00,3.95,11.19,1,,New
3484,1070,2025-12-08,2025-12-01,delivered,Midlands,3,4,9.90,0.94,3.95,12.91,1,,New
3485,1071,2025-12-25,2025-12-01,delivered,Scotland,4,5,29.60,0.00,0.00,29.60,1,,New
3486,1072,2025-12-06,2025-12-01,delivered,North West,6,11,73.65,2.25,0.00,71.40,1,,New
3487,1073,2025-06-18,2025-06-01,delivered,Yorkshire,5,5,15.75,0.38,3.95,19.32,1,,New
3488,1074,2025-10-14,2025-10-01,delivered,Midlands,4,5,21.90,0.00,3.95,25.85,1,,New
3489,1075,2024-01-10,2024-01-01,delivered,North West,1,1,3.05,0.00,3.95,7.00,1,,New
3490,1075,2024-06-08,2024-06-01,delivered,North West,1,1,3.76,0.00,3.95,7.71,2,150,Repeat
3491,1075,2024-07-21,2024-07-01,delivered,North West,5,11,45.10,0.32,0.00,44.79,3,43,Repeat
3492,1075,2024-10-22,2024-10-01,delivered,North West,3,5,20.71,3.28,3.95,21.38,4,93,Repeat
3493,1075,2024-12-06,2024-12-01,delivered,Scotland,5,7,52.96,1.55,0.00,51.41,5,45,Repeat
3494,1075,2025-09-26,2025-09-01,delivered,North West,1,3,7.80,0.00,3.95,11.75,6,294,Repeat
3495,1075,2025-11-02,2025-11-01,delivered,North West,2,3,3.50,0.00,3.95,7.45,7,37,Repeat
3496,1076,2024-12-15,2024-12-01,delivered,Scotland,3,6,40.20,6.49,0.00,33.71,1,,New
3497,1076,2024-12-27,2024-12-01,delivered,Scotland,3,4,18.37,0.00,3.95,22.32,2,12,Repeat
3498,1076,2025-01-25,2025-01-01,delivered,Scotland,4,11,26.80,0.00,0.00,26.80,3,29,Repeat
3499,1076,2025-02-07,2025-02-01,delivered,Scotland,5,6,20.20,1.94,3.95,22.22,4,13,Repeat
3500,1076,2025-03-07,2025-03-01,delivered,Scotland,3,5,24.90,0.00,3.95,28.85,5,28,Repeat
3501,1076,2025-04-26,2025-04-01,delivered,Scotland,4,5,24.90,0.00,3.95,28.85,6,50,Repeat
3502,1076,2025-05-01,2025-05-01,delivered,Scotland,5,7,40.90,0.00,0.00,40.90,7,5,Repeat
3503,1076,2025-05-14,2025-05-01,delivered,Scotland,3,4,10.40,0.00,3.95,14.35,8,13,Repeat
3504,1076,2025-05-16,2025-05-01,delivered,Scotland,1,3,8.70,0.00,3.95,12.65,9,2,Repeat
3505,1076,2025-05-22,2025-05-01,delivered,Scotland,3,7,21.35,0.00,3.95,25.30,10,6,Repeat
3506,1076,2025-06-17,2025-06-01,delivered,Scotland,1,1,2.85,0.29,3.95,6.52,11,26,Repeat
3507,1076,2025-07-05,2025-07-01,delivered,Scotland,2,4,11.40,1.14,3.95,14.21,12,18,Repeat
3508,1076,2025-07-08,2025-07-01,delivered,Scotland,2,3,8.45,0.00,3.95,12.40,13,3,Repeat
3509,1076,2025-07-12,2025-07-01,delivered,Scotland,3,4,11.45,0.77,3.95,14.63,14,4,Repeat
3510,1076,2025-10-29,2025-10-01,delivered,Scotland,1,1,2.85,0.57,3.95,6.23,15,109,Repeat
3511,1077,2024-05-15,2024-05-01,delivered,London,3,5,13.91,0.00,3.95,17.86,1,,New
3512,1077,2024-05-22,2024-05-01,delivered,London,6,9,29.53,0.00,0.00,29.53,2,7,Repeat
3513,1077,2024-10-04,2024-10-01,delivered,London,5,8,22.23,0.00,3.95,26.18,3,135,Repeat
3514,1077,2024-12-04,2024-12-01,delivered,London,2,2,7.19,0.89,3.95,10.25,4,61,Repeat
3515,1077,2024-12-15,2024-12-01,delivered,London,2,3,8.10,1.41,3.95,10.65,5,11,Repeat
3516,1077,2025-01-07,2025-01-01,delivered,London,5,5,14.45,0.00,3.95,18.40,6,23,Repeat
3517,1077,2025-05-10,2025-05-01,delivered,London,5,7,26.50,0.00,0.00,26.50,7,123,Repeat
3518,1077,2025-06-16,2025-06-01,delivered,London,3,6,17.50,0.00,3.95,21.45,8,37,Repeat
3519,1077,2025-11-08,2025-11-01,delivered,London,3,9,34.60,0.00,0.00,34.60,9,145,Repeat
3520,1078,2024-07-28,2024-07-01,delivered,Midlands,3,3,5.57,0.11,3.95,9.42,1,,New
3521,1078,2024-12-04,2024-12-01,delivered,Midlands,3,4,12.57,1.66,3.95,14.87,2,129,Repeat
3522,1078,2024-12-26,2024-12-01,delivered,Midlands,2,3,5.56,0.00,3.95,9.51,3,22,Repeat
3523,1078,2025-03-09,2025-03-01,delivered,Midlands,2,3,5.95,0.00,3.95,9.90,4,73,Repeat
3524,1078,2025-03-25,2025-03-01,delivered,Midlands,2,2,5.60,0.68,3.95,8.88,5,16,Repeat
3525,1078,2025-10-04,2025-10-01,delivered,Midlands,2,4,21.35,0.00,3.95,25.30,6,193,Repeat
3526,1078,2025-10-11,2025-10-01,delivered,Midlands,2,2,15.20,0.00,3.95,19.15,7,7,Repeat
3527,1079,2024-09-12,2024-09-01,delivered,Yorkshire,1,1,3.24,0.00,3.95,7.19,1,,New
3528,1079,2025-07-25,2025-07-01,delivered,Yorkshire,2,2,4.50,0.33,3.95,8.12,2,316,Repeat
3529,1080,2025-06-25,2025-06-01,delivered,North West,1,2,6.40,0.00,3.95,10.35,1,,New
3530,1081,2024-07-22,2024-07-01,delivered,Yorkshire,5,6,14.38,1.01,3.95,17.32,1,,New
3531,1082,2025-04-09,2025-04-01,delivered,Midlands,2,7,22.25,0.00,3.95,26.20,1,,New
3532,1083,2024-08-21,2024-08-01,delivered,London,4,6,35.40,0.00,0.00,35.40,1,,New
3533,1084,2024-06-20,2024-06-01,delivered,London,3,5,11.48,0.11,3.95,15.32,1,,New
3536,1085,2025-08-12,2025-08-01,delivered,Scotland,5,8,29.45,0.00,0.00,29.45,1,,New
3537,1085,2025-09-28,2025-09-01,delivered,Scotland,1,1,3.75,0.00,3.95,7.70,2,47,Repeat
3538,1085,2025-10-01,2025-10-01,delivered,Scotland,1,2,5.70,0.00,3.95,9.65,3,3,Repeat
3539,1085,2025-12-20,2025-12-01,delivered,Scotland,2,2,9.90,0.74,3.95,13.11,4,80,Repeat
3540,1086,2024-07-17,2024-07-01,delivered,London,2,2,13.76,0.00,3.95,17.71,1,,New
3541,1086,2024-09-11,2024-09-01,delivered,London,5,9,39.85,0.00,0.00,39.85,2,56,Repeat
3542,1086,2025-10-23,2025-10-01,delivered,London,3,5,18.10,1.64,3.95,20.41,3,407,Repeat
3543,1086,2025-12-15,2025-12-01,delivered,London,2,5,21.65,1.48,3.95,24.13,4,53,Repeat
3544,1087,2025-04-11,2025-04-01,delivered,Scotland,2,3,11.40,0.00,3.95,15.35,1,,New
3545,1088,2025-02-14,2025-02-01,delivered,Yorkshire,1,1,3.20,0.48,3.95,6.67,1,,New
3546,1089,2025-08-29,2025-08-01,delivered,London,4,10,15.80,0.84,3.95,18.91,1,,New
3547,1089,2025-11-23,2025-11-01,delivered,London,2,2,7.85,0.00,3.95,11.80,2,86,Repeat
3548,1090,2025-06-25,2025-06-01,delivered,North West,1,1,2.60,0.00,3.95,6.55,1,,New
3549,1091,2025-05-13,2025-05-01,delivered,London,4,10,30.10,0.00,0.00,30.10,1,,New
3550,1091,2025-07-03,2025-07-01,delivered,London,3,10,23.10,0.33,3.95,26.72,2,51,Repeat
3551,1091,2025-12-05,2025-12-01,delivered,London,2,2,5.75,0.74,3.95,8.96,3,155,Repeat
3552,1092,2024-12-29,2024-12-01,delivered,Yorkshire,3,6,33.71,0.00,0.00,33.71,1,,New
3553,1093,2025-06-26,2025-06-01,delivered,Yorkshire,5,8,23.95,0.00,3.95,27.90,1,,New
3554,1094,2025-08-21,2025-08-01,delivered,Midlands,2,4,10.40,0.00,3.95,14.35,1,,New
3555,1095,2025-06-05,2025-06-01,delivered,Yorkshire,1,2,6.20,0.00,3.95,10.15,1,,New
3556,1095,2025-10-08,2025-10-01,delivered,Yorkshire,3,5,15.45,0.00,3.95,19.40,2,125,Repeat
3557,1095,2025-12-02,2025-12-01,delivered,Yorkshire,2,5,22.35,0.00,3.95,26.30,3,55,Repeat
3558,1096,2025-01-19,2025-01-01,delivered,Midlands,2,5,34.60,0.00,0.00,34.60,1,,New
3560,1098,2024-02-20,2024-02-01,delivered,South East,4,9,23.21,0.00,3.95,27.16,1,,New
3561,1098,2024-06-15,2024-06-01,delivered,South East,3,7,36.20,0.00,0.00,36.20,2,116,Repeat
3562,1098,2024-08-18,2024-08-01,delivered,South East,5,9,17.09,0.32,3.95,20.72,3,64,Repeat
3563,1098,2024-12-15,2024-12-01,delivered,South East,2,3,6.19,1.07,3.95,9.07,4,119,Repeat
3564,1098,2025-05-13,2025-05-01,delivered,South East,1,1,2.90,0.00,3.95,6.85,5,149,Repeat
3565,1098,2025-06-06,2025-06-01,delivered,South East,3,5,17.30,0.00,3.95,21.25,6,24,Repeat
3566,1098,2025-06-24,2025-06-01,delivered,South East,2,4,17.80,0.00,3.95,21.75,7,18,Repeat
3567,1098,2025-09-16,2025-09-01,delivered,South East,3,5,15.20,0.48,3.95,18.67,8,84,Repeat
3568,1098,2025-10-29,2025-10-01,delivered,South East,4,10,20.30,1.54,3.95,22.71,9,43,Repeat
3569,1098,2025-12-13,2025-12-01,delivered,South East,3,9,29.15,2.95,0.00,26.20,10,45,Repeat
3570,1098,2025-12-29,2025-12-01,delivered,South East,1,4,26.00,0.00,0.00,26.00,11,16,Repeat
3571,1099,2025-08-12,2025-08-01,delivered,London,2,3,8.50,0.33,3.95,12.12,1,,New
3572,1100,2025-10-27,2025-10-01,delivered,North West,4,5,22.65,0.54,3.95,26.06,1,,New
3573,1101,2024-08-20,2024-08-01,delivered,Yorkshire,1,2,4.96,0.00,3.95,8.91,1,,New
3574,1101,2024-08-25,2024-08-01,delivered,Yorkshire,4,6,15.59,0.46,3.95,19.08,2,5,Repeat
3575,1101,2024-11-12,2024-11-01,delivered,Yorkshire,2,5,30.33,0.00,0.00,30.33,3,79,Repeat
3576,1101,2025-04-04,2025-04-01,delivered,Yorkshire,1,1,3.20,0.48,3.95,6.67,4,143,Repeat
3577,1101,2025-05-12,2025-05-01,delivered,Yorkshire,4,4,19.80,0.00,3.95,23.75,5,38,Repeat
3579,1101,2025-09-03,2025-09-01,delivered,Yorkshire,5,6,22.75,0.00,3.95,26.70,7,52,Repeat
3580,1101,2025-12-17,2025-12-01,delivered,Yorkshire,5,6,34.55,3.43,0.00,31.13,8,105,Repeat
3581,1102,2024-12-24,2024-12-01,delivered,South East,2,2,8.34,1.07,3.95,11.22,1,,New
3582,1102,2025-12-20,2025-12-01,delivered,South East,4,6,33.60,2.54,0.00,31.06,2,361,Repeat
3583,1103,2024-05-19,2024-05-01,delivered,Scotland,2,2,8.90,0.00,3.95,12.85,1,,New
3584,1103,2024-09-20,2024-09-01,delivered,Scotland,3,7,18.52,1.38,3.95,21.09,2,124,Repeat
3585,1103,2024-09-21,2024-09-01,delivered,Scotland,1,1,2.29,0.00,3.95,6.24,3,1,Repeat
3586,1103,2024-09-30,2024-09-01,delivered,Scotland,1,2,30.38,0.00,0.00,30.38,4,9,Repeat
3587,1103,2025-04-19,2025-04-01,delivered,Scotland,1,2,5.70,0.00,3.95,9.65,5,201,Repeat
3588,1103,2025-06-17,2025-06-01,delivered,Scotland,3,3,10.80,0.00,3.95,14.75,6,59,Repeat
3589,1103,2025-08-07,2025-08-01,delivered,Scotland,3,4,16.65,0.00,3.95,20.60,7,51,Repeat
3590,1103,2025-08-10,2025-08-01,delivered,Scotland,3,7,23.70,0.86,3.95,26.80,8,3,Repeat
3591,1103,2025-10-11,2025-10-01,delivered,Scotland,2,2,19.25,0.00,3.95,23.20,9,62,Repeat
3592,1103,2025-11-29,2025-11-01,delivered,Scotland,1,4,27.80,0.00,0.00,27.80,10,49,Repeat
3593,1104,2024-03-16,2024-03-01,delivered,South East,2,6,17.62,1.83,3.95,19.74,1,,New
3594,1104,2024-05-19,2024-05-01,delivered,South East,4,6,15.38,0.00,3.95,19.33,2,64,Repeat
3595,1104,2025-06-22,2025-06-01,delivered,South East,1,1,12.50,0.00,3.95,16.45,3,399,Repeat
3596,1104,2025-07-06,2025-07-01,delivered,South East,5,9,22.15,0.66,3.95,25.45,4,14,Repeat
3597,1105,2024-12-20,2024-12-01,delivered,South East,4,8,42.53,7.25,0.00,35.28,1,,New
3598,1106,2024-12-31,2024-12-01,delivered,Scotland,2,3,12.24,0.00,3.95,16.19,1,,New
3599,1107,2025-09-29,2025-09-01,delivered,South East,3,4,18.00,0.00,3.95,21.95,1,,New
3600,1107,2025-11-05,2025-11-01,delivered,South East,1,1,6.50,0.00,3.95,10.45,2,37,Repeat
3601,1107,2025-11-22,2025-11-01,delivered,South East,3,4,10.90,0.00,3.95,14.85,3,17,Repeat
3602,1107,2025-12-02,2025-12-01,delivered,South East,2,4,11.95,2.21,3.95,13.69,4,10,Repeat
3603,1108,2025-05-12,2025-05-01,delivered,Midlands,2,2,4.75,0.00,3.95,8.70,1,,New
3604,1108,2025-11-06,2025-11-01,delivered,Midlands,2,3,7.80,0.00,3.95,11.75,2,178,Repeat
3605,1109,2025-04-22,2025-04-01,delivered,Yorkshire,2,2,12.65,0.00,3.95,16.60,1,,New
3606,1109,2025-07-05,2025-07-01,delivered,Yorkshire,3,4,10.10,0.57,3.95,13.48,2,74,Repeat
3607,1110,2025-10-13,2025-10-01,delivered,South East,2,5,19.20,0.00,3.95,23.15,1,,New
3608,1111,2025-09-04,2025-09-01,delivered,South East,1,1,2.85,0.00,3.95,6.80,1,,New
3609,1111,2025-11-17,2025-11-01,delivered,South East,1,1,4.95,0.00,3.95,8.90,2,74,Repeat
3611,1112,2025-02-28,2025-02-01,delivered,Scotland,2,3,10.20,0.00,3.95,14.15,2,100,Repeat
3612,1113,2025-12-01,2025-12-01,delivered,South East,2,7,24.50,3.38,3.95,25.08,1,,New
3613,1114,2024-05-24,2024-05-01,delivered,Midlands,3,6,19.94,0.00,3.95,23.89,1,,New
3614,1114,2025-09-09,2025-09-01,delivered,Midlands,3,7,49.90,1.40,0.00,48.50,2,473,Repeat
3615,1114,2025-12-18,2025-12-01,delivered,Midlands,1,1,15.95,0.00,3.95,19.90,3,100,Repeat
3616,1115,2025-08-15,2025-08-01,delivered,North West,2,4,13.30,0.00,3.95,17.25,1,,New
3617,1116,2025-12-23,2025-12-01,delivered,North West,3,6,26.60,5.88,3.95,24.68,1,,New
3618,1117,2025-10-30,2025-10-01,delivered,Midlands,3,8,22.20,0.00,3.95,26.15,1,,New
3619,1118,2025-06-03,2025-06-01,delivered,Scotland,2,7,34.55,0.00,0.00,34.55,1,,New
3620,1118,2025-08-13,2025-08-01,delivered,Scotland,1,3,20.85,0.00,3.95,24.80,2,71,Repeat
3621,1118,2025-11-14,2025-11-01,delivered,Scotland,2,3,20.40,0.00,3.95,24.35,3,93,Repeat
3622,1118,2025-12-24,2025-12-01,delivered,Scotland,1,1,17.95,0.00,3.95,21.90,4,40,Repeat
3623,1119,2025-04-11,2025-04-01,delivered,North West,2,2,3.60,0.00,3.95,7.55,1,,New
3624,1120,2024-10-17,2024-10-01,delivered,North West,1,1,11.90,0.00,3.95,15.85,1,,New
3625,1120,2025-04-16,2025-04-01,delivered,North West,2,3,19.95,0.00,3.95,23.90,2,181,Repeat
3626,1120,2025-05-12,2025-05-01,delivered,North West,1,1,2.85,0.00,3.95,6.80,3,26,Repeat
3627,1120,2025-06-25,2025-06-01,delivered,North West,4,6,26.70,0.57,0.00,26.13,4,44,Repeat
3628,1121,2025-06-05,2025-06-01,delivered,Midlands,5,8,33.95,0.00,0.00,33.95,1,,New
3629,1122,2025-09-09,2025-09-01,delivered,South East,1,3,9.30,0.93,3.95,12.32,1,,New
3630,1123,2025-04-12,2025-04-01,delivered,North West,2,4,11.70,0.00,3.95,15.65,1,,New
3631,1124,2024-09-29,2024-09-01,delivered,North West,2,2,8.90,0.00,3.95,12.85,1,,New
3632,1124,2024-12-04,2024-12-01,delivered,North West,2,2,21.81,1.66,3.95,24.11,2,66,Repeat
3633,1124,2025-09-24,2025-09-01,delivered,North West,2,4,12.05,0.00,3.95,16.00,3,294,Repeat
3634,1125,2024-10-14,2024-10-01,delivered,Yorkshire,1,3,8.13,0.00,3.95,12.08,1,,New
3635,1125,2025-02-11,2025-02-01,delivered,Yorkshire,2,3,7.75,0.00,3.95,11.70,2,120,Repeat
3636,1126,2025-09-18,2025-09-01,delivered,London,3,5,26.40,0.48,0.00,25.92,1,,New
3637,1127,2025-12-15,2025-12-01,delivered,Yorkshire,2,2,6.30,0.80,3.95,9.45,1,,New
3638,1128,2024-10-12,2024-10-01,delivered,London,2,2,9.00,0.00,3.95,12.95,1,,New
3639,1128,2025-02-04,2025-02-01,delivered,London,5,9,27.95,1.04,0.00,26.91,2,115,Repeat
3640,1128,2025-10-26,2025-10-01,delivered,London,1,1,11.50,0.00,3.95,15.45,3,264,Repeat
3641,1129,2025-01-21,2025-01-01,delivered,Scotland,3,4,10.90,0.00,3.95,14.85,1,,New
3642,1129,2025-03-26,2025-03-01,delivered,Midlands,4,4,11.15,0.00,3.95,15.10,2,64,Repeat
3643,1130,2024-03-06,2024-03-01,delivered,North West,2,5,25.47,0.00,0.00,25.47,1,,New
3644,1130,2024-03-21,2024-03-01,delivered,North West,2,2,6.96,0.64,3.95,10.27,2,15,Repeat
3645,1130,2024-09-03,2024-09-01,delivered,North West,2,3,4.76,0.25,3.95,8.46,3,166,Repeat
3646,1130,2025-06-19,2025-06-01,delivered,North West,2,2,3.95,0.40,3.95,7.51,4,289,Repeat
3647,1130,2025-07-30,2025-07-01,delivered,North West,4,5,10.50,1.05,3.95,13.40,5,41,Repeat
3648,1130,2025-08-27,2025-08-01,delivered,North West,3,3,7.25,0.29,3.95,10.92,6,28,Repeat
3649,1130,2025-11-06,2025-11-01,delivered,North West,2,3,17.15,0.00,3.95,21.10,7,71,Repeat
3650,1130,2025-11-20,2025-11-01,delivered,North West,3,5,14.30,0.00,3.95,18.25,8,14,Repeat
3651,1130,2025-12-06,2025-12-01,delivered,North West,5,8,18.35,1.13,3.95,21.18,9,16,Repeat
3652,1130,2025-12-13,2025-12-01,delivered,North West,3,5,37.25,0.00,0.00,37.25,10,7,Repeat
3653,1131,2024-09-13,2024-09-01,delivered,London,3,5,14.56,0.00,3.95,18.51,1,,New
3654,1132,2024-10-23,2024-10-01,delivered,South East,1,1,3.14,0.63,3.95,6.46,1,,New
3655,1133,2024-03-24,2024-03-01,delivered,Yorkshire,4,6,20.00,2.50,3.95,21.45,1,,New
3656,1133,2024-04-22,2024-04-01,delivered,Yorkshire,4,7,21.81,0.00,3.95,25.76,2,29,Repeat
3658,1133,2024-08-30,2024-08-01,delivered,Yorkshire,3,5,13.43,0.26,3.95,17.12,4,105,Repeat
3659,1133,2024-10-03,2024-10-01,delivered,Yorkshire,2,6,10.08,0.00,3.95,14.03,5,34,Repeat
3660,1133,2024-12-02,2024-12-01,delivered,Yorkshire,1,3,7.44,0.00,3.95,11.39,6,60,Repeat
3661,1133,2025-03-20,2025-03-01,delivered,Yorkshire,2,4,16.35,0.00,3.95,20.30,7,108,Repeat
3662,1133,2025-04-20,2025-04-01,delivered,Yorkshire,1,1,3.40,0.00,3.95,7.35,8,31,Repeat
3663,1133,2025-04-24,2025-04-01,delivered,Yorkshire,3,3,8.75,0.00,3.95,12.70,9,4,Repeat
3664,1133,2025-08-26,2025-08-01,delivered,Yorkshire,1,1,4.25,0.00,3.95,8.20,10,124,Repeat
3665,1133,2025-12-11,2025-12-01,delivered,Yorkshire,3,3,13.10,1.19,3.95,15.86,11,107,Repeat
3666,1134,2024-04-05,2024-04-01,delivered,North West,1,1,3.62,0.00,3.95,7.57,1,,New
3667,1134,2024-06-16,2024-06-01,delivered,North West,2,2,19.67,0.26,3.95,23.36,2,72,Repeat
3668,1134,2025-02-20,2025-02-01,delivered,North West,2,2,5.55,0.00,3.95,9.50,3,249,Repeat
3669,1135,2024-11-16,2024-11-01,delivered,Midlands,1,2,9.04,0.00,3.95,12.99,1,,New
3670,1135,2025-04-11,2025-04-01,delivered,Midlands,2,3,12.40,0.00,3.95,16.35,2,146,Repeat
3671,1135,2025-07-26,2025-07-01,delivered,Midlands,3,3,18.20,0.33,3.95,21.82,3,106,Repeat
3672,1136,2025-11-09,2025-11-01,delivered,Midlands,1,2,7.60,0.00,3.95,11.55,1,,New
3673,1137,2025-08-15,2025-08-01,delivered,Scotland,1,2,2.00,0.20,3.95,5.75,1,,New
3675,1138,2025-10-31,2025-10-01,delivered,North West,3,4,29.25,0.00,0.00,29.25,2,107,Repeat
3676,1139,2025-07-04,2025-07-01,delivered,Midlands,2,2,3.80,0.29,3.95,7.47,1,,New
3677,1140,2025-12-05,2025-12-01,delivered,London,3,3,8.55,1.54,3.95,10.96,1,,New
3678,1141,2025-04-04,2025-04-01,delivered,Yorkshire,3,3,21.40,0.00,3.95,25.35,1,,New
3679,1141,2025-10-25,2025-10-01,delivered,Yorkshire,4,7,33.40,1.04,0.00,32.36,2,204,Repeat
3681,1142,2024-12-14,2024-12-01,delivered,Yorkshire,1,1,15.19,0.00,3.95,19.14,1,,New
3682,1143,2024-08-24,2024-08-01,delivered,London,2,4,12.86,0.00,3.95,16.81,1,,New
3683,1143,2025-04-30,2025-04-01,delivered,London,3,3,9.70,0.00,3.95,13.65,2,249,Repeat
3684,1144,2025-01-12,2025-01-01,delivered,South East,1,1,3.10,0.00,3.95,7.05,1,,New
3685,1144,2025-02-11,2025-02-01,delivered,South East,3,6,20.75,0.00,3.95,24.70,2,30,Repeat
3686,1144,2025-05-04,2025-05-01,delivered,South East,1,1,1.10,0.00,3.95,5.05,3,82,Repeat
3687,1144,2025-07-13,2025-07-01,delivered,South East,2,3,15.90,0.00,3.95,19.85,4,70,Repeat
3688,1144,2025-09-15,2025-09-01,delivered,South East,2,4,7.00,0.00,3.95,10.95,5,64,Repeat
3689,1144,2025-10-18,2025-10-01,delivered,South East,2,5,14.20,2.28,3.95,15.87,6,33,Repeat
3690,1144,2025-11-09,2025-11-01,delivered,South East,2,4,23.35,0.00,3.95,27.30,7,22,Repeat
3691,1144,2025-11-21,2025-11-01,delivered,South East,2,5,12.70,0.00,3.95,16.65,8,12,Repeat
3692,1144,2025-12-04,2025-12-01,delivered,South East,4,6,36.25,5.08,0.00,31.18,9,13,Repeat
3693,1144,2025-12-22,2025-12-01,delivered,South East,1,1,4.25,0.00,3.95,8.20,10,18,Repeat
3695,1144,2025-12-28,2025-12-01,delivered,South East,1,1,6.95,0.00,3.95,10.90,12,5,Repeat
3696,1145,2024-10-05,2024-10-01,delivered,Scotland,3,6,28.42,0.00,0.00,28.42,1,,New
3697,1145,2024-12-12,2024-12-01,delivered,Scotland,3,6,44.48,7.32,0.00,37.16,2,68,Repeat
3698,1145,2024-12-22,2024-12-01,delivered,Scotland,3,4,12.63,0.76,3.95,15.82,3,10,Repeat
3699,1145,2025-02-11,2025-02-01,delivered,Scotland,2,4,12.05,0.00,3.95,16.00,4,51,Repeat
3700,1145,2025-04-19,2025-04-01,delivered,Scotland,3,4,18.70,0.00,3.95,22.65,5,67,Repeat
3701,1145,2025-07-29,2025-07-01,delivered,Scotland,2,5,14.75,0.00,3.95,18.70,6,101,Repeat
3702,1146,2025-07-15,2025-07-01,delivered,Midlands,4,8,27.55,0.86,0.00,26.70,1,,New
3703,1147,2025-12-31,2025-12-01,delivered,London,1,2,2.40,0.00,3.95,6.35,1,,New
3704,1148,2025-05-27,2025-05-01,delivered,London,4,6,20.90,0.00,3.95,24.85,1,,New
3705,1149,2025-09-25,2025-09-01,delivered,Midlands,2,3,21.60,0.00,3.95,25.55,1,,New
3706,1150,2025-06-30,2025-06-01,delivered,North West,1,1,2.85,0.29,3.95,6.52,1,,New
3707,1151,2025-10-12,2025-10-01,delivered,London,2,3,25.95,0.00,0.00,25.95,1,,New
3708,1152,2024-05-01,2024-05-01,delivered,North West,4,5,20.61,0.00,3.95,24.56,1,,New
3709,1153,2024-03-29,2024-03-01,delivered,Yorkshire,1,2,5.62,0.00,3.95,9.57,1,,New
3710,1153,2024-09-12,2024-09-01,delivered,Yorkshire,1,1,12.86,0.00,3.95,16.81,2,167,Repeat
3711,1153,2025-06-03,2025-06-01,delivered,Yorkshire,2,4,10.55,0.00,3.95,14.50,3,264,Repeat
3712,1153,2025-12-16,2025-12-01,delivered,Yorkshire,4,7,34.70,3.34,0.00,31.36,4,196,Repeat
3713,1154,2024-01-31,2024-01-01,delivered,Midlands,1,1,2.95,0.00,3.95,6.90,1,,New
3714,1154,2024-03-31,2024-03-01,delivered,Midlands,1,1,2.95,0.00,3.95,6.90,2,60,Repeat
3715,1154,2024-04-28,2024-04-01,delivered,Midlands,4,7,21.01,0.00,3.95,24.96,3,28,Repeat
3716,1154,2024-05-13,2024-05-01,delivered,Midlands,6,7,23.09,0.00,3.95,27.04,4,15,Repeat
3717,1154,2024-08-15,2024-08-01,delivered,Midlands,1,1,17.10,0.00,3.95,21.05,5,94,Repeat
3718,1154,2024-09-15,2024-09-01,delivered,Midlands,1,2,4.96,0.50,3.95,8.41,6,31,Repeat
3719,1154,2024-09-16,2024-09-01,delivered,Midlands,3,3,15.95,0.00,3.95,19.90,7,1,Repeat
3720,1154,2024-10-01,2024-10-01,delivered,Midlands,3,5,13.75,0.00,3.95,17.70,8,15,Repeat
3721,1154,2024-10-31,2024-10-01,delivered,Midlands,1,1,1.14,0.00,3.95,5.09,9,30,Repeat
3722,1154,2024-11-29,2024-11-01,delivered,Midlands,2,5,13.55,0.00,3.95,17.50,10,29,Repeat
3723,1154,2024-12-04,2024-12-01,delivered,Midlands,1,4,12.56,0.00,3.95,16.51,11,5,Repeat
3724,1154,2025-02-20,2025-02-01,delivered,Midlands,3,5,42.10,0.00,0.00,42.10,12,78,Repeat
3725,1154,2025-03-20,2025-03-01,delivered,Midlands,2,2,5.20,0.00,3.95,9.15,13,28,Repeat
3726,1154,2025-04-11,2025-04-01,delivered,Midlands,2,4,12.15,0.00,3.95,16.10,14,22,Repeat
3727,1154,2025-04-18,2025-04-01,delivered,Midlands,4,5,53.90,0.00,0.00,53.90,15,7,Repeat
3728,1154,2025-05-20,2025-05-01,delivered,Midlands,3,6,19.45,0.00,3.95,23.40,16,32,Repeat
3729,1154,2025-06-12,2025-06-01,delivered,Midlands,1,2,7.60,0.00,3.95,11.55,17,23,Repeat
3730,1154,2025-07-06,2025-07-01,delivered,Midlands,2,3,7.90,0.79,3.95,11.06,18,24,Repeat
3731,1154,2025-07-30,2025-07-01,delivered,Midlands,3,5,23.00,0.27,3.95,26.68,19,24,Repeat
3732,1154,2025-08-10,2025-08-01,delivered,Midlands,1,1,12.50,0.00,3.95,16.45,20,11,Repeat
3733,1154,2025-08-31,2025-08-01,delivered,Midlands,4,6,31.55,0.50,0.00,31.05,21,21,Repeat
3734,1154,2025-09-09,2025-09-01,delivered,Midlands,6,12,70.40,1.04,0.00,69.36,22,9,Repeat
3735,1154,2025-10-04,2025-10-01,delivered,Midlands,4,4,16.00,0.00,3.95,19.95,23,25,Repeat
3736,1154,2025-10-26,2025-10-01,delivered,Midlands,4,8,23.55,3.72,3.95,23.78,24,22,Repeat
3737,1154,2025-12-10,2025-12-01,delivered,Midlands,2,2,18.35,0.00,3.95,22.30,25,45,Repeat
3738,1155,2025-07-29,2025-07-01,delivered,South East,1,1,2.85,0.29,3.95,6.52,1,,New
3739,1156,2024-06-17,2024-06-01,delivered,London,3,3,5.90,0.23,3.95,9.62,1,,New
3741,1156,2025-09-03,2025-09-01,delivered,London,2,3,13.35,0.00,3.95,17.30,3,428,Repeat
3742,1157,2024-11-07,2024-11-01,delivered,South East,2,2,26.14,0.00,0.00,26.14,1,,New
3743,1158,2025-06-02,2025-06-01,delivered,Midlands,4,5,17.50,0.00,3.95,21.45,1,,New
3744,1158,2025-06-06,2025-06-01,delivered,Midlands,4,6,23.90,0.00,3.95,27.85,2,4,Repeat
3745,1158,2025-10-10,2025-10-01,delivered,Midlands,3,6,38.20,0.00,0.00,38.20,3,126,Repeat
3746,1158,2025-10-11,2025-10-01,delivered,Midlands,4,5,23.85,0.00,3.95,27.80,4,1,Repeat
3747,1159,2024-10-04,2024-10-01,delivered,South East,2,4,25.08,0.00,0.00,25.08,1,,New
3748,1159,2024-12-19,2024-12-01,delivered,South East,2,8,28.56,6.19,3.95,26.32,2,76,Repeat
3749,1160,2024-01-15,2024-01-01,delivered,London,2,2,13.76,0.00,3.95,17.71,1,,New
3750,1160,2024-03-02,2024-03-01,delivered,London,2,3,8.42,0.00,3.95,12.37,2,47,Repeat
3751,1160,2024-04-04,2024-04-01,delivered,South East,4,5,11.42,0.00,3.95,15.37,3,33,Repeat
3752,1160,2024-09-11,2024-09-01,delivered,London,6,7,23.38,0.50,3.95,26.83,4,160,Repeat
3753,1160,2025-03-22,2025-03-01,delivered,London,1,2,5.70,0.00,3.95,9.65,5,192,Repeat
3754,1160,2025-05-06,2025-05-01,delivered,London,4,7,12.20,0.00,3.95,16.15,6,45,Repeat
3756,1160,2025-10-22,2025-10-01,delivered,London,1,4,10.80,2.16,3.95,12.59,8,18,Repeat
3757,1161,2025-03-17,2025-03-01,delivered,London,1,3,7.80,0.00,3.95,11.75,1,,New
3758,1161,2025-10-03,2025-10-01,delivered,London,2,2,13.80,0.00,3.95,17.75,2,200,Repeat
3759,1162,2024-02-24,2024-02-01,delivered,London,3,5,13.89,0.00,3.95,17.84,1,,New
3760,1162,2025-01-29,2025-01-01,delivered,London,3,4,10.55,0.00,3.95,14.50,2,340,Repeat
3761,1163,2025-08-14,2025-08-01,delivered,North West,5,10,20.40,1.19,3.95,23.17,1,,New
3762,1164,2025-05-17,2025-05-01,delivered,London,1,1,2.60,0.00,3.95,6.55,1,,New
3763,1165,2024-09-29,2024-09-01,delivered,South East,3,4,21.13,0.00,3.95,25.08,1,,New
3764,1165,2024-10-30,2024-10-01,delivered,South East,6,11,62.68,2.83,0.00,59.85,2,31,Repeat
3765,1165,2025-08-02,2025-08-01,delivered,South East,1,2,6.40,0.00,3.95,10.35,3,276,Repeat
3766,1165,2025-08-16,2025-08-01,delivered,South East,3,6,20.35,1.19,3.95,23.12,4,14,Repeat
3767,1165,2025-12-31,2025-12-01,delivered,South East,2,3,10.20,0.00,3.95,14.15,5,137,Repeat
3768,1166,2025-10-01,2025-10-01,delivered,South East,3,5,17.45,0.00,3.95,21.40,1,,New
3769,1167,2024-11-07,2024-11-01,delivered,London,2,5,13.53,0.00,3.95,17.48,1,,New
3771,1167,2025-04-24,2025-04-01,delivered,London,3,5,34.55,0.00,0.00,34.55,3,147,Repeat
3772,1167,2025-06-22,2025-06-01,delivered,London,3,4,10.80,0.25,3.95,14.50,4,59,Repeat
3773,1167,2025-06-30,2025-06-01,delivered,London,2,2,6.95,0.27,3.95,10.63,5,8,Repeat
3774,1167,2025-09-18,2025-09-01,delivered,London,1,1,2.70,0.00,3.95,6.65,6,80,Repeat
3775,1167,2025-09-29,2025-09-01,delivered,London,5,9,36.60,0.00,0.00,36.60,7,11,Repeat
3776,1167,2025-11-08,2025-11-01,delivered,London,2,5,25.75,0.00,0.00,25.75,8,40,Repeat
3777,1167,2025-11-10,2025-11-01,delivered,London,3,3,13.05,0.00,3.95,17.00,9,2,Repeat
3778,1167,2025-12-18,2025-12-01,delivered,London,5,10,32.20,4.11,0.00,28.09,10,38,Repeat
3779,1168,2024-03-19,2024-03-01,delivered,London,2,3,7.62,0.00,3.95,11.57,1,,New
3780,1168,2025-10-11,2025-10-01,delivered,London,2,5,12.40,0.00,3.95,16.35,2,571,Repeat
3781,1169,2025-10-14,2025-10-01,delivered,North West,2,3,7.50,0.00,3.95,11.45,1,,New
3782,1170,2024-12-29,2024-12-01,delivered,South East,3,5,27.09,0.00,0.00,27.09,1,,New
3783,1170,2025-10-26,2025-10-01,delivered,South East,2,2,6.60,0.57,3.95,9.98,2,301,Repeat
3784,1171,2025-09-06,2025-09-01,delivered,Midlands,1,1,1.20,0.00,3.95,5.15,1,,New
3785,1172,2025-10-28,2025-10-01,delivered,London,1,1,2.95,0.00,3.95,6.90,1,,New
3786,1173,2024-07-29,2024-07-01,delivered,London,5,7,23.48,0.92,3.95,26.51,1,,New
3787,1173,2024-09-10,2024-09-01,delivered,London,1,3,8.13,0.00,3.95,12.08,2,43,Repeat
3788,1173,2024-11-15,2024-11-01,delivered,London,1,4,9.92,0.00,3.95,13.87,3,66,Repeat
3789,1173,2024-11-21,2024-11-01,delivered,London,1,1,4.52,0.00,3.95,8.47,4,6,Repeat
3790,1173,2025-10-16,2025-10-01,delivered,London,2,2,5.45,0.57,3.95,8.83,5,329,Repeat
3791,1173,2025-11-14,2025-11-01,delivered,London,2,3,15.85,0.00,3.95,19.80,6,29,Repeat
3792,1173,2025-12-07,2025-12-01,delivered,London,4,7,29.30,4.39,3.95,28.86,7,23,Repeat
3793,1173,2025-12-21,2025-12-01,delivered,London,6,10,32.15,3.73,0.00,28.43,8,14,Repeat
3794,1174,2025-12-27,2025-12-01,delivered,North West,3,4,25.20,0.00,0.00,25.20,1,,New
3795,1175,2024-08-01,2024-08-01,delivered,Yorkshire,2,2,5.19,0.00,3.95,9.14,1,,New
3796,1175,2024-11-05,2024-11-01,delivered,Yorkshire,1,1,6.19,0.00,3.95,10.14,2,96,Repeat
3797,1175,2024-11-23,2024-11-01,delivered,Yorkshire,2,4,14.90,0.00,3.95,18.85,3,18,Repeat
3798,1175,2025-01-26,2025-01-01,delivered,Yorkshire,1,1,15.95,0.00,3.95,19.90,4,64,Repeat
3799,1175,2025-03-20,2025-03-01,delivered,Yorkshire,3,4,20.40,0.00,3.95,24.35,5,53,Repeat
3800,1175,2025-10-27,2025-10-01,delivered,Yorkshire,3,5,20.30,0.57,3.95,23.68,6,221,Repeat
3801,1175,2025-12-04,2025-12-01,delivered,Yorkshire,1,2,9.00,2.25,3.95,10.70,7,38,Repeat
3802,1175,2025-12-08,2025-12-01,delivered,Yorkshire,2,5,13.55,0.00,3.95,17.50,8,4,Repeat
3805,1176,2024-07-20,2024-07-01,delivered,Midlands,3,4,5.89,0.23,3.95,9.61,2,0,Repeat
3806,1176,2024-07-25,2024-07-01,delivered,Midlands,4,6,11.32,0.11,3.95,15.17,3,5,Repeat
3807,1176,2024-11-11,2024-11-01,delivered,Midlands,3,6,47.57,0.00,0.00,47.57,4,109,Repeat
3808,1176,2025-02-18,2025-02-01,delivered,Midlands,1,3,11.25,0.00,3.95,15.20,5,99,Repeat
3809,1176,2025-04-23,2025-04-01,delivered,Midlands,5,9,26.70,0.00,0.00,26.70,6,64,Repeat
3810,1176,2025-11-13,2025-11-01,delivered,Midlands,5,7,46.35,0.00,0.00,46.35,7,204,Repeat
3811,1176,2025-12-16,2025-12-01,delivered,Midlands,3,6,36.05,0.00,0.00,36.05,8,33,Repeat
3813,1177,2025-06-29,2025-06-01,delivered,Midlands,1,1,1.20,0.00,3.95,5.15,2,195,Repeat
3814,1177,2025-12-01,2025-12-01,delivered,Midlands,4,5,21.50,2.43,3.95,23.03,3,155,Repeat
3815,1178,2025-12-29,2025-12-01,delivered,North West,1,2,27.00,0.00,0.00,27.00,1,,New
3816,1179,2025-08-13,2025-08-01,delivered,Midlands,2,2,14.10,0.00,3.95,18.05,1,,New
3817,1180,2024-08-05,2024-08-01,delivered,South East,1,1,2.95,0.00,3.95,6.90,1,,New
3818,1180,2024-08-22,2024-08-01,delivered,South East,5,8,18.93,1.44,3.95,21.44,2,17,Repeat
3819,1181,2025-11-14,2025-11-01,delivered,London,6,10,43.10,0.00,0.00,43.10,1,,New
3820,1182,2025-02-27,2025-02-01,delivered,Scotland,1,1,3.75,0.00,3.95,7.70,1,,New
3821,1182,2025-05-08,2025-05-01,delivered,Scotland,2,2,6.40,0.00,3.95,10.35,2,70,Repeat
3822,1183,2024-09-02,2024-09-01,delivered,London,1,4,24.76,0.00,3.95,28.71,1,,New
3824,1183,2025-12-14,2025-12-01,delivered,London,1,1,3.95,0.00,3.95,7.90,3,17,Repeat
3825,1183,2025-12-27,2025-12-01,delivered,London,2,2,22.90,0.00,3.95,26.85,4,13,Repeat
3826,1184,2025-10-14,2025-10-01,delivered,South East,5,6,31.40,0.00,0.00,31.40,1,,New
3827,1185,2024-02-13,2024-02-01,delivered,London,1,1,2.81,0.00,3.95,6.76,1,,New
3828,1185,2024-02-29,2024-02-01,delivered,London,5,8,30.89,0.00,0.00,30.89,2,16,Repeat
3829,1185,2024-03-02,2024-03-01,delivered,London,4,4,18.29,0.00,3.95,22.24,3,2,Repeat
3830,1185,2024-08-07,2024-08-01,delivered,London,2,2,14.85,0.00,3.95,18.80,4,158,Repeat
3832,1185,2024-09-01,2024-09-01,delivered,London,1,1,4.05,0.00,3.95,8.00,6,0,Repeat
3833,1185,2024-10-06,2024-10-01,delivered,London,2,5,13.42,0.00,3.95,17.37,7,35,Repeat
3834,1185,2024-11-12,2024-11-01,delivered,London,2,5,15.52,0.00,3.95,19.47,8,37,Repeat
3836,1185,2024-12-02,2024-12-01,delivered,Scotland,3,3,22.52,0.70,3.95,25.77,10,19,Repeat
3837,1185,2024-12-27,2024-12-01,delivered,London,5,9,31.70,0.00,0.00,31.70,11,25,Repeat
3838,1185,2025-02-02,2025-02-01,delivered,London,2,5,19.15,0.96,3.95,22.14,12,37,Repeat
3839,1185,2025-02-25,2025-02-01,delivered,London,1,1,2.95,0.00,3.95,6.90,13,23,Repeat
3840,1185,2025-02-26,2025-02-01,delivered,London,3,7,21.20,0.00,3.95,25.15,14,1,Repeat
3841,1185,2025-03-11,2025-03-01,delivered,London,4,6,16.30,0.00,3.95,20.25,15,13,Repeat
3842,1185,2025-03-27,2025-03-01,delivered,Scotland,5,10,51.05,0.96,0.00,50.09,16,16,Repeat
3843,1185,2025-04-05,2025-04-01,delivered,London,2,2,9.35,0.98,3.95,12.33,17,9,Repeat
3844,1185,2025-04-20,2025-04-01,delivered,London,2,5,26.30,0.00,0.00,26.30,18,15,Repeat
3845,1185,2025-06-13,2025-06-01,delivered,London,2,5,14.00,0.00,3.95,17.95,19,54,Repeat
3846,1185,2025-07-10,2025-07-01,delivered,Scotland,3,7,20.95,0.66,3.95,24.24,20,27,Repeat
3847,1185,2025-07-19,2025-07-01,delivered,London,4,7,20.70,0.57,3.95,24.08,21,9,Repeat
3848,1185,2025-08-23,2025-08-01,delivered,London,1,2,18.40,0.00,3.95,22.35,22,35,Repeat
3850,1185,2025-09-12,2025-09-01,delivered,Scotland,2,2,5.65,0.00,3.95,9.60,24,9,Repeat
3851,1185,2025-10-05,2025-10-01,delivered,London,3,8,34.20,0.00,0.00,34.20,25,23,Repeat
3852,1185,2025-10-17,2025-10-01,delivered,London,2,3,14.30,0.00,3.95,18.25,26,12,Repeat
3853,1185,2025-12-09,2025-12-01,delivered,London,1,1,4.50,1.13,3.95,7.33,27,53,Repeat
3854,1186,2024-09-28,2024-09-01,delivered,London,4,12,34.16,0.00,0.00,34.16,1,,New
3855,1186,2024-10-28,2024-10-01,delivered,London,4,8,31.36,5.03,0.00,26.33,2,30,Repeat
3856,1186,2025-02-06,2025-02-01,delivered,London,1,2,13.00,1.95,3.95,15.00,3,101,Repeat
3857,1186,2025-03-21,2025-03-01,delivered,London,1,1,4.50,0.00,3.95,8.45,4,43,Repeat
3858,1186,2025-05-12,2025-05-01,delivered,London,2,3,7.45,0.00,3.95,11.40,5,52,Repeat
3859,1186,2025-08-09,2025-08-01,delivered,London,2,6,14.80,0.20,3.95,18.55,6,89,Repeat
3860,1187,2025-10-28,2025-10-01,delivered,South East,1,4,14.00,0.00,3.95,17.95,1,,New
3861,1188,2025-08-15,2025-08-01,delivered,North West,2,3,11.70,0.00,3.95,15.65,1,,New
3862,1188,2025-12-19,2025-12-01,delivered,North West,2,4,18.25,4.56,3.95,17.64,2,126,Repeat
3863,1189,2024-09-19,2024-09-01,delivered,South East,1,1,2.48,0.25,3.95,6.18,1,,New
3864,1190,2024-06-14,2024-06-01,delivered,North West,3,4,15.95,0.00,3.95,19.90,1,,New
3865,1190,2025-08-31,2025-08-01,delivered,North West,5,7,22.55,0.00,3.95,26.50,2,443,Repeat
3866,1191,2025-01-06,2025-01-01,delivered,North West,2,4,23.75,0.00,3.95,27.70,1,,New
3867,1191,2025-01-20,2025-01-01,delivered,North West,1,3,8.25,0.00,3.95,12.20,2,14,Repeat
3868,1191,2025-05-03,2025-05-01,delivered,North West,1,1,8.40,0.00,3.95,12.35,3,103,Repeat
3869,1191,2025-05-25,2025-05-01,delivered,North West,1,1,2.95,0.00,3.95,6.90,4,22,Repeat
3870,1191,2025-06-12,2025-06-01,delivered,North West,1,2,5.20,0.00,3.95,9.15,5,18,Repeat
3871,1191,2025-07-05,2025-07-01,delivered,North West,4,6,29.15,0.00,0.00,29.15,6,23,Repeat
3872,1191,2025-09-05,2025-09-01,delivered,Scotland,3,4,11.25,0.26,3.95,14.94,7,62,Repeat
3873,1191,2025-09-07,2025-09-01,delivered,North West,3,4,7.20,0.50,3.95,10.65,8,2,Repeat
3874,1191,2025-11-07,2025-11-01,delivered,North West,2,5,24.50,0.00,3.95,28.45,9,61,Repeat
3875,1191,2025-11-21,2025-11-01,delivered,North West,3,7,35.80,0.00,0.00,35.80,10,14,Repeat
3876,1191,2025-11-23,2025-11-01,delivered,North West,3,4,22.45,0.00,3.95,26.40,11,2,Repeat
3877,1191,2025-11-25,2025-11-01,delivered,Scotland,2,2,14.75,0.00,3.95,18.70,12,2,Repeat
3878,1191,2025-11-30,2025-11-01,delivered,North West,6,7,53.40,0.00,0.00,53.40,13,5,Repeat
3879,1191,2025-12-17,2025-12-01,delivered,Scotland,5,10,37.05,3.20,0.00,33.85,14,17,Repeat
3880,1191,2025-12-25,2025-12-01,delivered,Scotland,2,2,5.00,0.00,3.95,8.95,15,8,Repeat
3881,1192,2025-04-10,2025-04-01,delivered,North West,3,3,22.05,0.00,3.95,26.00,1,,New
3882,1193,2024-01-05,2024-01-01,delivered,London,3,7,36.63,0.00,0.00,36.63,1,,New
3883,1193,2024-01-25,2024-01-01,delivered,London,2,3,9.47,0.00,3.95,13.42,2,20,Repeat
3884,1193,2024-03-16,2024-03-01,delivered,London,5,6,19.81,0.00,3.95,23.76,3,51,Repeat
3885,1193,2024-03-28,2024-03-01,delivered,London,1,1,2.76,0.00,3.95,6.71,4,12,Repeat
3886,1193,2024-04-16,2024-04-01,delivered,London,1,1,1.14,0.00,3.95,5.09,5,19,Repeat
3887,1193,2024-04-27,2024-04-01,delivered,London,5,7,12.03,0.00,3.95,15.98,6,11,Repeat
3888,1193,2024-06-23,2024-06-01,delivered,London,2,6,17.14,0.21,3.95,20.88,7,57,Repeat
3889,1193,2024-09-07,2024-09-01,delivered,London,5,7,23.35,0.50,3.95,26.80,8,76,Repeat
3890,1193,2024-10-04,2024-10-01,delivered,London,4,7,20.71,0.00,3.95,24.66,9,27,Repeat
3891,1193,2024-10-31,2024-10-01,delivered,London,2,5,10.21,0.00,3.95,14.16,10,27,Repeat
3892,1193,2024-12-01,2024-12-01,delivered,London,3,5,21.58,1.66,3.95,23.88,11,31,Repeat
3893,1193,2024-12-23,2024-12-01,delivered,London,2,2,7.14,0.00,3.95,11.09,12,22,Repeat
3894,1193,2025-02-21,2025-02-01,delivered,London,1,3,7.50,0.00,3.95,11.45,13,60,Repeat
3895,1193,2025-03-29,2025-03-01,delivered,London,2,7,22.20,0.00,3.95,26.15,14,36,Repeat
3896,1193,2025-04-10,2025-04-01,delivered,London,3,4,24.00,0.00,3.95,27.95,15,12,Repeat
3897,1193,2025-04-16,2025-04-01,delivered,London,3,6,21.30,0.00,3.95,25.25,16,6,Repeat
3899,1193,2025-06-27,2025-06-01,delivered,London,2,5,13.25,0.29,3.95,16.92,18,35,Repeat
3900,1193,2025-07-05,2025-07-01,delivered,London,3,3,6.55,0.40,3.95,10.11,19,8,Repeat
3901,1193,2025-08-26,2025-08-01,delivered,London,1,3,3.00,0.30,3.95,6.65,20,52,Repeat
3902,1193,2025-09-05,2025-09-01,delivered,London,3,3,9.20,0.00,3.95,13.15,21,10,Repeat
3903,1193,2025-10-14,2025-10-01,delivered,London,2,6,16.20,0.00,3.95,20.15,22,39,Repeat
3905,1193,2025-10-29,2025-10-01,delivered,London,2,4,11.40,0.00,3.95,15.35,24,6,Repeat
3906,1193,2025-11-15,2025-11-01,delivered,London,1,3,8.85,0.00,3.95,12.80,25,17,Repeat
3907,1193,2025-11-20,2025-11-01,delivered,London,5,9,28.40,0.00,0.00,28.40,26,5,Repeat
3908,1193,2025-12-14,2025-12-01,delivered,London,1,2,13.90,0.00,3.95,17.85,27,24,Repeat
3909,1194,2024-12-27,2024-12-01,delivered,South East,3,5,34.68,0.00,0.00,34.68,1,,New
3910,1194,2025-02-02,2025-02-01,delivered,South East,3,3,13.10,1.46,3.95,15.60,2,37,Repeat
3911,1194,2025-03-15,2025-03-01,delivered,South East,1,1,4.25,0.00,3.95,8.20,3,41,Repeat
3912,1194,2025-06-30,2025-06-01,delivered,South East,2,2,4.80,0.10,3.95,8.65,4,107,Repeat
3914,1194,2025-08-19,2025-08-01,delivered,South East,3,4,13.60,0.25,3.95,17.30,6,26,Repeat
3915,1195,2025-11-16,2025-11-01,delivered,London,4,5,15.45,0.00,3.95,19.40,1,,New
3916,1196,2025-12-18,2025-12-01,delivered,Yorkshire,2,2,10.70,0.94,3.95,13.71,1,,New
3917,1197,2025-09-01,2025-09-01,delivered,North West,3,5,17.15,0.30,3.95,20.81,1,,New
3918,1198,2025-02-09,2025-02-01,delivered,South East,4,5,50.10,0.56,0.00,49.54,1,,New
3919,1198,2025-02-21,2025-02-01,delivered,South East,1,1,15.95,0.00,3.95,19.90,2,12,Repeat
3920,1198,2025-03-22,2025-03-01,delivered,South East,2,5,21.80,0.00,3.95,25.75,3,29,Repeat
3921,1198,2025-05-12,2025-05-01,delivered,South East,5,10,30.55,0.00,0.00,30.55,4,51,Repeat
3924,1199,2024-08-17,2024-08-01,delivered,Yorkshire,2,2,5.10,0.23,3.95,8.82,2,226,Repeat
3925,1199,2025-11-12,2025-11-01,delivered,Yorkshire,3,6,15.55,0.00,3.95,19.50,3,452,Repeat
3926,1199,2025-11-19,2025-11-01,delivered,Yorkshire,1,1,1.20,0.00,3.95,5.15,4,7,Repeat
3927,1200,2024-05-09,2024-05-01,delivered,London,2,5,23.17,0.00,3.95,27.12,1,,New
3928,1200,2025-11-18,2025-11-01,delivered,London,1,2,5.80,0.00,3.95,9.75,2,558,Repeat
